step,t,phi_body,Q_body,I_emit,I_body,I_escape,I_amb_e,I_amb_i,F_beam_N,F_beam_y_N,F_net_N,F_lorentz_z_N,F_lorentz_y_N,F_lorentz_beam_z_N,F_thrust_N,pct_body,pct_escape,pct_inflight,beam_escape_KE_mean
100,3.670877e-09,-2.703626e-02,-1.604775e-14,0.000000e+00,0.000000e+00,0.000000e+00,4.558045e-06,1.864050e-07,0.000000e+00,0.000000e+00,1.658962e-13,0.000000e+00,0.000000e+00,0.000000e+00,0.000000e+00,0.0000,0.0000,100.0000,nan
200,7.341753e-09,-5.324908e-02,-3.160674e-14,0.000000e+00,0.000000e+00,0.000000e+00,4.460404e-06,2.219107e-07,0.000000e+00,0.000000e+00,-5.764658e-13,0.000000e+00,0.000000e+00,0.000000e+00,0.000000e+00,0.0000,0.0000,100.0000,nan
300,1.101263e-08,-7.614070e-02,-4.519438e-14,0.000000e+00,0.000000e+00,0.000000e+00,3.972201e-06,2.707310e-07,0.000000e+00,0.000000e+00,-2.353712e-13,0.000000e+00,0.000000e+00,0.000000e+00,0.000000e+00,0.0000,0.0000,100.0000,nan
400,1.468351e-08,-9.705606e-02,-5.760898e-14,0.000000e+00,0.000000e+00,0.000000e+00,3.599391e-06,2.174725e-07,0.000000e+00,0.000000e+00,1.276933e-12,0.000000e+00,0.000000e+00,0.000000e+00,0.000000e+00,0.0000,0.0000,100.0000,nan
500,1.835438e-08,-1.158579e-01,-6.876910e-14,0.000000e+00,0.000000e+00,0.000000e+00,3.244334e-06,2.041578e-07,0.000000e+00,0.000000e+00,-1.794669e-13,0.000000e+00,0.000000e+00,0.000000e+00,0.000000e+00,0.0000,0.0000,100.0000,nan
600,2.202526e-08,-1.341108e-01,-7.960336e-14,0.000000e+00,0.000000e+00,0.000000e+00,3.137817e-06,1.864050e-07,0.000000e+00,0.000000e+00,-2.562419e-13,0.000000e+00,0.000000e+00,0.000000e+00,0.000000e+00,0.0000,0.0000,100.0000,nan
700,2.569614e-08,-1.473133e-01,-8.743988e-14,0.000000e+00,0.000000e+00,0.000000e+00,2.285680e-06,1.508993e-07,0.000000e+00,0.000000e+00,-4.563081e-13,0.000000e+00,0.000000e+00,0.000000e+00,0.000000e+00,0.0000,0.0000,100.0000,nan
800,2.936701e-08,-1.588964e-01,-9.431516e-14,0.000000e+00,0.000000e+00,0.000000e+00,2.068207e-06,1.952814e-07,0.000000e+00,0.000000e+00,5.194980e-13,0.000000e+00,0.000000e+00,0.000000e+00,0.000000e+00,0.0000,0.0000,100.0000,nan
900,3.303789e-08,-1.691345e-01,-1.003921e-13,0.000000e+00,0.000000e+00,0.000000e+00,1.868488e-06,2.130342e-07,0.000000e+00,0.000000e+00,5.147518e-13,0.000000e+00,0.000000e+00,0.000000e+00,0.000000e+00,0.0000,0.0000,100.0000,nan
1000,3.670877e-08,-1.775884e-01,-1.054101e-13,0.000000e+00,0.000000e+00,0.000000e+00,1.606633e-06,2.396635e-07,0.000000e+00,0.000000e+00,-2.316042e-13,0.000000e+00,0.000000e+00,0.000000e+00,0.000000e+00,0.0000,0.0000,100.0000,nan
1100,4.037964e-08,-1.854660e-01,-1.100859e-13,0.000000e+00,0.000000e+00,0.000000e+00,1.451296e-06,1.775285e-07,0.000000e+00,0.000000e+00,-1.605414e-13,0.000000e+00,0.000000e+00,0.000000e+00,0.000000e+00,0.0000,0.0000,100.0000,nan
1200,4.405052e-08,-1.909007e-01,-1.133118e-13,0.000000e+00,0.000000e+00,0.000000e+00,1.113992e-06,2.352253e-07,0.000000e+00,0.000000e+00,-3.817579e-13,0.000000e+00,0.000000e+00,0.000000e+00,0.000000e+00,0.0000,0.0000,100.0000,nan
1300,4.772140e-08,-1.957864e-01,-1.162118e-13,0.000000e+00,0.000000e+00,0.000000e+00,1.025227e-06,2.352253e-07,0.000000e+00,0.000000e+00,2.307032e-13,0.000000e+00,0.000000e+00,0.000000e+00,0.000000e+00,0.0000,0.0000,100.0000,nan
1400,5.139227e-08,-1.996841e-01,-1.185253e-13,0.000000e+00,0.000000e+00,0.000000e+00,8.343841e-07,2.041578e-07,0.000000e+00,0.000000e+00,-2.278888e-13,0.000000e+00,0.000000e+00,0.000000e+00,0.000000e+00,0.0000,0.0000,100.0000,nan
1500,5.506315e-08,-2.031425e-01,-1.205781e-13,0.000000e+00,0.000000e+00,0.000000e+00,7.855638e-07,2.263489e-07,0.000000e+00,0.000000e+00,-1.860892e-13,0.000000e+00,0.000000e+00,0.000000e+00,0.000000e+00,0.0000,0.0000,100.0000,nan
1600,5.873403e-08,-2.052285e-01,-1.218163e-13,0.000000e+00,0.000000e+00,0.000000e+00,6.612938e-07,3.239896e-07,0.000000e+00,0.000000e+00,-2.050696e-14,0.000000e+00,0.000000e+00,0.000000e+00,0.000000e+00,0.0000,0.0000,100.0000,nan
1700,6.240490e-08,-2.080282e-01,-1.234781e-13,0.000000e+00,0.000000e+00,0.000000e+00,6.612938e-07,2.085960e-07,0.000000e+00,0.000000e+00,-2.134088e-13,0.000000e+00,0.000000e+00,0.000000e+00,0.000000e+00,0.0000,0.0000,100.0000,nan
1800,6.607578e-08,-2.112671e-01,-1.254006e-13,0.000000e+00,0.000000e+00,0.000000e+00,6.967995e-07,1.730903e-07,0.000000e+00,0.000000e+00,4.968178e-13,0.000000e+00,0.000000e+00,0.000000e+00,0.000000e+00,0.0000,0.0000,100.0000,nan
1900,6.974666e-08,-2.132434e-01,-1.265736e-13,0.000000e+00,0.000000e+00,0.000000e+00,5.769677e-07,2.574164e-07,0.000000e+00,0.000000e+00,-2.842270e-13,0.000000e+00,0.000000e+00,0.000000e+00,0.000000e+00,0.0000,0.0000,100.0000,nan
2000,7.341753e-08,-2.146981e-01,-1.274371e-13,0.000000e+00,0.000000e+00,0.000000e+00,5.015181e-07,2.662928e-07,0.000000e+00,0.000000e+00,-1.311209e-13,0.000000e+00,0.000000e+00,0.000000e+00,0.000000e+00,0.0000,0.0000,100.0000,nan
2100,7.708841e-08,-2.154666e-01,-1.278932e-13,0.000000e+00,0.000000e+00,0.000000e+00,4.393831e-07,3.151131e-07,0.000000e+00,0.000000e+00,-6.002284e-13,0.000000e+00,0.000000e+00,0.000000e+00,0.000000e+00,0.0000,0.0000,100.0000,nan
2200,8.075929e-08,-2.161528e-01,-1.283006e-13,0.000000e+00,0.000000e+00,0.000000e+00,4.482595e-07,3.373042e-07,0.000000e+00,0.000000e+00,5.717128e-14,0.000000e+00,0.000000e+00,0.000000e+00,0.000000e+00,0.0000,0.0000,100.0000,nan
2300,8.443016e-08,-2.171135e-01,-1.288708e-13,0.000000e+00,0.000000e+00,0.000000e+00,4.882035e-07,3.328660e-07,0.000000e+00,0.000000e+00,1.352855e-12,0.000000e+00,0.000000e+00,0.000000e+00,0.000000e+00,0.0000,0.0000,100.0000,nan
2400,8.810104e-08,-2.181291e-01,-1.294736e-13,0.000000e+00,0.000000e+00,0.000000e+00,4.837652e-07,3.195514e-07,0.000000e+00,0.000000e+00,-8.218627e-13,0.000000e+00,0.000000e+00,0.000000e+00,0.000000e+00,0.0000,0.0000,100.0000,nan
2500,9.177192e-08,-2.188427e-01,-1.298972e-13,0.000000e+00,0.000000e+00,0.000000e+00,4.438213e-07,3.284278e-07,0.000000e+00,0.000000e+00,-3.686458e-14,0.000000e+00,0.000000e+00,0.000000e+00,0.000000e+00,0.0000,0.0000,100.0000,nan
2600,9.544279e-08,-2.200779e-01,-1.306303e-13,0.000000e+00,0.000000e+00,0.000000e+00,5.148327e-07,3.151131e-07,0.000000e+00,0.000000e+00,-8.428238e-13,0.000000e+00,0.000000e+00,0.000000e+00,0.000000e+00,0.0000,0.0000,100.0000,nan
2700,9.911367e-08,-2.212033e-01,-1.312983e-13,0.000000e+00,0.000000e+00,0.000000e+00,5.680913e-07,3.861246e-07,0.000000e+00,0.000000e+00,-1.083735e-12,0.000000e+00,0.000000e+00,0.000000e+00,0.000000e+00,0.0000,0.0000,100.0000,nan
2800,1.027845e-07,-2.232070e-01,-1.324876e-13,0.000000e+00,0.000000e+00,0.000000e+00,6.568556e-07,3.328660e-07,0.000000e+00,0.000000e+00,1.245629e-12,0.000000e+00,0.000000e+00,0.000000e+00,0.000000e+00,0.0000,0.0000,100.0000,nan
2900,1.064554e-07,-2.244970e-01,-1.332534e-13,0.000000e+00,0.000000e+00,0.000000e+00,5.680913e-07,3.594953e-07,0.000000e+00,0.000000e+00,8.672463e-14,0.000000e+00,0.000000e+00,0.000000e+00,0.000000e+00,0.0000,0.0000,100.0000,nan
3000,1.101263e-07,-2.258145e-01,-1.340354e-13,0.000000e+00,0.000000e+00,0.000000e+00,6.124734e-07,3.994392e-07,0.000000e+00,0.000000e+00,-1.080779e-13,0.000000e+00,0.000000e+00,0.000000e+00,0.000000e+00,0.0000,0.0000,100.0000,nan
3100,1.137972e-07,-2.278182e-01,-1.352247e-13,0.000000e+00,0.000000e+00,0.000000e+00,6.879231e-07,3.639335e-07,0.000000e+00,0.000000e+00,-2.206395e-12,0.000000e+00,0.000000e+00,0.000000e+00,0.000000e+00,0.0000,0.0000,100.0000,nan
3200,1.174681e-07,-2.303160e-01,-1.367073e-13,0.000000e+00,0.000000e+00,0.000000e+00,7.855638e-07,3.816863e-07,0.000000e+00,0.000000e+00,-2.158620e-12,0.000000e+00,0.000000e+00,0.000000e+00,0.000000e+00,0.0000,0.0000,100.0000,nan
3300,1.211389e-07,-2.328961e-01,-1.382388e-13,0.000000e+00,0.000000e+00,0.000000e+00,7.678109e-07,3.506188e-07,0.000000e+00,0.000000e+00,2.830713e-13,0.000000e+00,0.000000e+00,0.000000e+00,0.000000e+00,0.0000,0.0000,100.0000,nan
3400,1.248098e-07,-2.357507e-01,-1.399331e-13,0.000000e+00,0.000000e+00,0.000000e+00,8.476987e-07,3.861246e-07,0.000000e+00,0.000000e+00,1.655482e-12,0.000000e+00,0.000000e+00,0.000000e+00,0.000000e+00,0.0000,0.0000,100.0000,nan
3500,1.284807e-07,-2.375074e-01,-1.409758e-13,0.000000e+00,0.000000e+00,0.000000e+00,7.012377e-07,4.171920e-07,0.000000e+00,0.000000e+00,2.104078e-13,0.000000e+00,0.000000e+00,0.000000e+00,0.000000e+00,0.0000,0.0000,100.0000,nan
3600,1.321516e-07,-2.402796e-01,-1.426213e-13,0.000000e+00,0.000000e+00,0.000000e+00,8.077548e-07,3.594953e-07,0.000000e+00,0.000000e+00,-4.515910e-13,0.000000e+00,0.000000e+00,0.000000e+00,0.000000e+00,0.0000,0.0000,100.0000,nan
3700,1.358224e-07,-2.420088e-01,-1.436477e-13,0.000000e+00,0.000000e+00,0.000000e+00,6.923613e-07,4.127538e-07,0.000000e+00,0.000000e+00,3.633575e-15,0.000000e+00,0.000000e+00,0.000000e+00,0.000000e+00,0.0000,0.0000,100.0000,nan
3800,1.394933e-07,-2.439576e-01,-1.448045e-13,0.000000e+00,0.000000e+00,0.000000e+00,7.411816e-07,4.260685e-07,0.000000e+00,0.000000e+00,-1.080171e-12,0.000000e+00,0.000000e+00,0.000000e+00,0.000000e+00,0.0000,0.0000,100.0000,nan
3900,1.431642e-07,-2.463182e-01,-1.462056e-13,0.000000e+00,0.000000e+00,0.000000e+00,7.944402e-07,4.127538e-07,0.000000e+00,0.000000e+00,-8.921295e-13,0.000000e+00,0.000000e+00,0.000000e+00,0.000000e+00,0.0000,0.0000,100.0000,nan
4000,1.468351e-07,-2.484317e-01,-1.474601e-13,0.000000e+00,0.000000e+00,0.000000e+00,8.610134e-07,5.192710e-07,0.000000e+00,0.000000e+00,-5.004145e-13,0.000000e+00,0.000000e+00,0.000000e+00,0.000000e+00,0.0000,0.0000,100.0000,nan
4100,1.505059e-07,4.479400e-02,2.658811e-14,4.765736e-05,0.000000e+00,0.000000e+00,6.879231e-07,4.438213e-07,0.000000e+00,0.000000e+00,-8.846683e-13,0.000000e+00,0.000000e+00,0.000000e+00,0.000000e+00,0.0000,0.0000,100.0000,nan
4200,1.541768e-07,2.170283e+00,1.288202e-12,3.445784e-04,0.000000e+00,0.000000e+00,1.415790e-06,5.192710e-07,0.000000e+00,0.000000e+00,-4.893504e-13,0.000000e+00,0.000000e+00,0.000000e+00,0.000000e+00,0.0000,0.0000,100.0000,nan
4300,1.578477e-07,4.235646e+00,2.514127e-12,3.428850e-04,0.000000e+00,0.000000e+00,9.298057e-06,3.728099e-07,0.000000e+00,0.000000e+00,-6.994096e-12,0.000000e+00,0.000000e+00,0.000000e+00,0.000000e+00,0.0000,0.0000,100.0000,nan
4400,1.615186e-07,6.127426e+00,3.637020e-12,3.414335e-04,0.000000e+00,2.667119e-04,3.581638e-05,2.751692e-07,1.163820e-08,2.690654e-12,-2.673125e-11,0.000000e+00,0.000000e+00,0.000000e+00,1.163820e-08,0.0000,24.7746,75.2254,1.683933e+02
4500,1.651895e-07,7.725743e+00,4.585723e-12,3.404054e-04,0.000000e+00,3.407078e-04,8.223122e-05,2.662928e-07,1.464542e-08,3.189995e-12,-3.088839e-11,0.000000e+00,0.000000e+00,0.000000e+00,1.464542e-08,0.0000,42.8678,57.1322,1.634552e+02
4600,1.688603e-07,9.002368e+00,5.343482e-12,3.417057e-04,0.000000e+00,3.385305e-04,1.354099e-04,1.287082e-07,1.446968e-08,-1.049397e-12,5.343999e-13,0.000000e+00,0.000000e+00,0.000000e+00,1.446968e-08,0.0000,53.7880,46.2120,1.616080e+02
4700,1.725312e-07,9.948015e+00,5.904784e-12,3.430664e-04,0.000000e+00,3.377745e-04,1.902440e-04,8.432605e-08,1.437085e-08,-6.306352e-12,5.074164e-11,0.000000e+00,0.000000e+00,0.000000e+00,1.437085e-08,0.0000,61.0794,38.9206,1.601100e+02
4800,1.762021e-07,1.056888e+01,6.273308e-12,3.436410e-04,0.000000e+00,3.399215e-04,2.432762e-04,2.662928e-08,1.440234e-08,1.849037e-12,1.110543e-10,0.000000e+00,0.000000e+00,0.000000e+00,1.440234e-08,0.0000,66.3967,33.6033,1.587813e+02
4900,1.798730e-07,1.084042e+01,6.434483e-12,3.405566e-04,0.000000e+00,3.420081e-04,2.966635e-04,1.331464e-08,1.446543e-08,-4.026166e-12,2.067065e-10,0.000000e+00,0.000000e+00,0.000000e+00,1.446543e-08,0.0000,70.5565,29.4435,1.582220e+02
5000,1.835438e-07,1.081045e+01,6.416695e-12,3.417964e-04,0.000000e+00,3.428548e-04,3.466466e-04,4.438213e-09,1.447002e-08,3.326174e-12,2.984451e-10,0.000000e+00,0.000000e+00,0.000000e+00,1.447002e-08,0.0000,73.8079,26.1921,1.575460e+02
5100,1.872147e-07,1.049584e+01,6.229952e-12,3.389236e-04,0.000000e+00,3.417057e-04,3.897950e-04,0.000000e+00,1.441200e-08,-6.136469e-12,3.771146e-10,0.000000e+00,0.000000e+00,0.000000e+00,1.441200e-08,0.0000,76.4489,23.5511,1.573354e+02
5200,1.908856e-07,9.958255e+00,5.910862e-12,3.421290e-04,0.000000e+00,3.402239e-04,4.290538e-04,0.000000e+00,1.435606e-08,1.897536e-12,4.415001e-10,0.000000e+00,0.000000e+00,0.000000e+00,1.435606e-08,0.0000,78.5144,21.4856,1.574754e+02
5300,1.945565e-07,9.214480e+00,5.469384e-12,3.394679e-04,0.000000e+00,3.404356e-04,4.597330e-04,0.000000e+00,1.436975e-08,6.494683e-12,4.742274e-10,0.000000e+00,0.000000e+00,0.000000e+00,1.436975e-08,0.0000,80.2960,19.7040,1.575833e+02
5400,1.982273e-07,8.384067e+00,4.976481e-12,3.431269e-04,0.000000e+00,3.444575e-04,4.774008e-04,0.000000e+00,1.457264e-08,-5.301586e-12,4.857344e-10,0.000000e+00,0.000000e+00,0.000000e+00,1.457264e-08,0.0000,81.8309,18.1691,1.582884e+02
5500,2.018982e-07,7.511665e+00,4.458654e-12,3.435805e-04,0.000000e+00,3.417661e-04,4.846440e-04,0.000000e+00,1.448957e-08,-3.744185e-12,4.743630e-10,0.000000e+00,0.000000e+00,0.000000e+00,1.448957e-08,0.0000,83.0845,16.9155,1.589561e+02
5600,2.055691e-07,6.660805e+00,3.953614e-12,3.439736e-04,0.000000e+00,3.419173e-04,4.815537e-04,0.000000e+00,1.453092e-08,-2.743699e-12,4.245260e-10,0.000000e+00,0.000000e+00,0.000000e+00,1.453092e-08,0.0000,84.1683,15.8317,1.597278e+02
5700,2.092400e-07,5.874541e+00,3.486916e-12,3.426733e-04,0.000000e+00,3.436712e-04,4.698088e-04,0.000000e+00,1.464626e-08,-2.912021e-12,3.602792e-10,0.000000e+00,0.000000e+00,0.000000e+00,1.464626e-08,0.0000,85.1689,14.8311,1.606164e+02
5800,2.129108e-07,5.218809e+00,3.097697e-12,3.433688e-04,0.000000e+00,3.458485e-04,4.493976e-04,0.000000e+00,1.478043e-08,-7.446829e-12,2.803831e-10,0.000000e+00,0.000000e+00,0.000000e+00,1.478043e-08,0.0000,86.0795,13.9205,1.615234e+02
5900,2.165817e-07,4.714885e+00,2.798586e-12,3.403449e-04,0.000000e+00,3.454554e-04,4.218272e-04,0.000000e+00,1.479546e-08,6.018829e-13,2.219264e-10,0.000000e+00,0.000000e+00,0.000000e+00,1.479546e-08,0.0000,86.9253,13.0747,1.622134e+02
6000,2.202526e-07,4.441340e+00,2.636220e-12,3.442760e-04,0.000000e+00,3.432176e-04,3.885069e-04,0.000000e+00,1.473334e-08,-1.793189e-12,1.310421e-10,0.000000e+00,0.000000e+00,0.000000e+00,1.473334e-08,0.0000,87.5964,12.4036,1.629492e+02
6100,2.239235e-07,4.287929e+00,2.545161e-12,3.386817e-04,0.000000e+00,3.437317e-04,3.634875e-04,0.000000e+00,1.477554e-08,-1.333459e-12,1.102586e-10,0.000000e+00,0.000000e+00,0.000000e+00,1.477554e-08,0.0000,88.2796,11.7204,1.633985e+02
6200,2.275944e-07,4.317682e+00,2.562821e-12,3.405263e-04,0.000000e+00,3.423105e-04,3.357155e-04,0.000000e+00,1.472798e-08,-1.937441e-12,7.802037e-11,0.000000e+00,0.000000e+00,0.000000e+00,1.472798e-08,0.0000,88.8564,11.1436,1.636917e+02
6300,2.312652e-07,4.525154e+00,2.685969e-12,3.433386e-04,0.000000e+00,3.383188e-04,3.097913e-04,0.000000e+00,1.456220e-08,-3.367926e-12,5.302136e-11,0.000000e+00,0.000000e+00,0.000000e+00,1.456220e-08,0.0000,89.2954,10.7046,1.638138e+02
6400,2.349361e-07,4.850460e+00,2.879058e-12,3.411614e-04,0.000000e+00,3.412823e-04,2.885609e-04,0.000000e+00,1.468348e-08,-1.517026e-11,3.152227e-11,0.000000e+00,0.000000e+00,0.000000e+00,1.468348e-08,0.0000,89.7584,10.2416,1.636855e+02
6500,2.386070e-07,5.290992e+00,3.140542e-12,3.415847e-04,0.000000e+00,3.404961e-04,2.703527e-04,0.000000e+00,1.464398e-08,-1.732253e-12,3.053257e-11,0.000000e+00,0.000000e+00,0.000000e+00,1.464398e-08,0.0000,90.1690,9.8310,1.635442e+02
6600,2.422779e-07,5.821786e+00,3.455603e-12,3.434898e-04,0.000000e+00,3.433688e-04,2.576627e-04,0.000000e+00,1.473965e-08,2.983481e-12,2.689041e-11,0.000000e+00,0.000000e+00,0.000000e+00,1.473965e-08,0.0000,90.5603,9.4397,1.629338e+02
6700,2.459487e-07,6.393424e+00,3.794906e-12,3.403146e-04,0.000000e+00,3.407985e-04,2.478835e-04,0.000000e+00,1.461757e-08,2.364730e-12,3.428367e-11,0.000000e+00,0.000000e+00,0.000000e+00,1.461757e-08,0.0000,90.9251,9.0749,1.626707e+02
6800,2.496196e-07,7.024496e+00,4.169488e-12,3.455461e-04,0.000000e+00,3.425826e-04,2.435046e-04,0.000000e+00,1.466721e-08,-1.374039e-13,4.041021e-11,0.000000e+00,0.000000e+00,0.000000e+00,1.466721e-08,0.0000,91.2310,8.7690,1.620720e+02
6900,2.532905e-07,7.647566e+00,4.539320e-12,3.426733e-04,0.000000e+00,3.393470e-04,2.419257e-04,0.000000e+00,1.450921e-08,-2.014760e-12,5.063489e-11,0.000000e+00,0.000000e+00,0.000000e+00,1.450921e-08,0.0000,91.5086,8.4914,1.616356e+02
7000,2.569614e-07,8.246806e+00,4.895007e-12,3.430664e-04,0.000000e+00,3.424919e-04,2.461721e-04,0.000000e+00,1.461962e-08,1.175478e-12,7.239763e-11,0.000000e+00,0.000000e+00,0.000000e+00,1.461962e-08,0.0000,91.7950,8.2050,1.611124e+02
7100,2.606322e-07,8.789199e+00,5.216952e-12,3.422197e-04,0.000000e+00,3.435200e-04,2.545173e-04,0.000000e+00,1.463150e-08,-5.615259e-12,8.828924e-11,0.000000e+00,0.000000e+00,0.000000e+00,1.463150e-08,0.0000,92.0799,7.9201,1.604084e+02
7200,2.643031e-07,9.275255e+00,5.505458e-12,3.431874e-04,0.000000e+00,3.411311e-04,2.645943e-04,0.000000e+00,1.451191e-08,-3.015034e-12,9.873737e-11,0.000000e+00,0.000000e+00,0.000000e+00,1.451191e-08,0.0000,92.3157,7.6843,1.600234e+02
7300,2.679740e-07,9.667000e+00,5.737983e-12,3.437922e-04,0.000000e+00,3.423709e-04,2.804489e-04,0.000000e+00,1.453333e-08,-1.875187e-12,1.158584e-10,0.000000e+00,0.000000e+00,0.000000e+00,1.453333e-08,0.0000,92.5429,7.4571,1.593405e+02
7400,2.716449e-07,9.944149e+00,5.902489e-12,3.437317e-04,0.000000e+00,3.431572e-04,2.989180e-04,0.000000e+00,1.455586e-08,1.518123e-12,1.333500e-10,0.000000e+00,0.000000e+00,0.000000e+00,1.455586e-08,0.0000,92.7639,7.2361,1.590995e+02
7500,2.753158e-07,1.006464e+01,5.974009e-12,3.418266e-04,0.000000e+00,3.434898e-04,3.223435e-04,0.000000e+00,1.455801e-08,4.061058e-14,1.485830e-10,0.000000e+00,0.000000e+00,0.000000e+00,1.455801e-08,0.0000,92.9898,7.0102,1.588453e+02
7600,2.789866e-07,1.004286e+01,5.961078e-12,3.411916e-04,0.000000e+00,3.420081e-04,3.447143e-04,0.000000e+00,1.449226e-08,4.511565e-12,1.767994e-10,0.000000e+00,0.000000e+00,0.000000e+00,1.449226e-08,0.0000,93.1955,6.8045,1.587711e+02
7700,2.826575e-07,9.891323e+00,5.871133e-12,3.430967e-04,0.000000e+00,3.444877e-04,3.675988e-04,0.000000e+00,1.458482e-08,5.770688e-13,1.707557e-10,0.000000e+00,0.000000e+00,0.000000e+00,1.458482e-08,0.0000,93.3954,6.6046,1.585039e+02
7800,2.863284e-07,9.591017e+00,5.692882e-12,3.410706e-04,0.000000e+00,3.396494e-04,3.896288e-04,0.000000e+00,1.439353e-08,1.144716e-12,1.554253e-10,0.000000e+00,0.000000e+00,0.000000e+00,1.439353e-08,0.0000,93.5615,6.4385,1.587908e+02
7900,2.899993e-07,9.173703e+00,5.445180e-12,3.440039e-04,0.000000e+00,3.444575e-04,4.114816e-04,0.000000e+00,1.460920e-08,-9.538652e-12,1.713579e-10,0.000000e+00,0.000000e+00,0.000000e+00,1.460920e-08,0.0000,93.7346,6.2654,1.590484e+02
8000,2.936701e-07,8.645160e+00,5.131456e-12,3.425524e-04,0.000000e+00,3.427338e-04,4.280153e-04,0.000000e+00,1.455328e-08,3.662671e-12,1.670726e-10,0.000000e+00,0.000000e+00,0.000000e+00,1.455328e-08,0.0000,93.8962,6.1038,1.594260e+02
8100,2.973410e-07,8.059348e+00,4.783739e-12,3.398006e-04,0.000000e+00,3.419476e-04,4.345237e-04,0.000000e+00,1.453735e-08,-6.078398e-12,1.843230e-10,0.000000e+00,0.000000e+00,0.000000e+00,1.453735e-08,0.0000,94.0628,5.9372,1.597994e+02
8200,3.010119e-07,7.491290e+00,4.446560e-12,3.436712e-04,0.000000e+00,3.437619e-04,4.355235e-04,0.000000e+00,1.463122e-08,7.338208e-12,1.610734e-10,0.000000e+00,0.000000e+00,0.000000e+00,1.463122e-08,0.0000,94.2084,5.7916,1.601678e+02
8300,3.046828e-07,6.927421e+00,4.111868e-12,3.419173e-04,0.000000e+00,3.421290e-04,4.330925e-04,0.000000e+00,1.457755e-08,-4.314723e-12,1.365819e-10,0.000000e+00,0.000000e+00,0.000000e+00,1.457755e-08,0.0000,94.3472,5.6528,1.605221e+02
8400,3.083536e-07,6.432422e+00,3.818054e-12,3.412218e-04,0.000000e+00,3.419173e-04,4.212610e-04,0.000000e+00,1.460098e-08,-2.724825e-12,1.194644e-10,0.000000e+00,0.000000e+00,0.000000e+00,1.460098e-08,0.0000,94.4825,5.5175,1.612206e+02
8500,3.120245e-07,6.061584e+00,3.597938e-12,3.405868e-04,0.000000e+00,3.419476e-04,4.005495e-04,0.000000e+00,1.462278e-08,-2.555133e-12,7.858512e-11,0.000000e+00,0.000000e+00,0.000000e+00,1.462278e-08,0.0000,94.6159,5.3841,1.616691e+02
8600,3.156954e-07,5.846329e+00,3.470171e-12,3.424919e-04,0.000000e+00,3.436712e-04,3.772977e-04,0.000000e+00,1.471546e-08,1.494407e-12,7.592835e-11,0.000000e+00,0.000000e+00,0.000000e+00,1.471546e-08,0.0000,94.7430,5.2570,1.620805e+02
8700,3.193663e-07,5.756073e+00,3.416598e-12,3.425826e-04,0.000000e+00,3.413730e-04,3.571766e-04,0.000000e+00,1.462662e-08,2.159719e-12,7.643311e-11,0.000000e+00,0.000000e+00,0.000000e+00,1.462662e-08,0.0000,94.8494,5.1506,1.622900e+02
8800,3.230371e-07,5.800133e+00,3.442750e-12,3.431874e-04,0.000000e+00,3.408287e-04,3.360630e-04,0.000000e+00,1.462011e-08,-7.187372e-12,5.838279e-11,0.000000e+00,0.000000e+00,0.000000e+00,1.462011e-08,0.0000,94.9443,5.0557,1.626576e+02
8900,3.267080e-07,5.990998e+00,3.556041e-12,3.452437e-04,0.000000e+00,3.437015e-04,3.143817e-04,0.000000e+00,1.473989e-08,-7.815854e-13,6.328468e-11,0.000000e+00,0.000000e+00,0.000000e+00,1.473989e-08,0.0000,95.0409,4.9591,1.625769e+02
9000,3.303789e-07,6.271268e+00,3.722399e-12,3.404961e-04,0.000000e+00,3.432781e-04,2.951777e-04,0.000000e+00,1.471799e-08,-3.762370e-12,6.236552e-11,0.000000e+00,0.000000e+00,0.000000e+00,1.471799e-08,0.0000,95.1578,4.8422,1.624996e+02
9100,3.340498e-07,6.655706e+00,3.950587e-12,3.416149e-04,0.000000e+00,3.455461e-04,2.794531e-04,0.000000e+00,1.480831e-08,-9.031313e-12,5.262166e-11,0.000000e+00,0.000000e+00,0.000000e+00,1.480831e-08,0.0000,95.2771,4.7229,1.623441e+02
9200,3.377207e-07,7.112565e+00,4.221762e-12,3.402542e-04,0.000000e+00,3.411009e-04,2.663822e-04,0.000000e+00,1.460175e-08,1.563177e-13,5.838205e-11,0.000000e+00,0.000000e+00,0.000000e+00,1.460175e-08,0.0000,95.3738,4.6262,1.619796e+02
9300,3.413915e-07,7.655154e+00,4.543824e-12,3.447598e-04,0.000000e+00,3.394075e-04,2.570256e-04,0.000000e+00,1.451601e-08,-7.730663e-13,6.305361e-11,0.000000e+00,0.000000e+00,0.000000e+00,1.451601e-08,0.0000,95.4332,4.5668,1.616823e+02
9400,3.450624e-07,8.222405e+00,4.880524e-12,3.426431e-04,0.000000e+00,3.397099e-04,2.509213e-04,0.000000e+00,1.450222e-08,7.159240e-12,5.550502e-11,0.000000e+00,0.000000e+00,0.000000e+00,1.450222e-08,0.0000,95.5031,4.4969,1.610944e+02
9500,3.487333e-07,8.761119e+00,5.200285e-12,3.400123e-04,0.000000e+00,3.440946e-04,2.529047e-04,0.000000e+00,1.467623e-08,2.944005e-13,7.932839e-11,0.000000e+00,0.000000e+00,0.000000e+00,1.467623e-08,0.0000,95.6077,4.3923,1.608091e+02
9600,3.524042e-07,9.273749e+00,5.504564e-12,3.392260e-04,0.000000e+00,3.420988e-04,2.563361e-04,0.000000e+00,1.457963e-08,7.851913e-12,8.513746e-11,0.000000e+00,0.000000e+00,0.000000e+00,1.457963e-08,0.0000,95.7019,4.2981,1.605524e+02
9700,3.560750e-07,9.743554e+00,5.783423e-12,3.384700e-04,0.000000e+00,3.414335e-04,2.625046e-04,0.000000e+00,1.452110e-08,-2.164477e-12,9.341887e-11,0.000000e+00,0.000000e+00,0.000000e+00,1.452110e-08,0.0000,95.7931,4.2069,1.598852e+02
9800,3.597459e-07,1.013938e+01,6.018371e-12,3.381072e-04,0.000000e+00,3.389539e-04,2.741039e-04,0.000000e+00,1.439932e-08,-8.909692e-12,1.158565e-10,0.000000e+00,0.000000e+00,0.000000e+00,1.439932e-08,0.0000,95.8702,4.1298,1.595188e+02
9900,3.634168e-07,1.048089e+01,6.221082e-12,3.417964e-04,0.000000e+00,3.383188e-04,2.865750e-04,0.000000e+00,1.435699e-08,-5.708219e-12,1.137438e-10,0.000000e+00,0.000000e+00,0.000000e+00,1.435699e-08,0.0000,95.9237,4.0763,1.591757e+02
10000,3.670877e-07,1.070743e+01,6.355547e-12,3.439131e-04,0.000000e+00,3.373814e-04,3.072829e-04,0.000000e+00,1.430456e-08,-2.509572e-14,1.236193e-10,0.000000e+00,0.000000e+00,0.000000e+00,1.430456e-08,0.0000,95.9607,4.0393,1.588987e+02
10100,3.707585e-07,1.081655e+01,6.420312e-12,3.438527e-04,0.000000e+00,3.376838e-04,3.262098e-04,0.000000e+00,1.430471e-08,1.073634e-12,1.401032e-10,0.000000e+00,0.000000e+00,0.000000e+00,1.430471e-08,0.0000,95.9982,4.0018,1.586126e+02
10200,3.744294e-07,1.074967e+01,6.380619e-12,3.415242e-04,0.000000e+00,3.429757e-04,3.523372e-04,0.000000e+00,1.451706e-08,-4.239190e-12,1.310849e-10,0.000000e+00,0.000000e+00,0.000000e+00,1.451706e-08,0.0000,96.0705,3.9295,1.583586e+02
10300,3.781003e-07,1.055867e+01,6.267246e-12,3.410404e-04,0.000000e+00,3.450622e-04,3.719249e-04,0.000000e+00,1.460398e-08,-1.754528e-12,1.335518e-10,0.000000e+00,0.000000e+00,0.000000e+00,1.460398e-08,0.0000,96.1525,3.8475,1.583414e+02
10400,3.817712e-07,1.026269e+01,6.091564e-12,3.421290e-04,0.000000e+00,3.421895e-04,3.899874e-04,0.000000e+00,1.449386e-08,4.548713e-12,1.247153e-10,0.000000e+00,0.000000e+00,0.000000e+00,1.449386e-08,0.0000,96.2137,3.7863,1.585709e+02
10500,3.854421e-07,9.847788e+00,5.845293e-12,3.424012e-04,0.000000e+00,3.407985e-04,4.094889e-04,0.000000e+00,1.443356e-08,5.195342e-13,1.297917e-10,0.000000e+00,0.000000e+00,0.000000e+00,1.443356e-08,0.0000,96.2655,3.7345,1.585459e+02
10600,3.891129e-07,9.364568e+00,5.558471e-12,3.437015e-04,0.000000e+00,3.434898e-04,4.218360e-04,0.000000e+00,1.457648e-08,-2.242468e-12,1.386386e-10,0.000000e+00,0.000000e+00,0.000000e+00,1.457648e-08,0.0000,96.3221,3.6779,1.591718e+02
10700,3.927838e-07,8.813147e+00,5.231167e-12,3.415545e-04,0.000000e+00,3.412823e-04,4.307168e-04,0.000000e+00,1.449460e-08,-8.100876e-13,1.511105e-10,0.000000e+00,0.000000e+00,0.000000e+00,1.449460e-08,0.0000,96.3765,3.6235,1.594244e+02
10800,3.964547e-07,8.275638e+00,4.912121e-12,3.443365e-04,0.000000e+00,3.440643e-04,4.312493e-04,0.000000e+00,1.463040e-08,1.018887e-12,1.182303e-10,0.000000e+00,0.000000e+00,0.000000e+00,1.463040e-08,0.0000,96.4296,3.5704,1.598163e+02
10900,4.001256e-07,7.760161e+00,4.606153e-12,3.430060e-04,0.000000e+00,3.435805e-04,4.263561e-04,0.000000e+00,1.462862e-08,4.044489e-12,9.220132e-11,0.000000e+00,0.000000e+00,0.000000e+00,1.462862e-08,0.0000,96.4846,3.5154,1.602191e+02
11000,4.037964e-07,7.326382e+00,4.348677e-12,3.410102e-04,0.000000e+00,3.432479e-04,4.111504e-04,0.000000e+00,1.462515e-08,-1.395118e-13,7.465115e-11,0.000000e+00,0.000000e+00,0.000000e+00,1.462515e-08,0.0000,96.5447,3.4553,1.604512e+02
11100,4.074673e-07,6.993762e+00,4.151245e-12,3.404356e-04,0.000000e+00,3.444272e-04,3.942187e-04,0.000000e+00,1.471040e-08,4.088166e-12,5.338095e-11,0.000000e+00,0.000000e+00,0.000000e+00,1.471040e-08,0.0000,96.6104,3.3896,1.612000e+02
11200,4.111382e-07,6.805703e+00,4.039620e-12,3.408287e-04,0.000000e+00,3.419173e-04,3.712370e-04,0.000000e+00,1.460851e-08,-6.366095e-13,6.516143e-11,0.000000e+00,0.000000e+00,0.000000e+00,1.460851e-08,0.0000,96.6623,3.3377,1.613228e+02
11300,4.148091e-07,6.768991e+00,4.017830e-12,3.447296e-04,0.000000e+00,3.427338e-04,3.506656e-04,0.000000e+00,1.465670e-08,-1.718167e-12,6.627894e-11,0.000000e+00,0.000000e+00,0.000000e+00,1.465670e-08,0.0000,96.7009,3.2991,1.616088e+02
11400,4.184799e-07,6.863776e+00,4.074091e-12,3.443667e-04,0.000000e+00,3.389236e-04,3.290405e-04,0.000000e+00,1.449418e-08,1.001649e-12,6.015674e-11,0.000000e+00,0.000000e+00,0.000000e+00,1.449418e-08,0.0000,96.7245,3.2755,1.616159e+02
11500,4.221508e-07,7.058226e+00,4.189509e-12,3.394982e-04,0.000000e+00,3.444877e-04,3.080565e-04,0.000000e+00,1.474591e-08,3.606156e-12,6.320664e-11,0.000000e+00,0.000000e+00,0.000000e+00,1.474591e-08,0.0000,96.7880,3.2120,1.619198e+02
11600,4.258217e-07,7.390620e+00,4.386806e-12,3.415847e-04,0.000000e+00,3.452134e-04,2.878382e-04,0.000000e+00,1.477391e-08,7.202209e-12,5.877739e-11,0.000000e+00,0.000000e+00,0.000000e+00,1.477391e-08,0.0000,96.8448,3.1552,1.618443e+02
11700,4.294926e-07,7.801495e+00,4.630687e-12,3.403146e-04,0.000000e+00,3.416452e-04,2.738780e-04,0.000000e+00,1.461240e-08,6.930161e-12,7.638879e-11,0.000000e+00,0.000000e+00,0.000000e+00,1.461240e-08,0.0000,96.8912,3.1088,1.616534e+02
11800,4.331634e-07,8.291073e+00,4.921283e-12,3.422802e-04,0.000000e+00,3.410404e-04,2.631176e-04,0.000000e+00,1.457266e-08,1.884173e-12,7.624502e-11,0.000000e+00,0.000000e+00,0.000000e+00,1.457266e-08,0.0000,96.9268,3.0732,1.613390e+02
11900,4.368343e-07,8.805118e+00,5.226401e-12,3.388027e-04,0.000000e+00,3.359602e-04,2.556840e-04,0.000000e+00,1.433138e-08,-3.376672e-13,7.343046e-11,0.000000e+00,0.000000e+00,0.000000e+00,1.433138e-08,0.0000,96.9551,3.0449,1.607908e+02
12000,4.405052e-07,9.348220e+00,5.548767e-12,3.395284e-04,0.000000e+00,3.430664e-04,2.517114e-04,0.000000e+00,1.461680e-08,1.068730e-11,8.358201e-11,0.000000e+00,0.000000e+00,0.000000e+00,1.461680e-08,0.0000,97.0064,2.9936,1.604052e+02
12100,4.441761e-07,9.915883e+00,5.885711e-12,3.437619e-04,0.000000e+00,3.390446e-04,2.519734e-04,0.000000e+00,1.442978e-08,1.532478e-12,1.052137e-10,0.000000e+00,0.000000e+00,0.000000e+00,1.442978e-08,0.0000,97.0267,2.9733,1.600576e+02
12200,4.478470e-07,1.045575e+01,6.206159e-12,3.424314e-04,0.000000e+00,3.396191e-04,2.551369e-04,0.000000e+00,1.443454e-08,-1.507514e-13,1.027527e-10,0.000000e+00,0.000000e+00,0.000000e+00,1.443454e-08,0.0000,97.0533,2.9467,1.596191e+02
12300,4.515178e-07,1.092435e+01,6.484301e-12,3.409497e-04,0.000000e+00,3.416452e-04,2.651798e-04,0.000000e+00,1.449975e-08,1.947506e-12,1.108454e-10,0.000000e+00,0.000000e+00,0.000000e+00,1.449975e-08,0.0000,97.0915,2.9085,1.591664e+02
12400,4.551887e-07,1.133123e+01,6.725809e-12,3.419173e-04,0.000000e+00,3.396191e-04,2.761268e-04,0.000000e+00,1.439696e-08,-8.027522e-12,1.201547e-10,0.000000e+00,0.000000e+00,0.000000e+00,1.439696e-08,0.0000,97.1184,2.8816,1.587868e+02
12500,4.588596e-07,1.164799e+01,6.913829e-12,3.444877e-04,0.000000e+00,3.414940e-04,2.932685e-04,0.000000e+00,1.445749e-08,9.928892e-12,1.141798e-10,0.000000e+00,0.000000e+00,0.000000e+00,1.445749e-08,0.0000,97.1425,2.8575,1.583860e+02
12600,4.625305e-07,1.183954e+01,7.027523e-12,3.419476e-04,0.000000e+00,3.425826e-04,3.109755e-04,0.000000e+00,1.448410e-08,1.223659e-12,1.485478e-10,0.000000e+00,0.000000e+00,0.000000e+00,1.448410e-08,0.0000,97.1782,2.8218,1.579563e+02
12700,4.662013e-07,1.188905e+01,7.056911e-12,3.397703e-04,0.000000e+00,3.399820e-04,3.317646e-04,0.000000e+00,1.437198e-08,5.925844e-12,1.304122e-10,0.000000e+00,0.000000e+00,0.000000e+00,1.437198e-08,0.0000,97.2115,2.7885,1.579122e+02
12800,4.698722e-07,1.180164e+01,7.005026e-12,3.399820e-04,0.000000e+00,3.449110e-04,3.541162e-04,0.000000e+00,1.456377e-08,-2.004309e-12,1.107583e-10,0.000000e+00,0.000000e+00,0.000000e+00,1.456377e-08,0.0000,97.2599,2.7401,1.575442e+02
12900,4.735431e-07,1.162333e+01,6.899188e-12,3.433991e-04,0.000000e+00,3.412218e-04,3.722309e-04,0.000000e+00,1.441813e-08,6.800487e-13,1.243543e-10,0.000000e+00,0.000000e+00,0.000000e+00,1.441813e-08,0.0000,97.2838,2.7162,1.577697e+02
13000,4.772140e-07,1.131962e+01,6.718917e-12,3.412218e-04,0.000000e+00,3.400727e-04,3.903303e-04,0.000000e+00,1.437854e-08,-8.319293e-12,1.262302e-10,0.000000e+00,0.000000e+00,0.000000e+00,1.437854e-08,0.0000,97.3105,2.6895,1.579607e+02
13100,4.808848e-07,1.090182e+01,6.470930e-12,3.409194e-04,0.000000e+00,3.418569e-04,4.084747e-04,0.000000e+00,1.445066e-08,3.588071e-12,1.223964e-10,0.000000e+00,0.000000e+00,0.000000e+00,1.445066e-08,0.0000,97.3433,2.6567,1.578889e+02
13200,4.845557e-07,1.043459e+01,6.193595e-12,3.439131e-04,0.000000e+00,3.413730e-04,4.194634e-04,0.000000e+00,1.444155e-08,3.667549e-12,1.074762e-10,0.000000e+00,0.000000e+00,0.000000e+00,1.444155e-08,0.0000,97.3644,2.6356,1.581428e+02
13300,4.882266e-07,9.919550e+00,5.887888e-12,3.437317e-04,0.000000e+00,3.416452e-04,4.270106e-04,0.000000e+00,1.448394e-08,-4.477037e-13,1.264273e-10,0.000000e+00,0.000000e+00,0.000000e+00,1.448394e-08,0.0000,97.3866,2.6134,1.588137e+02
13400,4.918975e-07,9.381417e+00,5.568472e-12,3.397401e-04,0.000000e+00,3.426431e-04,4.267537e-04,0.000000e+00,1.453840e-08,-6.461809e-12,1.122319e-10,0.000000e+00,0.000000e+00,0.000000e+00,1.453840e-08,0.0000,97.4235,2.5765,1.590684e+02
13500,4.955684e-07,8.897186e+00,5.281049e-12,3.430362e-04,0.000000e+00,3.459997e-04,4.213342e-04,0.000000e+00,1.469738e-08,5.403179e-13,1.068542e-10,0.000000e+00,0.000000e+00,0.000000e+00,1.469738e-08,0.0000,97.4602,2.5398,1.594387e+02
13600,4.992392e-07,8.519815e+00,5.057055e-12,3.445482e-04,0.000000e+00,3.423709e-04,4.055674e-04,0.000000e+00,1.455990e-08,-2.598246e-13,9.495054e-11,0.000000e+00,0.000000e+00,0.000000e+00,1.455990e-08,0.0000,97.4804,2.5196,1.597938e+02
13700,5.029101e-07,8.199397e+00,4.866867e-12,3.408892e-04,0.000000e+00,3.426733e-04,3.926993e-04,0.000000e+00,1.459384e-08,2.555371e-12,8.994001e-11,0.000000e+00,0.000000e+00,0.000000e+00,1.459384e-08,0.0000,97.5119,2.4881,1.602579e+02
13800,5.065810e-07,8.025128e+00,4.763427e-12,3.430060e-04,0.000000e+00,3.434898e-04,3.711844e-04,0.000000e+00,1.464172e-08,6.981294e-12,9.431352e-11,0.000000e+00,0.000000e+00,0.000000e+00,1.464172e-08,0.0000,97.5391,2.4609,1.605381e+02
13900,5.102519e-07,7.960254e+00,4.724920e-12,3.386212e-04,0.000000e+00,3.427036e-04,3.491110e-04,0.000000e+00,1.460610e-08,-3.836040e-12,1.056295e-10,0.000000e+00,0.000000e+00,0.000000e+00,1.460610e-08,0.0000,97.5761,2.4239,1.604943e+02
14000,5.139227e-07,8.037614e+00,4.770839e-12,3.414637e-04,0.000000e+00,3.435503e-04,3.289550e-04,0.000000e+00,1.465546e-08,-4.180435e-13,9.705399e-11,0.000000e+00,0.000000e+00,0.000000e+00,1.465546e-08,0.0000,97.6066,2.3934,1.607732e+02
14100,5.175936e-07,8.257268e+00,4.901217e-12,3.429757e-04,0.000000e+00,3.408287e-04,3.074587e-04,0.000000e+00,1.454309e-08,-6.103422e-12,9.939493e-11,0.000000e+00,0.000000e+00,0.000000e+00,1.454309e-08,0.0000,97.6243,2.3757,1.608583e+02
14200,5.212645e-07,8.591415e+00,5.099555e-12,3.427338e-04,0.000000e+00,3.398611e-04,2.887038e-04,0.000000e+00,1.449962e-08,2.102480e-13,9.536708e-11,0.000000e+00,0.000000e+00,0.000000e+00,1.449962e-08,0.0000,97.6396,2.3604,1.608050e+02
14300,5.249354e-07,9.017684e+00,5.352573e-12,3.447901e-04,0.000000e+00,3.418266e-04,2.758643e-04,0.000000e+00,1.457688e-08,-1.769153e-12,1.051792e-10,0.000000e+00,0.000000e+00,0.000000e+00,1.457688e-08,0.0000,97.6544,2.3456,1.606655e+02
14400,5.286062e-07,9.513703e+00,5.646992e-12,3.424314e-04,0.000000e+00,3.425221e-04,2.622275e-04,0.000000e+00,1.458825e-08,-2.074312e-13,8.827113e-11,0.000000e+00,0.000000e+00,0.000000e+00,1.458825e-08,0.0000,97.6774,2.3226,1.602614e+02
14500,5.322771e-07,1.005076e+01,5.965768e-12,3.413428e-04,0.000000e+00,3.432479e-04,2.545035e-04,0.000000e+00,1.460346e-08,-8.366610e-12,1.004496e-10,0.000000e+00,0.000000e+00,0.000000e+00,1.460346e-08,0.0000,97.7050,2.2950,1.599082e+02
14600,5.359480e-07,1.061941e+01,6.303300e-12,3.428548e-04,0.000000e+00,3.429152e-04,2.509062e-04,0.000000e+00,1.457786e-08,6.113724e-12,1.069168e-10,0.000000e+00,0.000000e+00,0.000000e+00,1.457786e-08,0.0000,97.7271,2.2729,1.596669e+02
14700,5.396189e-07,1.117645e+01,6.633939e-12,3.401030e-04,0.000000e+00,3.388934e-04,2.500321e-04,0.000000e+00,1.437923e-08,1.877932e-12,1.022696e-10,0.000000e+00,0.000000e+00,0.000000e+00,1.437923e-08,0.0000,97.7450,2.2550,1.590522e+02
14800,5.432897e-07,1.173013e+01,6.962581e-12,3.438224e-04,0.000000e+00,3.429152e-04,2.542956e-04,0.000000e+00,1.453031e-08,-1.896790e-12,1.072688e-10,0.000000e+00,0.000000e+00,0.000000e+00,1.453031e-08,0.0000,97.7637,2.2363,1.586290e+02
14900,5.469606e-07,1.222713e+01,7.257587e-12,3.410706e-04,0.000000e+00,3.395284e-04,2.607067e-04,0.000000e+00,1.437281e-08,-3.624818e-12,1.301404e-10,0.000000e+00,0.000000e+00,0.000000e+00,1.437281e-08,0.0000,97.7802,2.2198,1.583215e+02
15000,5.506315e-07,1.267567e+01,7.523821e-12,3.442155e-04,0.000000e+00,3.413126e-04,2.716895e-04,0.000000e+00,1.443326e-08,-3.155051e-12,1.309531e-10,0.000000e+00,0.000000e+00,0.000000e+00,1.443326e-08,0.0000,97.7929,2.2071,1.579929e+02
15100,5.543024e-07,1.298641e+01,7.708263e-12,3.405868e-04,0.000000e+00,3.416452e-04,2.903422e-04,0.000000e+00,1.442310e-08,-6.768735e-12,1.364394e-10,0.000000e+00,0.000000e+00,0.000000e+00,1.442310e-08,0.0000,97.8156,2.1844,1.574697e+02
15200,5.579733e-07,1.320400e+01,7.837418e-12,3.437619e-04,0.000000e+00,3.432781e-04,3.085782e-04,0.000000e+00,1.447785e-08,-9.457067e-13,1.310828e-10,0.000000e+00,0.000000e+00,0.000000e+00,1.447785e-08,0.0000,97.8341,2.1659,1.571655e+02
15300,5.616441e-07,1.325252e+01,7.866221e-12,3.391051e-04,0.000000e+00,3.411009e-04,3.312587e-04,0.000000e+00,1.437379e-08,-9.132275e-13,1.364695e-10,0.000000e+00,0.000000e+00,0.000000e+00,1.437379e-08,0.0000,97.8584,2.1416,1.569014e+02
15400,5.653150e-07,1.317746e+01,7.821663e-12,3.426431e-04,0.000000e+00,3.410102e-04,3.547813e-04,0.000000e+00,1.436671e-08,4.887264e-12,1.339739e-10,0.000000e+00,0.000000e+00,0.000000e+00,1.436671e-08,0.0000,97.8732,2.1268,1.568279e+02
15500,5.689859e-07,1.295411e+01,7.689091e-12,3.394679e-04,0.000000e+00,3.405868e-04,3.755825e-04,0.000000e+00,1.434119e-08,-1.962348e-12,1.305156e-10,0.000000e+00,0.000000e+00,0.000000e+00,1.434119e-08,0.0000,97.8946,2.1054,1.566673e+02
15600,5.726568e-07,1.262579e+01,7.494217e-12,3.413126e-04,0.000000e+00,3.440039e-04,3.943992e-04,0.000000e+00,1.449428e-08,6.166780e-12,1.280147e-10,0.000000e+00,0.000000e+00,0.000000e+00,1.449428e-08,0.0000,97.9196,2.0804,1.568612e+02
15700,5.763276e-07,1.218692e+01,7.233716e-12,3.416452e-04,0.000000e+00,3.393772e-04,4.126094e-04,0.000000e+00,1.430271e-08,-3.705283e-12,1.199072e-10,0.000000e+00,0.000000e+00,0.000000e+00,1.430271e-08,0.0000,97.9318,2.0682,1.569388e+02
15800,5.799985e-07,1.168729e+01,6.937152e-12,3.412218e-04,0.000000e+00,3.411311e-04,4.220101e-04,0.000000e+00,1.438180e-08,-2.276590e-12,1.306583e-10,0.000000e+00,0.000000e+00,0.000000e+00,1.438180e-08,0.0000,97.9492,2.0508,1.570486e+02
15900,5.836694e-07,1.115570e+01,6.621624e-12,3.444575e-04,0.000000e+00,3.426431e-04,4.304119e-04,0.000000e+00,1.446798e-08,1.840436e-12,1.499561e-10,0.000000e+00,0.000000e+00,0.000000e+00,1.446798e-08,0.0000,97.9622,2.0378,1.575295e+02
16000,5.873403e-07,1.062425e+01,6.306173e-12,3.399215e-04,0.000000e+00,3.426128e-04,4.258550e-04,0.000000e+00,1.449059e-08,-1.183413e-12,1.373346e-10,0.000000e+00,0.000000e+00,0.000000e+00,1.449059e-08,0.0000,97.9858,2.0142,1.580495e+02
16100,5.910111e-07,1.013865e+01,6.017938e-12,3.411614e-04,0.000000e+00,3.420383e-04,4.196809e-04,0.000000e+00,1.447839e-08,-1.389944e-12,1.512329e-10,0.000000e+00,0.000000e+00,0.000000e+00,1.447839e-08,0.0000,98.0047,1.9953,1.583130e+02
16200,5.946820e-07,9.723933e+00,5.771777e-12,3.395889e-04,0.000000e+00,3.443063e-04,4.066467e-04,0.000000e+00,1.459730e-08,2.658584e-13,1.499748e-10,0.000000e+00,0.000000e+00,0.000000e+00,1.459730e-08,0.0000,98.0324,1.9676,1.588109e+02
16300,5.983529e-07,9.445088e+00,5.606265e-12,3.431269e-04,0.000000e+00,3.400425e-04,3.882148e-04,0.000000e+00,1.443577e-08,-4.334681e-12,1.563101e-10,0.000000e+00,0.000000e+00,0.000000e+00,1.443577e-08,0.0000,98.0412,1.9588,1.592250e+02
16400,6.020238e-07,9.273937e+00,5.504675e-12,3.413428e-04,0.000000e+00,3.431572e-04,3.690172e-04,0.000000e+00,1.458700e-08,5.971605e-12,1.539878e-10,0.000000e+00,0.000000e+00,0.000000e+00,1.458700e-08,0.0000,98.0614,1.9386,1.596408e+02
16500,6.056947e-07,9.257003e+00,5.494624e-12,3.433991e-04,0.000000e+00,3.417661e-04,3.461372e-04,0.000000e+00,1.453523e-08,-2.930901e-12,1.485993e-10,0.000000e+00,0.000000e+00,0.000000e+00,1.453523e-08,0.0000,98.0732,1.9268,1.597924e+02
16600,6.093655e-07,9.347918e+00,5.548588e-12,3.412823e-04,0.000000e+00,3.419476e-04,3.265817e-04,0.000000e+00,1.454176e-08,-1.647632e-12,1.487666e-10,0.000000e+00,0.000000e+00,0.000000e+00,1.454176e-08,0.0000,98.0901,1.9099,1.597738e+02
16700,6.130364e-07,9.562897e+00,5.676192e-12,3.438527e-04,0.000000e+00,3.421895e-04,3.090916e-04,0.000000e+00,1.455980e-08,2.301658e-12,1.416338e-10,0.000000e+00,0.000000e+00,0.000000e+00,1.455980e-08,0.0000,98.1015,1.8985,1.599505e+02
16800,6.167073e-07,9.892654e+00,5.871924e-12,3.429152e-04,0.000000e+00,3.411614e-04,2.895951e-04,0.000000e+00,1.450186e-08,-4.253207e-12,1.263783e-10,0.000000e+00,0.000000e+00,0.000000e+00,1.450186e-08,0.0000,98.1124,1.8876,1.596362e+02
16900,6.203782e-07,1.033924e+01,6.137004e-12,3.445179e-04,0.000000e+00,3.423709e-04,2.723063e-04,0.000000e+00,1.455083e-08,2.098946e-12,1.197803e-10,0.000000e+00,0.000000e+00,0.000000e+00,1.455083e-08,0.0000,98.1224,1.8776,1.595760e+02
17000,6.240490e-07,1.083333e+01,6.430276e-12,3.425524e-04,0.000000e+00,3.438527e-04,2.626607e-04,0.000000e+00,1.459872e-08,5.361833e-12,1.152348e-10,0.000000e+00,0.000000e+00,0.000000e+00,1.459872e-08,0.0000,98.1399,1.8601,1.592557e+02
17100,6.277199e-07,1.138105e+01,6.755379e-12,3.435805e-04,0.000000e+00,3.441248e-04,2.550178e-04,0.000000e+00,1.460266e-08,-2.040574e-13,1.274007e-10,0.000000e+00,0.000000e+00,0.000000e+00,1.460266e-08,0.0000,98.1555,1.8445,1.590839e+02
17200,6.313908e-07,1.195473e+01,7.095900e-12,3.409497e-04,0.000000e+00,3.427943e-04,2.481867e-04,0.000000e+00,1.452159e-08,2.749574e-12,1.167719e-10,0.000000e+00,0.000000e+00,0.000000e+00,1.452159e-08,0.0000,98.1736,1.8264,1.585595e+02
17300,6.350617e-07,1.254716e+01,7.447544e-12,3.436410e-04,0.000000e+00,3.406473e-04,2.478482e-04,0.000000e+00,1.440904e-08,4.265068e-12,1.166762e-10,0.000000e+00,0.000000e+00,0.000000e+00,1.440904e-08,0.0000,98.1809,1.8191,1.580835e+02
17400,6.387325e-07,1.309060e+01,7.770110e-12,3.396796e-04,0.000000e+00,3.397401e-04,2.518079e-04,0.000000e+00,1.434632e-08,6.692928e-13,1.328182e-10,0.000000e+00,0.000000e+00,0.000000e+00,1.434632e-08,0.0000,98.1946,1.8054,1.575390e+02
17500,6.424034e-07,1.361301e+01,8.080193e-12,3.437317e-04,0.000000e+00,3.417964e-04,2.592606e-04,0.000000e+00,1.440945e-08,2.439153e-12,1.305433e-10,0.000000e+00,0.000000e+00,0.000000e+00,1.440945e-08,0.0000,98.2039,1.7961,1.570353e+02
17600,6.460743e-07,1.403580e+01,8.331145e-12,3.397401e-04,0.000000e+00,3.419173e-04,2.713772e-04,0.000000e+00,1.439478e-08,-1.724022e-12,1.283716e-10,0.000000e+00,0.000000e+00,0.000000e+00,1.439478e-08,0.0000,98.2218,1.7782,1.566121e+02
17700,6.497452e-07,1.434138e+01,8.512529e-12,3.382281e-04,0.000000e+00,3.402542e-04,2.888166e-04,0.000000e+00,1.432230e-08,-2.548467e-12,1.434994e-10,0.000000e+00,0.000000e+00,0.000000e+00,1.432230e-08,0.0000,98.2390,1.7610,1.565609e+02
17800,6.534161e-07,1.453777e+01,8.629097e-12,3.410706e-04,0.000000e+00,3.418871e-04,3.093156e-04,0.000000e+00,1.436409e-08,1.915511e-13,1.447217e-10,0.000000e+00,0.000000e+00,0.000000e+00,1.436409e-08,0.0000,98.2536,1.7464,1.559704e+02
17900,6.570869e-07,1.457178e+01,8.649285e-12,3.380165e-04,0.000000e+00,3.375931e-04,3.325170e-04,0.000000e+00,1.417859e-08,-6.999071e-13,1.514387e-10,0.000000e+00,0.000000e+00,0.000000e+00,1.417859e-08,0.0000,98.2652,1.7348,1.558500e+02
18000,6.607578e-07,1.446325e+01,8.584865e-12,3.427338e-04,0.000000e+00,3.418266e-04,3.602828e-04,0.000000e+00,1.435916e-08,-4.460641e-12,1.426178e-10,0.000000e+00,0.000000e+00,0.000000e+00,1.435916e-08,0.0000,98.2758,1.7242,1.559243e+02
18100,6.644287e-07,1.420774e+01,8.433201e-12,3.414335e-04,0.000000e+00,3.383188e-04,3.827489e-04,0.000000e+00,1.421021e-08,-4.556212e-12,1.514215e-10,0.000000e+00,0.000000e+00,0.000000e+00,1.421021e-08,0.0000,98.2816,1.7184,1.558894e+02
18200,6.680996e-07,1.381029e+01,8.197292e-12,3.382886e-04,0.000000e+00,3.390748e-04,4.025538e-04,0.000000e+00,1.424431e-08,-2.939199e-12,1.582257e-10,0.000000e+00,0.000000e+00,0.000000e+00,1.424431e-08,0.0000,98.2952,1.7048,1.559407e+02
18300,6.717704e-07,1.333762e+01,7.916730e-12,3.409194e-04,0.000000e+00,3.419476e-04,4.173486e-04,0.000000e+00,1.437183e-08,5.275319e-13,1.673865e-10,0.000000e+00,0.000000e+00,0.000000e+00,1.437183e-08,0.0000,98.3093,1.6907,1.560892e+02
18400,6.754413e-07,1.279235e+01,7.593078e-12,3.421290e-04,0.000000e+00,3.414033e-04,4.302966e-04,0.000000e+00,1.436524e-08,3.249375e-12,1.696955e-10,0.000000e+00,0.000000e+00,0.000000e+00,1.436524e-08,0.0000,98.3197,1.6803,1.564394e+02
18500,6.791122e-07,1.222591e+01,7.256860e-12,3.392260e-04,0.000000e+00,3.411614e-04,4.308167e-04,0.000000e+00,1.437224e-08,1.763849e-12,1.708502e-10,0.000000e+00,0.000000e+00,0.000000e+00,1.437224e-08,0.0000,98.3351,1.6649,1.568153e+02
18600,6.827831e-07,1.170995e+01,6.950607e-12,3.432479e-04,0.000000e+00,3.413126e-04,4.266754e-04,0.000000e+00,1.439523e-08,-3.880998e-12,1.812269e-10,0.000000e+00,0.000000e+00,0.000000e+00,1.439523e-08,0.0000,98.3428,1.6572,1.571841e+02
18700,6.864539e-07,1.123526e+01,6.668847e-12,3.422197e-04,0.000000e+00,3.420383e-04,4.189754e-04,0.000000e+00,1.445029e-08,7.075836e-13,1.837272e-10,0.000000e+00,0.000000e+00,0.000000e+00,1.445029e-08,0.0000,98.3538,1.6462,1.577051e+02
18800,6.901248e-07,1.084240e+01,6.435656e-12,3.403449e-04,0.000000e+00,3.426128e-04,4.038693e-04,0.000000e+00,1.450134e-08,1.356529e-12,1.816296e-10,0.000000e+00,0.000000e+00,0.000000e+00,1.450134e-08,0.0000,98.3694,1.6306,1.582818e+02
18900,6.937957e-07,1.055721e+01,6.266382e-12,3.411009e-04,0.000000e+00,3.424616e-04,3.872137e-04,0.000000e+00,1.450388e-08,1.849216e-12,1.682692e-10,0.000000e+00,0.000000e+00,0.000000e+00,1.450388e-08,0.0000,98.3831,1.6169,1.584850e+02
19000,6.974666e-07,1.040615e+01,6.176714e-12,3.418266e-04,0.000000e+00,3.427943e-04,3.662533e-04,0.000000e+00,1.452062e-08,-3.772096e-12,1.806838e-10,0.000000e+00,0.000000e+00,0.000000e+00,1.452062e-08,0.0000,98.3958,1.6042,1.585394e+02
19100,7.011374e-07,1.039250e+01,6.168617e-12,3.425826e-04,0.000000e+00,3.414940e-04,3.447886e-04,0.000000e+00,1.448864e-08,-1.232751e-12,1.550040e-10,0.000000e+00,0.000000e+00,0.000000e+00,1.448864e-08,0.0000,98.4044,1.5956,1.590507e+02
19200,7.048083e-07,1.050441e+01,6.235039e-12,3.415847e-04,0.000000e+00,3.420988e-04,3.234904e-04,0.000000e+00,1.451116e-08,5.263602e-12,1.467027e-10,0.000000e+00,0.000000e+00,0.000000e+00,1.451116e-08,0.0000,98.4159,1.5841,1.589765e+02
19300,7.084792e-07,1.075168e+01,6.381811e-12,3.421593e-04,0.000000e+00,3.403449e-04,3.021763e-04,0.000000e+00,1.443984e-08,2.208598e-12,1.472125e-10,0.000000e+00,0.000000e+00,0.000000e+00,1.443984e-08,0.0000,98.4229,1.5771,1.590428e+02
19400,7.121501e-07,1.111011e+01,6.594562e-12,3.430967e-04,0.000000e+00,3.440039e-04,2.851402e-04,0.000000e+00,1.458437e-08,1.051764e-12,1.298117e-10,0.000000e+00,0.000000e+00,0.000000e+00,1.458437e-08,0.0000,98.4349,1.5651,1.588142e+02
19500,7.158210e-07,1.156465e+01,6.864357e-12,3.443063e-04,0.000000e+00,3.414335e-04,2.708102e-04,0.000000e+00,1.446895e-08,-1.398332e-12,1.241407e-10,0.000000e+00,0.000000e+00,0.000000e+00,1.446895e-08,0.0000,98.4397,1.5603,1.586717e+02
19600,7.194918e-07,1.208065e+01,7.170637e-12,3.418569e-04,0.000000e+00,3.405868e-04,2.584218e-04,0.000000e+00,1.442169e-08,2.858997e-12,1.190863e-10,0.000000e+00,0.000000e+00,0.000000e+00,1.442169e-08,0.0000,98.4474,1.5526,1.584243e+02
19700,7.231627e-07,1.264117e+01,7.503342e-12,3.420081e-04,0.000000e+00,3.430362e-04,2.513744e-04,0.000000e+00,1.449841e-08,-1.112665e-12,1.217188e-10,0.000000e+00,0.000000e+00,0.000000e+00,1.449841e-08,0.0000,98.4592,1.5408,1.578318e+02
19800,7.268336e-07,1.323192e+01,7.853991e-12,3.411916e-04,0.000000e+00,3.409194e-04,2.456698e-04,0.000000e+00,1.439231e-08,4.028518e-12,1.129157e-10,0.000000e+00,0.000000e+00,0.000000e+00,1.439231e-08,0.0000,98.4685,1.5315,1.574768e+02
19900,7.305045e-07,1.383379e+01,8.211241e-12,3.414940e-04,0.000000e+00,3.417661e-04,2.441740e-04,0.000000e+00,1.440784e-08,-2.522685e-12,1.276468e-10,0.000000e+00,0.000000e+00,0.000000e+00,1.440784e-08,0.0000,98.4787,1.5213,1.570389e+02
20000,7.341753e-07,1.440764e+01,8.551858e-12,3.423709e-04,0.000000e+00,3.409497e-04,2.495820e-04,0.000000e+00,1.434467e-08,-9.555451e-13,1.177869e-10,0.000000e+00,0.000000e+00,0.000000e+00,1.434467e-08,0.0000,98.4856,1.5144,1.564094e+02
20100,7.378462e-07,1.495338e+01,8.875791e-12,3.434898e-04,0.000000e+00,3.409799e-04,2.552455e-04,0.000000e+00,1.433130e-08,3.817120e-12,1.423127e-10,0.000000e+00,0.000000e+00,0.000000e+00,1.433130e-08,0.0000,98.4906,1.5094,1.560965e+02
20200,7.415171e-07,1.538506e+01,9.132018e-12,3.427943e-04,0.000000e+00,3.437015e-04,2.729945e-04,0.000000e+00,1.443339e-08,7.614891e-12,1.481038e-10,0.000000e+00,0.000000e+00,0.000000e+00,1.443339e-08,0.0000,98.5016,1.4984,1.558385e+02
20300,7.451880e-07,1.570946e+01,9.324571e-12,3.427036e-04,0.000000e+00,3.402542e-04,2.902492e-04,0.000000e+00,1.426823e-08,4.001391e-13,1.577269e-10,0.000000e+00,0.000000e+00,0.000000e+00,1.426823e-08,0.0000,98.5064,1.4936,1.553835e+02
20400,7.488588e-07,1.588377e+01,9.428034e-12,3.432479e-04,0.000000e+00,3.413126e-04,3.150631e-04,0.000000e+00,1.429258e-08,-6.782296e-12,1.601100e-10,0.000000e+00,0.000000e+00,0.000000e+00,1.429258e-08,0.0000,98.5122,1.4878,1.549653e+02
20500,7.525297e-07,1.589790e+01,9.436424e-12,3.423709e-04,0.000000e+00,3.430967e-04,3.400854e-04,0.000000e+00,1.436443e-08,5.701236e-13,1.757683e-10,0.000000e+00,0.000000e+00,0.000000e+00,1.436443e-08,0.0000,98.5225,1.4775,1.549050e+02
20600,7.562006e-07,1.571020e+01,9.325009e-12,3.409497e-04,0.000000e+00,3.420988e-04,3.713006e-04,0.000000e+00,1.431692e-08,-3.932684e-12,1.854302e-10,0.000000e+00,0.000000e+00,0.000000e+00,1.431692e-08,0.0000,98.5335,1.4665,1.547862e+02
20700,7.598715e-07,1.538756e+01,9.133502e-12,3.417359e-04,0.000000e+00,3.437317e-04,3.939053e-04,0.000000e+00,1.439055e-08,1.763251e-12,1.989034e-10,0.000000e+00,0.000000e+00,0.000000e+00,1.439055e-08,0.0000,98.5458,1.4542,1.548941e+02
20800,7.635424e-07,1.492758e+01,8.860475e-12,3.421593e-04,0.000000e+00,3.399820e-04,4.165356e-04,0.000000e+00,1.423435e-08,-1.662674e-12,2.049921e-10,0.000000e+00,0.000000e+00,0.000000e+00,1.423435e-08,0.0000,98.5507,1.4493,1.549046e+02
20900,7.672132e-07,1.437781e+01,8.534148e-12,3.431572e-04,0.000000e+00,3.414637e-04,4.320535e-04,0.000000e+00,1.431169e-08,-2.505459e-12,1.860246e-10,0.000000e+00,0.000000e+00,0.000000e+00,1.431169e-08,0.0000,98.5564,1.4436,1.552432e+02
21000,7.708841e-07,1.377069e+01,8.173787e-12,3.403146e-04,0.000000e+00,3.430362e-04,4.384820e-04,0.000000e+00,1.439675e-08,7.418564e-12,2.012005e-10,0.000000e+00,0.000000e+00,0.000000e+00,1.439675e-08,0.0000,98.5696,1.4304,1.556557e+02
21100,7.745550e-07,1.318361e+01,7.825315e-12,3.434898e-04,0.000000e+00,3.440643e-04,4.384188e-04,0.000000e+00,1.445576e-08,-1.285119e-12,2.123184e-10,0.000000e+00,0.000000e+00,0.000000e+00,1.445576e-08,0.0000,98.5791,1.4209,1.559982e+02
21200,7.782259e-07,1.261588e+01,7.488334e-12,3.432176e-04,0.000000e+00,3.434898e-04,4.350159e-04,0.000000e+00,1.445675e-08,1.806834e-12,2.033300e-10,0.000000e+00,0.000000e+00,0.000000e+00,1.445675e-08,0.0000,98.5879,1.4121,1.565284e+02
21300,7.818967e-07,1.212773e+01,7.198583e-12,3.433084e-04,0.000000e+00,3.420081e-04,4.222409e-04,0.000000e+00,1.441617e-08,-2.410726e-12,1.825943e-10,0.000000e+00,0.000000e+00,0.000000e+00,1.441617e-08,0.0000,98.5939,1.4061,1.570154e+02
21400,7.855676e-07,1.174816e+01,6.973283e-12,3.445179e-04,0.000000e+00,3.453646e-04,4.058929e-04,0.000000e+00,1.456929e-08,-2.046654e-12,1.893051e-10,0.000000e+00,0.000000e+00,0.000000e+00,1.456929e-08,0.0000,98.6035,1.3965,1.572649e+02
21500,7.892385e-07,1.150018e+01,6.826092e-12,3.437922e-04,0.000000e+00,3.441551e-04,3.838891e-04,0.000000e+00,1.454660e-08,1.002079e-12,1.533273e-10,0.000000e+00,0.000000e+00,0.000000e+00,1.454660e-08,0.0000,98.6122,1.3878,1.578713e+02
21600,7.929094e-07,1.138446e+01,6.757408e-12,3.432479e-04,0.000000e+00,3.426431e-04,3.619585e-04,0.000000e+00,1.449263e-08,-1.740725e-12,1.655574e-10,0.000000e+00,0.000000e+00,0.000000e+00,1.449263e-08,0.0000,98.6191,1.3809,1.580795e+02
21700,7.965802e-07,1.139247e+01,6.762160e-12,3.411009e-04,0.000000e+00,3.448203e-04,3.398062e-04,0.000000e+00,1.458753e-08,8.542501e-12,1.534314e-10,0.000000e+00,0.000000e+00,0.000000e+00,1.458753e-08,0.0000,98.6331,1.3669,1.581450e+02
21800,8.002511e-07,1.155690e+01,6.859758e-12,3.430362e-04,0.000000e+00,3.447598e-04,3.164492e-04,0.000000e+00,1.457994e-08,2.929314e-12,1.413716e-10,0.000000e+00,0.000000e+00,0.000000e+00,1.457994e-08,0.0000,98.6437,1.3563,1.580393e+02
21900,8.039220e-07,1.182880e+01,7.021152e-12,3.430362e-04,0.000000e+00,3.408590e-04,2.990702e-04,0.000000e+00,1.441827e-08,5.026740e-12,1.413526e-10,0.000000e+00,0.000000e+00,0.000000e+00,1.441827e-08,0.0000,98.6477,1.3523,1.581068e+02
22000,8.075929e-07,1.222773e+01,7.257938e-12,3.445784e-04,0.000000e+00,3.409194e-04,2.800745e-04,0.000000e+00,1.441469e-08,-6.505990e-12,1.249529e-10,0.000000e+00,0.000000e+00,0.000000e+00,1.441469e-08,0.0000,98.6494,1.3506,1.579638e+02
22100,8.112637e-07,1.270584e+01,7.541732e-12,3.423407e-04,0.000000e+00,3.443365e-04,2.650309e-04,0.000000e+00,1.454821e-08,-4.381998e-12,1.263536e-10,0.000000e+00,0.000000e+00,0.000000e+00,1.454821e-08,0.0000,98.6601,1.3399,1.577424e+02
22200,8.149346e-07,1.324991e+01,7.864669e-12,3.413126e-04,0.000000e+00,3.439736e-04,2.533400e-04,0.000000e+00,1.451690e-08,-3.979612e-12,1.249263e-10,0.000000e+00,0.000000e+00,0.000000e+00,1.451690e-08,0.0000,98.6718,1.3282,1.573887e+02
22300,8.186055e-07,1.385519e+01,8.223945e-12,3.430664e-04,0.000000e+00,3.421593e-04,2.451945e-04,0.000000e+00,1.442321e-08,8.602687e-13,1.320130e-10,0.000000e+00,0.000000e+00,0.000000e+00,1.442321e-08,0.0000,98.6777,1.3223,1.570264e+02
22400,8.222764e-07,1.447829e+01,8.593793e-12,3.444877e-04,0.000000e+00,3.401332e-04,2.437357e-04,0.000000e+00,1.431061e-08,-2.286038e-13,1.301102e-10,0.000000e+00,0.000000e+00,0.000000e+00,1.431061e-08,0.0000,98.6780,1.3220,1.564311e+02
22500,8.259473e-07,1.507629e+01,8.948744e-12,3.421593e-04,0.000000e+00,3.417359e-04,2.454654e-04,0.000000e+00,1.436470e-08,-3.950799e-12,1.373632e-10,0.000000e+00,0.000000e+00,0.000000e+00,1.436470e-08,0.0000,98.6845,1.3155,1.561458e+02
22600,8.296181e-07,1.566269e+01,9.296808e-12,3.413730e-04,0.000000e+00,3.438829e-04,2.465554e-04,0.000000e+00,1.443574e-08,-1.143917e-11,1.348401e-10,0.000000e+00,0.000000e+00,0.000000e+00,1.443574e-08,0.0000,98.6955,1.3045,1.557272e+02
22700,8.332890e-07,1.619010e+01,9.609858e-12,3.417964e-04,0.000000e+00,3.417359e-04,2.565169e-04,0.000000e+00,1.432338e-08,-7.750194e-13,1.618981e-10,0.000000e+00,0.000000e+00,0.000000e+00,1.432338e-08,0.0000,98.7025,1.2975,1.552493e+02
22800,8.369599e-07,1.661726e+01,9.863405e-12,3.435503e-04,0.000000e+00,3.399518e-04,2.744804e-04,0.000000e+00,1.422494e-08,-4.923857e-12,1.652523e-10,0.000000e+00,0.000000e+00,0.000000e+00,1.422494e-08,0.0000,98.7038,1.2962,1.547314e+02
22900,8.406308e-07,1.692585e+01,1.004658e-11,3.440946e-04,0.000000e+00,3.416149e-04,2.941957e-04,0.000000e+00,1.428111e-08,-2.397849e-12,1.825458e-10,0.000000e+00,0.000000e+00,0.000000e+00,1.428111e-08,0.0000,98.7069,1.2931,1.544450e+02
23000,8.443016e-07,1.704561e+01,1.011766e-11,3.409799e-04,0.000000e+00,3.415847e-04,3.216157e-04,0.000000e+00,1.426865e-08,-5.270231e-12,1.897005e-10,0.000000e+00,0.000000e+00,0.000000e+00,1.426865e-08,0.0000,98.7146,1.2854,1.542063e+02
23100,8.479725e-07,1.699092e+01,1.008520e-11,3.456973e-04,0.000000e+00,3.437015e-04,3.545409e-04,0.000000e+00,1.434364e-08,-3.104319e-12,2.068164e-10,0.000000e+00,0.000000e+00,0.000000e+00,1.434364e-08,0.0000,98.7184,1.2816,1.539281e+02
23200,8.516434e-07,1.673547e+01,9.933572e-12,3.408892e-04,0.000000e+00,3.417359e-04,3.821942e-04,0.000000e+00,1.426307e-08,-4.897433e-12,2.010496e-10,0.000000e+00,0.000000e+00,0.000000e+00,1.426307e-08,0.0000,98.7264,1.2736,1.539573e+02
23300,8.553143e-07,1.631145e+01,9.681892e-12,3.413126e-04,0.000000e+00,3.434898e-04,4.098740e-04,0.000000e+00,1.433952e-08,-4.159170e-12,1.970496e-10,0.000000e+00,0.000000e+00,0.000000e+00,1.433952e-08,0.0000,98.7363,1.2637,1.540260e+02
23400,8.589851e-07,1.576994e+01,9.360469e-12,3.428548e-04,0.000000e+00,3.444575e-04,4.304151e-04,0.000000e+00,1.439093e-08,-4.653103e-12,2.322934e-10,0.000000e+00,0.000000e+00,0.000000e+00,1.439093e-08,0.0000,98.7453,1.2547,1.542658e+02
23500,8.626560e-07,1.514229e+01,8.987917e-12,3.425826e-04,0.000000e+00,3.403751e-04,4.440711e-04,0.000000e+00,1.423943e-08,-3.329738e-12,2.146868e-10,0.000000e+00,0.000000e+00,0.000000e+00,1.423943e-08,0.0000,98.7484,1.2516,1.546743e+02
23600,8.663269e-07,1.450359e+01,8.608808e-12,3.438829e-04,0.000000e+00,3.437922e-04,4.471577e-04,0.000000e+00,1.439844e-08,-5.474780e-12,2.043690e-10,0.000000e+00,0.000000e+00,0.000000e+00,1.439844e-08,0.0000,98.7547,1.2453,1.550174e+02
23700,8.699978e-07,1.387085e+01,8.233241e-12,3.427943e-04,0.000000e+00,3.443970e-04,4.451043e-04,0.000000e+00,1.444321e-08,-1.088765e-12,2.072073e-10,0.000000e+00,0.000000e+00,0.000000e+00,1.444321e-08,0.0000,98.7635,1.2365,1.554365e+02
23800,8.736687e-07,1.327355e+01,7.878704e-12,3.395284e-04,0.000000e+00,3.433991e-04,4.361092e-04,0.000000e+00,1.443086e-08,-2.038403e-12,1.942582e-10,0.000000e+00,0.000000e+00,0.000000e+00,1.443086e-08,0.0000,98.7754,1.2246,1.560708e+02
23900,8.773395e-07,1.281037e+01,7.603775e-12,3.446086e-04,0.000000e+00,3.426733e-04,4.195034e-04,0.000000e+00,1.442210e-08,-2.507863e-12,1.797725e-10,0.000000e+00,0.000000e+00,0.000000e+00,1.442210e-08,0.0000,98.7788,1.2212,1.565410e+02
24000,8.810104e-07,1.244824e+01,7.388829e-12,3.391655e-04,0.000000e+00,3.438829e-04,3.977201e-04,0.000000e+00,1.448514e-08,-3.633966e-12,1.598244e-10,0.000000e+00,0.000000e+00,0.000000e+00,1.448514e-08,0.0000,98.7918,1.2082,1.567940e+02
24100,8.846813e-07,1.223189e+01,7.260410e-12,3.431269e-04,0.000000e+00,3.426733e-04,3.781098e-04,0.000000e+00,1.445325e-08,1.747466e-12,1.550801e-10,0.000000e+00,0.000000e+00,0.000000e+00,1.445325e-08,0.0000,98.7972,1.2028,1.572109e+02
24200,8.883522e-07,1.217392e+01,7.226000e-12,3.427036e-04,0.000000e+00,3.429757e-04,3.520773e-04,0.000000e+00,1.447470e-08,-4.215673e-12,1.499703e-10,0.000000e+00,0.000000e+00,0.000000e+00,1.447470e-08,0.0000,98.8036,1.1964,1.573942e+02
24300,8.920230e-07,1.225130e+01,7.271929e-12,3.427640e-04,0.000000e+00,3.401332e-04,3.302524e-04,0.000000e+00,1.435932e-08,8.703420e-12,1.397106e-10,0.000000e+00,0.000000e+00,0.000000e+00,1.435932e-08,0.0000,98.8057,1.1943,1.574918e+02
24400,8.956939e-07,1.245945e+01,7.395482e-12,3.420988e-04,0.000000e+00,3.439131e-04,3.084412e-04,0.000000e+00,1.452227e-08,-2.731842e-12,1.340993e-10,0.000000e+00,0.000000e+00,0.000000e+00,1.452227e-08,0.0000,98.8142,1.1858,1.575763e+02
24500,8.993648e-07,1.280199e+01,7.598802e-12,3.424616e-04,0.000000e+00,3.416452e-04,2.870743e-04,0.000000e+00,1.442168e-08,2.144705e-12,1.268605e-10,0.000000e+00,0.000000e+00,0.000000e+00,1.442168e-08,0.0000,98.8189,1.1811,1.574697e+02
24600,9.030357e-07,1.324555e+01,7.862083e-12,3.436107e-04,0.000000e+00,3.419173e-04,2.718892e-04,0.000000e+00,1.441158e-08,-4.588328e-12,1.335327e-10,0.000000e+00,0.000000e+00,0.000000e+00,1.441158e-08,0.0000,98.8222,1.1778,1.569956e+02
24700,9.067065e-07,1.376399e+01,8.169810e-12,3.423407e-04,0.000000e+00,3.420988e-04,2.585115e-04,0.000000e+00,1.440986e-08,1.109976e-13,1.428543e-10,0.000000e+00,0.000000e+00,0.000000e+00,1.440986e-08,0.0000,98.8276,1.1724,1.568010e+02
24800,9.103774e-07,1.433230e+01,8.507140e-12,3.401030e-04,0.000000e+00,3.424919e-04,2.482094e-04,0.000000e+00,1.441124e-08,-5.566491e-13,1.331299e-10,0.000000e+00,0.000000e+00,0.000000e+00,1.441124e-08,0.0000,98.8366,1.1634,1.564701e+02
24900,9.140483e-07,1.494079e+01,8.868314e-12,3.412823e-04,0.000000e+00,3.415242e-04,2.428931e-04,0.000000e+00,1.434815e-08,6.691325e-13,1.265579e-10,0.000000e+00,0.000000e+00,0.000000e+00,1.434815e-08,0.0000,98.8425,1.1575,1.559821e+02
25000,9.177192e-07,1.557004e+01,9.241814e-12,3.411916e-04,0.000000e+00,3.418266e-04,2.394448e-04,0.000000e+00,1.433628e-08,-5.182342e-12,1.439264e-10,0.000000e+00,0.000000e+00,0.000000e+00,1.433628e-08,0.0000,98.8489,1.1511,1.554566e+02
25100,9.213900e-07,1.620136e+01,9.616545e-12,3.438829e-04,0.000000e+00,3.403751e-04,2.418008e-04,0.000000e+00,1.427058e-08,-6.139622e-12,1.444428e-10,0.000000e+00,0.000000e+00,0.000000e+00,1.427058e-08,0.0000,98.8496,1.1504,1.553449e+02
25200,9.250609e-07,1.677846e+01,9.959089e-12,3.397401e-04,0.000000e+00,3.391655e-04,2.464262e-04,0.000000e+00,1.419630e-08,-1.143686e-11,1.616841e-10,0.000000e+00,0.000000e+00,0.000000e+00,1.419630e-08,0.0000,98.8542,1.1458,1.548417e+02
25300,9.287318e-07,1.728251e+01,1.025828e-11,3.409194e-04,0.000000e+00,3.420081e-04,2.594158e-04,0.000000e+00,1.430126e-08,3.814308e-12,1.619471e-10,0.000000e+00,0.000000e+00,0.000000e+00,1.430126e-08,0.0000,98.8611,1.1389,1.545385e+02
25400,9.324027e-07,1.771110e+01,1.051267e-11,3.454251e-04,0.000000e+00,3.412823e-04,2.761239e-04,0.000000e+00,1.424208e-08,2.130179e-12,1.845735e-10,0.000000e+00,0.000000e+00,0.000000e+00,1.424208e-08,0.0000,98.8608,1.1392,1.539203e+02
25500,9.360736e-07,1.796607e+01,1.066401e-11,3.416149e-04,0.000000e+00,3.384398e-04,3.003880e-04,0.000000e+00,1.411517e-08,2.189801e-12,2.100384e-10,0.000000e+00,0.000000e+00,0.000000e+00,1.411517e-08,0.0000,98.8618,1.1382,1.537338e+02
25600,9.397444e-07,1.802078e+01,1.069649e-11,3.412823e-04,0.000000e+00,3.426128e-04,3.324357e-04,0.000000e+00,1.428179e-08,-1.819100e-12,2.200117e-10,0.000000e+00,0.000000e+00,0.000000e+00,1.428179e-08,0.0000,98.8688,1.1312,1.535771e+02
25700,9.434153e-07,1.787256e+01,1.060851e-11,3.426431e-04,0.000000e+00,3.425826e-04,3.666102e-04,0.000000e+00,1.426400e-08,-5.915714e-12,2.240501e-10,0.000000e+00,0.000000e+00,0.000000e+00,1.426400e-08,0.0000,98.8740,1.1260,1.532314e+02
25800,9.470862e-07,1.753127e+01,1.040593e-11,3.425221e-04,0.000000e+00,3.425221e-04,3.977077e-04,0.000000e+00,1.426734e-08,-7.813117e-12,2.361612e-10,0.000000e+00,0.000000e+00,0.000000e+00,1.426734e-08,0.0000,98.8792,1.1208,1.533586e+02
25900,9.507571e-07,1.699731e+01,1.008899e-11,3.404054e-04,0.000000e+00,3.422500e-04,4.267429e-04,0.000000e+00,1.426347e-08,-4.766544e-12,2.264732e-10,0.000000e+00,0.000000e+00,0.000000e+00,1.426347e-08,0.0000,98.8868,1.1132,1.535149e+02
26000,9.544279e-07,1.636632e+01,9.714457e-12,3.428850e-04,0.000000e+00,3.426431e-04,4.449142e-04,0.000000e+00,1.429136e-08,-6.836264e-12,2.162999e-10,0.000000e+00,0.000000e+00,0.000000e+00,1.429136e-08,0.0000,98.8915,1.1085,1.537625e+02
26100,9.580988e-07,1.569575e+01,9.316435e-12,3.440946e-04,0.000000e+00,3.413730e-04,4.525217e-04,0.000000e+00,1.425301e-08,-1.448891e-12,2.260029e-10,0.000000e+00,0.000000e+00,0.000000e+00,1.425301e-08,0.0000,98.8930,1.1070,1.540805e+02
26200,9.617697e-07,1.498539e+01,8.894789e-12,3.409194e-04,0.000000e+00,3.428548e-04,4.557820e-04,0.000000e+00,1.433613e-08,-3.942146e-13,2.205418e-10,0.000000e+00,0.000000e+00,0.000000e+00,1.433613e-08,0.0000,98.9005,1.0995,1.545318e+02
26300,9.654406e-07,1.434360e+01,8.513847e-12,3.426733e-04,0.000000e+00,3.445482e-04,4.464473e-04,0.000000e+00,1.443896e-08,-6.014893e-12,1.955538e-10,0.000000e+00,0.000000e+00,0.000000e+00,1.443896e-08,0.0000,98.9080,1.0920,1.552158e+02
26400,9.691114e-07,1.379669e+01,8.189220e-12,3.428245e-04,0.000000e+00,3.448203e-04,4.312576e-04,0.000000e+00,1.446525e-08,-1.452341e-12,1.918374e-10,0.000000e+00,0.000000e+00,0.000000e+00,1.446525e-08,0.0000,98.9155,1.0845,1.555405e+02
26500,9.727823e-07,1.337239e+01,7.937368e-12,3.440039e-04,0.000000e+00,3.419173e-04,4.126121e-04,0.000000e+00,1.437210e-08,-1.846269e-12,1.668992e-10,0.000000e+00,0.000000e+00,0.000000e+00,1.437210e-08,0.0000,98.9176,1.0824,1.561596e+02
26600,9.764532e-07,1.306008e+01,7.751993e-12,3.382886e-04,0.000000e+00,3.437619e-04,3.887872e-04,0.000000e+00,1.445950e-08,-5.866432e-12,1.465935e-10,0.000000e+00,0.000000e+00,0.000000e+00,1.445950e-08,0.0000,98.9295,1.0705,1.563693e+02
26700,9.801241e-07,1.291827e+01,7.667819e-12,3.428548e-04,0.000000e+00,3.426431e-04,3.657850e-04,0.000000e+00,1.442087e-08,-5.833658e-13,1.459085e-10,0.000000e+00,0.000000e+00,0.000000e+00,1.442087e-08,0.0000,98.9340,1.0660,1.565433e+02
26800,9.837950e-07,1.294061e+01,7.681079e-12,3.426128e-04,0.000000e+00,3.427338e-04,3.390007e-04,0.000000e+00,1.443439e-08,-9.065198e-12,1.287039e-10,0.000000e+00,0.000000e+00,0.000000e+00,1.443439e-08,0.0000,98.9388,1.0612,1.567499e+02
26900,9.874658e-07,1.309426e+01,7.772283e-12,3.437619e-04,0.000000e+00,3.400425e-04,3.189168e-04,0.000000e+00,1.432991e-08,2.020011e-13,1.451631e-10,0.000000e+00,0.000000e+00,0.000000e+00,1.432991e-08,0.0000,98.9387,1.0613,1.569475e+02
27000,9.911367e-07,1.339428e+01,7.950363e-12,3.446389e-04,0.000000e+00,3.432781e-04,2.961271e-04,0.000000e+00,1.446579e-08,-5.657503e-12,1.357585e-10,0.000000e+00,0.000000e+00,0.000000e+00,1.446579e-08,0.0000,98.9417,1.0583,1.569369e+02
27100,9.948076e-07,1.377679e+01,8.177406e-12,3.411614e-04,0.000000e+00,3.439736e-04,2.793116e-04,0.000000e+00,1.447812e-08,-9.323455e-12,1.387282e-10,0.000000e+00,0.000000e+00,0.000000e+00,1.447812e-08,0.0000,98.9498,1.0502,1.565774e+02
27200,9.984785e-07,1.425169e+01,8.459289e-12,3.411614e-04,0.000000e+00,3.434293e-04,2.643725e-04,0.000000e+00,1.445030e-08,1.443378e-12,1.254101e-10,0.000000e+00,0.000000e+00,0.000000e+00,1.445030e-08,0.0000,98.9572,1.0428,1.564695e+02
27300,1.002149e-06,1.481927e+01,8.796185e-12,3.423407e-04,0.000000e+00,3.427338e-04,2.505651e-04,0.000000e+00,1.439666e-08,-1.218610e-11,1.381572e-10,0.000000e+00,0.000000e+00,0.000000e+00,1.439666e-08,0.0000,98.9622,1.0378,1.559378e+02
27400,1.005820e-06,1.541571e+01,9.150213e-12,3.409497e-04,0.000000e+00,3.396494e-04,2.445075e-04,0.000000e+00,1.425255e-08,-6.449449e-12,1.379315e-10,0.000000e+00,0.000000e+00,0.000000e+00,1.425255e-08,0.0000,98.9650,1.0350,1.556198e+02
27500,1.009491e-06,1.604620e+01,9.524447e-12,3.411916e-04,0.000000e+00,3.415545e-04,2.392449e-04,0.000000e+00,1.431592e-08,1.843290e-12,1.431379e-10,0.000000e+00,0.000000e+00,0.000000e+00,1.431592e-08,0.0000,98.9699,1.0301,1.552661e+02
27600,1.013162e-06,1.671097e+01,9.919033e-12,3.446389e-04,0.000000e+00,3.399820e-04,2.371479e-04,0.000000e+00,1.422716e-08,-1.068159e-12,1.494506e-10,0.000000e+00,0.000000e+00,0.000000e+00,1.422716e-08,0.0000,98.9685,1.0315,1.547652e+02
27700,1.016833e-06,1.731333e+01,1.027657e-11,3.413126e-04,0.000000e+00,3.410102e-04,2.439139e-04,0.000000e+00,1.425519e-08,-1.162835e-12,1.641233e-10,0.000000e+00,0.000000e+00,0.000000e+00,1.425519e-08,0.0000,98.9725,1.0275,1.544492e+02
27800,1.020504e-06,1.788150e+01,1.061381e-11,3.433991e-04,0.000000e+00,3.419173e-04,2.515290e-04,0.000000e+00,1.427991e-08,1.870896e-12,1.786718e-10,0.000000e+00,0.000000e+00,0.000000e+00,1.427991e-08,0.0000,98.9750,1.0250,1.541560e+02
27900,1.024175e-06,1.836179e+01,1.089890e-11,3.429455e-04,0.000000e+00,3.413428e-04,2.652843e-04,0.000000e+00,1.422871e-08,-1.209271e-12,1.906375e-10,0.000000e+00,0.000000e+00,0.000000e+00,1.422871e-08,0.0000,98.9774,1.0226,1.535836e+02
28000,1.027845e-06,1.870581e+01,1.110310e-11,3.434898e-04,0.000000e+00,3.410706e-04,2.878631e-04,0.000000e+00,1.420445e-08,-1.155492e-12,2.217822e-10,0.000000e+00,0.000000e+00,0.000000e+00,1.420445e-08,0.0000,98.9787,1.0213,1.532977e+02
28100,1.031516e-06,1.887403e+01,1.120294e-11,3.418569e-04,0.000000e+00,3.424616e-04,3.146574e-04,0.000000e+00,1.425974e-08,-2.380819e-12,2.179256e-10,0.000000e+00,0.000000e+00,0.000000e+00,1.425974e-08,0.0000,98.9837,1.0163,1.532588e+02
28200,1.035187e-06,1.882561e+01,1.117420e-11,3.421290e-04,0.000000e+00,3.436107e-04,3.499584e-04,0.000000e+00,1.428502e-08,-1.730860e-12,2.320265e-10,0.000000e+00,0.000000e+00,0.000000e+00,1.428502e-08,0.0000,98.9897,1.0103,1.527725e+02
28300,1.038858e-06,1.856402e+01,1.101893e-11,3.399820e-04,0.000000e+00,3.419173e-04,3.822800e-04,0.000000e+00,1.420512e-08,-2.933843e-12,2.486829e-10,0.000000e+00,0.000000e+00,0.000000e+00,1.420512e-08,0.0000,98.9962,1.0038,1.525663e+02
28400,1.042529e-06,1.809146e+01,1.073844e-11,3.413730e-04,0.000000e+00,3.417661e-04,4.177828e-04,0.000000e+00,1.420745e-08,-2.311921e-12,2.540105e-10,0.000000e+00,0.000000e+00,0.000000e+00,1.420745e-08,0.0000,99.0008,0.9992,1.527489e+02
28500,1.046200e-06,1.746914e+01,1.036905e-11,3.394075e-04,0.000000e+00,3.393470e-04,4.400342e-04,0.000000e+00,1.411342e-08,1.100483e-12,2.476699e-10,0.000000e+00,0.000000e+00,0.000000e+00,1.411342e-08,0.0000,99.0048,0.9952,1.528922e+02
28600,1.049871e-06,1.677555e+01,9.957360e-12,3.444877e-04,0.000000e+00,3.435805e-04,4.566389e-04,0.000000e+00,1.430834e-08,5.076935e-12,2.404432e-10,0.000000e+00,0.000000e+00,0.000000e+00,1.430834e-08,0.0000,99.0078,0.9922,1.533027e+02
28700,1.053542e-06,1.604052e+01,9.521075e-12,3.428548e-04,0.000000e+00,3.421895e-04,4.617053e-04,0.000000e+00,1.427236e-08,-1.043661e-12,2.297687e-10,0.000000e+00,0.000000e+00,0.000000e+00,1.427236e-08,0.0000,99.0110,0.9890,1.537552e+02
28800,1.057212e-06,1.536312e+01,9.118995e-12,3.453344e-04,0.000000e+00,3.423407e-04,4.548668e-04,0.000000e+00,1.430492e-08,-2.408581e-12,1.989509e-10,0.000000e+00,0.000000e+00,0.000000e+00,1.430492e-08,0.0000,99.0115,0.9885,1.543320e+02
28900,1.060883e-06,1.473430e+01,8.745753e-12,3.410404e-04,0.000000e+00,3.435503e-04,4.427169e-04,0.000000e+00,1.436551e-08,1.050257e-12,1.800949e-10,0.000000e+00,0.000000e+00,0.000000e+00,1.436551e-08,0.0000,99.0184,0.9816,1.545488e+02
29000,1.064554e-06,1.422932e+01,8.446014e-12,3.425826e-04,0.000000e+00,3.467556e-04,4.242359e-04,0.000000e+00,1.453065e-08,-8.017491e-12,1.706651e-10,0.000000e+00,0.000000e+00,0.000000e+00,1.453065e-08,0.0000,99.0273,0.9727,1.552049e+02
29100,1.068225e-06,1.385838e+01,8.225838e-12,3.430060e-04,0.000000e+00,3.402542e-04,4.029850e-04,0.000000e+00,1.427733e-08,-3.825498e-12,1.480537e-10,0.000000e+00,0.000000e+00,0.000000e+00,1.427733e-08,0.0000,99.0280,0.9720,1.556079e+02
29200,1.071896e-06,1.363687e+01,8.094356e-12,3.398913e-04,0.000000e+00,3.456066e-04,3.757089e-04,0.000000e+00,1.451632e-08,-1.946391e-12,1.353820e-10,0.000000e+00,0.000000e+00,0.000000e+00,1.451632e-08,0.0000,99.0385,0.9615,1.559326e+02
29300,1.075567e-06,1.358386e+01,8.062889e-12,3.411614e-04,0.000000e+00,3.427640e-04,3.497335e-04,0.000000e+00,1.440857e-08,5.050132e-12,1.326897e-10,0.000000e+00,0.000000e+00,0.000000e+00,1.440857e-08,0.0000,99.0441,0.9559,1.561772e+02
29400,1.079238e-06,1.368826e+01,8.124860e-12,3.430664e-04,0.000000e+00,3.408590e-04,3.261846e-04,0.000000e+00,1.432773e-08,-1.561215e-11,1.367239e-10,0.000000e+00,0.000000e+00,0.000000e+00,1.432773e-08,0.0000,99.0454,0.9546,1.561575e+02
29500,1.082909e-06,1.392502e+01,8.265388e-12,3.420685e-04,0.000000e+00,3.416754e-04,3.037867e-04,0.000000e+00,1.436578e-08,6.443198e-12,1.426286e-10,0.000000e+00,0.000000e+00,0.000000e+00,1.436578e-08,0.0000,99.0487,0.9513,1.562453e+02
29600,1.086579e-06,1.428780e+01,8.480727e-12,3.433688e-04,0.000000e+00,3.441551e-04,2.847074e-04,0.000000e+00,1.446827e-08,-2.648111e-12,1.292043e-10,0.000000e+00,0.000000e+00,0.000000e+00,1.446827e-08,0.0000,99.0533,0.9467,1.562005e+02
29700,1.090250e-06,1.474575e+01,8.752549e-12,3.435805e-04,0.000000e+00,3.403449e-04,2.695322e-04,0.000000e+00,1.430019e-08,1.478957e-12,1.375930e-10,0.000000e+00,0.000000e+00,0.000000e+00,1.430019e-08,0.0000,99.0533,0.9467,1.560279e+02
29800,1.093921e-06,1.529013e+01,9.075668e-12,3.437619e-04,0.000000e+00,3.445179e-04,2.557396e-04,0.000000e+00,1.445248e-08,-2.208367e-12,1.312566e-10,0.000000e+00,0.000000e+00,0.000000e+00,1.445248e-08,0.0000,99.0579,0.9421,1.555429e+02
29900,1.097592e-06,1.589685e+01,9.435801e-12,3.448203e-04,0.000000e+00,3.423105e-04,2.467150e-04,0.000000e+00,1.434708e-08,-1.102524e-12,1.455753e-10,0.000000e+00,0.000000e+00,0.000000e+00,1.434708e-08,0.0000,99.0587,0.9413,1.552601e+02
30000,1.101263e-06,1.651612e+01,9.803373e-12,3.430060e-04,0.000000e+00,3.407078e-04,2.428738e-04,0.000000e+00,1.425777e-08,-1.801120e-13,1.540440e-10,0.000000e+00,0.000000e+00,0.000000e+00,1.425777e-08,0.0000,99.0598,0.9402,1.547844e+02
30100,1.104934e-06,1.715833e+01,1.018457e-11,3.411311e-04,0.000000e+00,3.452134e-04,2.372888e-04,0.000000e+00,1.443300e-08,8.067411e-12,1.500667e-10,0.000000e+00,0.000000e+00,0.000000e+00,1.443300e-08,0.0000,99.0680,0.9320,1.545035e+02
30200,1.108605e-06,1.778168e+01,1.055457e-11,3.419476e-04,0.000000e+00,3.430967e-04,2.411544e-04,0.000000e+00,1.432725e-08,-4.384041e-12,1.697656e-10,0.000000e+00,0.000000e+00,0.000000e+00,1.432725e-08,0.0000,99.0728,0.9272,1.541353e+02
30300,1.112276e-06,1.836208e+01,1.089907e-11,3.405566e-04,0.000000e+00,3.402239e-04,2.467078e-04,0.000000e+00,1.418256e-08,4.335805e-12,1.933249e-10,0.000000e+00,0.000000e+00,0.000000e+00,1.418256e-08,0.0000,99.0760,0.9240,1.535974e+02
30400,1.115947e-06,1.888904e+01,1.121186e-11,3.427640e-04,0.000000e+00,3.420383e-04,2.575569e-04,0.000000e+00,1.424312e-08,-1.296931e-12,1.986279e-10,0.000000e+00,0.000000e+00,0.000000e+00,1.424312e-08,0.0000,99.0787,0.9213,1.532838e+02
30500,1.119617e-06,1.930626e+01,1.145950e-11,3.429455e-04,0.000000e+00,3.387724e-04,2.754838e-04,0.000000e+00,1.408869e-08,-1.196840e-13,2.015623e-10,0.000000e+00,0.000000e+00,0.000000e+00,1.408869e-08,0.0000,99.0776,0.9224,1.528691e+02
30600,1.123288e-06,1.955048e+01,1.160446e-11,3.406775e-04,0.000000e+00,3.404961e-04,3.011879e-04,0.000000e+00,1.415492e-08,-1.612715e-12,2.407450e-10,0.000000e+00,0.000000e+00,0.000000e+00,1.415492e-08,0.0000,99.0808,0.9192,1.527624e+02
30700,1.126959e-06,1.959717e+01,1.163217e-11,3.414335e-04,0.000000e+00,3.410706e-04,3.338846e-04,0.000000e+00,1.416503e-08,-7.006219e-12,2.477952e-10,0.000000e+00,0.000000e+00,0.000000e+00,1.416503e-08,0.0000,99.0839,0.9161,1.524710e+02
30800,1.130630e-06,1.942207e+01,1.152824e-11,3.427036e-04,0.000000e+00,3.424919e-04,3.710167e-04,0.000000e+00,1.421040e-08,2.648774e-12,2.634246e-10,0.000000e+00,0.000000e+00,0.000000e+00,1.421040e-08,0.0000,99.0871,0.9129,1.521791e+02
30900,1.134301e-06,1.901163e+01,1.128462e-11,3.380769e-04,0.000000e+00,3.400727e-04,4.044430e-04,0.000000e+00,1.410599e-08,-1.297293e-13,2.836579e-10,0.000000e+00,0.000000e+00,0.000000e+00,1.410599e-08,0.0000,99.0926,0.9074,1.520894e+02
31000,1.137972e-06,1.842388e+01,1.093575e-11,3.396494e-04,0.000000e+00,3.415847e-04,4.346852e-04,0.000000e+00,1.418416e-08,-3.021927e-12,2.793184e-10,0.000000e+00,0.000000e+00,0.000000e+00,1.418416e-08,0.0000,99.0981,0.9019,1.524185e+02
31100,1.141643e-06,1.773295e+01,1.052564e-11,3.419173e-04,0.000000e+00,3.424616e-04,4.536377e-04,0.000000e+00,1.422427e-08,3.472393e-12,2.333642e-10,0.000000e+00,0.000000e+00,0.000000e+00,1.422427e-08,0.0000,99.1020,0.8980,1.525018e+02
31200,1.145314e-06,1.697287e+01,1.007448e-11,3.425826e-04,0.000000e+00,3.402239e-04,4.654845e-04,0.000000e+00,1.416040e-08,-4.636557e-12,2.226125e-10,0.000000e+00,0.000000e+00,0.000000e+00,1.416040e-08,0.0000,99.1028,0.8972,1.531272e+02
31300,1.148984e-06,1.622411e+01,9.630049e-12,3.404054e-04,0.000000e+00,3.426128e-04,4.614758e-04,0.000000e+00,1.428701e-08,8.152603e-13,2.048941e-10,0.000000e+00,0.000000e+00,0.000000e+00,1.428701e-08,0.0000,99.1084,0.8916,1.537092e+02
31400,1.152655e-06,1.558316e+01,9.249600e-12,3.457275e-04,0.000000e+00,3.417057e-04,4.493672e-04,0.000000e+00,1.427592e-08,-2.487865e-12,1.661136e-10,0.000000e+00,0.000000e+00,0.000000e+00,1.427592e-08,0.0000,99.1074,0.8926,1.542794e+02
31500,1.156326e-06,1.501777e+01,8.914008e-12,3.397401e-04,0.000000e+00,3.419778e-04,4.311603e-04,0.000000e+00,1.429599e-08,-2.202360e-12,1.430025e-10,0.000000e+00,0.000000e+00,0.000000e+00,1.429599e-08,0.0000,99.1130,0.8870,1.544736e+02
31600,1.159997e-06,1.461015e+01,8.672060e-12,3.419778e-04,0.000000e+00,3.461509e-04,4.078879e-04,0.000000e+00,1.450421e-08,-1.564722e-12,1.443879e-10,0.000000e+00,0.000000e+00,0.000000e+00,1.450421e-08,0.0000,99.1207,0.8793,1.551932e+02
31700,1.163668e-06,1.434650e+01,8.515569e-12,3.413730e-04,0.000000e+00,3.432176e-04,3.840037e-04,0.000000e+00,1.438788e-08,-3.502723e-12,1.173858e-10,0.000000e+00,0.000000e+00,0.000000e+00,1.438788e-08,0.0000,99.1258,0.8742,1.553353e+02
31800,1.167339e-06,1.425554e+01,8.461574e-12,3.422802e-04,0.000000e+00,3.402844e-04,3.569891e-04,0.000000e+00,1.427766e-08,-1.464200e-12,1.151587e-10,0.000000e+00,0.000000e+00,0.000000e+00,1.427766e-08,0.0000,99.1269,0.8731,1.555923e+02
31900,1.171010e-06,1.431798e+01,8.498635e-12,3.453344e-04,0.000000e+00,3.424616e-04,3.352384e-04,0.000000e+00,1.436329e-08,-1.314359e-12,1.258720e-10,0.000000e+00,0.000000e+00,0.000000e+00,1.436329e-08,0.0000,99.1270,0.8730,1.554754e+02
32000,1.174681e-06,1.450374e+01,8.608899e-12,3.421895e-04,0.000000e+00,3.416452e-04,3.121520e-04,0.000000e+00,1.434236e-08,-7.121113e-12,1.396573e-10,0.000000e+00,0.000000e+00,0.000000e+00,1.434236e-08,0.0000,99.1296,0.8704,1.557548e+02
32100,1.178351e-06,1.482919e+01,8.802073e-12,3.444272e-04,0.000000e+00,3.456066e-04,2.918040e-04,0.000000e+00,1.450121e-08,-2.158876e-12,1.404956e-10,0.000000e+00,0.000000e+00,0.000000e+00,1.450121e-08,0.0000,99.1339,0.8661,1.555997e+02
32200,1.182022e-06,1.524480e+01,9.048767e-12,3.424012e-04,0.000000e+00,3.433991e-04,2.751980e-04,0.000000e+00,1.440180e-08,7.454749e-12,1.352122e-10,0.000000e+00,0.000000e+00,0.000000e+00,1.440180e-08,0.0000,99.1380,0.8620,1.554604e+02
32300,1.185693e-06,1.575595e+01,9.352166e-12,3.428245e-04,0.000000e+00,3.416149e-04,2.601742e-04,0.000000e+00,1.431442e-08,-7.367665e-12,1.408700e-10,0.000000e+00,0.000000e+00,0.000000e+00,1.431442e-08,0.0000,99.1399,0.8601,1.551887e+02
32400,1.189364e-06,1.631305e+01,9.682841e-12,3.411614e-04,0.000000e+00,3.435805e-04,2.510808e-04,0.000000e+00,1.437598e-08,-2.460911e-12,1.716238e-10,0.000000e+00,0.000000e+00,0.000000e+00,1.437598e-08,0.0000,99.1454,0.8546,1.547445e+02
32500,1.193035e-06,1.692103e+01,1.004371e-11,3.420383e-04,0.000000e+00,3.404961e-04,2.437313e-04,0.000000e+00,1.424260e-08,-2.472803e-12,1.678785e-10,0.000000e+00,0.000000e+00,0.000000e+00,1.424260e-08,0.0000,99.1468,0.8532,1.546434e+02
32600,1.196706e-06,1.753947e+01,1.041080e-11,3.400425e-04,0.000000e+00,3.420081e-04,2.400440e-04,0.000000e+00,1.427947e-08,-8.847624e-12,1.540173e-10,0.000000e+00,0.000000e+00,0.000000e+00,1.427947e-08,0.0000,99.1518,0.8482,1.540929e+02
32700,1.200377e-06,1.816605e+01,1.078271e-11,3.424314e-04,0.000000e+00,3.411614e-04,2.411159e-04,0.000000e+00,1.422308e-08,3.378365e-12,1.903215e-10,0.000000e+00,0.000000e+00,0.000000e+00,1.422308e-08,0.0000,99.1535,0.8465,1.536363e+02
32800,1.204048e-06,1.875630e+01,1.113307e-11,3.398006e-04,0.000000e+00,3.387724e-04,2.443593e-04,0.000000e+00,1.410796e-08,-1.907973e-12,1.850431e-10,0.000000e+00,0.000000e+00,0.000000e+00,1.410796e-08,0.0000,99.1553,0.8447,1.532817e+02
32900,1.207718e-06,1.931419e+01,1.146421e-11,3.442458e-04,0.000000e+00,3.428245e-04,2.540381e-04,0.000000e+00,1.426663e-08,-3.096923e-12,2.097526e-10,0.000000e+00,0.000000e+00,0.000000e+00,1.426663e-08,0.0000,99.1569,0.8431,1.530832e+02
33000,1.211389e-06,1.975234e+01,1.172428e-11,3.406775e-04,0.000000e+00,3.380467e-04,2.698299e-04,0.000000e+00,1.406464e-08,-6.157835e-12,2.240185e-10,0.000000e+00,0.000000e+00,0.000000e+00,1.406464e-08,0.0000,99.1571,0.8429,1.530146e+02
33100,1.215060e-06,2.005542e+01,1.190418e-11,3.400727e-04,0.000000e+00,3.414637e-04,2.910660e-04,0.000000e+00,1.417228e-08,-4.421737e-12,2.504681e-10,0.000000e+00,0.000000e+00,0.000000e+00,1.417228e-08,0.0000,99.1614,0.8386,1.522729e+02
33200,1.218731e-06,2.015506e+01,1.196332e-11,3.381072e-04,0.000000e+00,3.423407e-04,3.219966e-04,0.000000e+00,1.419594e-08,-3.658496e-12,2.737083e-10,0.000000e+00,0.000000e+00,0.000000e+00,1.419594e-08,0.0000,99.1685,0.8315,1.520113e+02
33300,1.222402e-06,2.007095e+01,1.191339e-11,3.439434e-04,0.000000e+00,3.378048e-04,3.575434e-04,0.000000e+00,1.401452e-08,-2.923409e-12,2.792105e-10,0.000000e+00,0.000000e+00,0.000000e+00,1.401452e-08,0.0000,99.1652,0.8348,1.521511e+02
33400,1.226073e-06,1.978655e+01,1.174459e-11,3.453646e-04,0.000000e+00,3.388329e-04,3.913499e-04,0.000000e+00,1.404101e-08,-6.957009e-12,2.805150e-10,0.000000e+00,0.000000e+00,0.000000e+00,1.404101e-08,0.0000,99.1616,0.8384,1.517959e+02
33500,1.229744e-06,1.924719e+01,1.142444e-11,3.411614e-04,0.000000e+00,3.425221e-04,4.283733e-04,0.000000e+00,1.420064e-08,4.587995e-12,2.692483e-10,0.000000e+00,0.000000e+00,0.000000e+00,1.420064e-08,0.0000,99.1658,0.8342,1.519482e+02
33600,1.233415e-06,1.860018e+01,1.104040e-11,3.410102e-04,0.000000e+00,3.447901e-04,4.456295e-04,0.000000e+00,1.431030e-08,-9.700683e-12,2.442619e-10,0.000000e+00,0.000000e+00,0.000000e+00,1.431030e-08,0.0000,99.1723,0.8277,1.522777e+02
33700,1.237085e-06,1.786774e+01,1.060565e-11,3.413730e-04,0.000000e+00,3.430664e-04,4.598048e-04,0.000000e+00,1.424358e-08,-3.802446e-13,2.126535e-10,0.000000e+00,0.000000e+00,0.000000e+00,1.424358e-08,0.0000,99.1768,0.8232,1.523818e+02
33800,1.240756e-06,1.714446e+01,1.017633e-11,3.433084e-04,0.000000e+00,3.415242e-04,4.602602e-04,0.000000e+00,1.419950e-08,-2.858959e-12,1.916946e-10,0.000000e+00,0.000000e+00,0.000000e+00,1.419950e-08,0.0000,99.1778,0.8222,1.528023e+02
33900,1.244427e-06,1.643788e+01,9.756933e-12,3.423407e-04,0.000000e+00,3.433688e-04,4.565915e-04,0.000000e+00,1.430208e-08,-3.933891e-12,1.417244e-10,0.000000e+00,0.000000e+00,0.000000e+00,1.430208e-08,0.0000,99.1816,0.8184,1.533591e+02
34000,1.248098e-06,1.584892e+01,9.407348e-12,3.394982e-04,0.000000e+00,3.434293e-04,4.347300e-04,0.000000e+00,1.433746e-08,1.293111e-12,1.455794e-10,0.000000e+00,0.000000e+00,0.000000e+00,1.433746e-08,0.0000,99.1881,0.8119,1.540566e+02
34100,1.251769e-06,1.538826e+01,9.133919e-12,3.417359e-04,0.000000e+00,3.440946e-04,4.162220e-04,0.000000e+00,1.437104e-08,2.042897e-12,1.283306e-10,0.000000e+00,0.000000e+00,0.000000e+00,1.437104e-08,0.0000,99.1931,0.8069,1.541865e+02
34200,1.255440e-06,1.507950e+01,8.950647e-12,3.396494e-04,0.000000e+00,3.404658e-04,3.895754e-04,0.000000e+00,1.424327e-08,2.453963e-12,1.270350e-10,0.000000e+00,0.000000e+00,0.000000e+00,1.424327e-08,0.0000,99.1966,0.8034,1.546984e+02
34300,1.259111e-06,1.491887e+01,8.855305e-12,3.405566e-04,0.000000e+00,3.419476e-04,3.665290e-04,0.000000e+00,1.431451e-08,-8.981724e-12,1.332188e-10,0.000000e+00,0.000000e+00,0.000000e+00,1.431451e-08,0.0000,99.2006,0.7994,1.548948e+02
34400,1.262782e-06,1.492066e+01,8.856370e-12,3.403449e-04,0.000000e+00,3.417359e-04,3.400549e-04,0.000000e+00,1.430957e-08,-6.564961e-12,1.222914e-10,0.000000e+00,0.000000e+00,0.000000e+00,1.430957e-08,0.0000,99.2045,0.7955,1.549744e+02
34500,1.266452e-06,1.507773e+01,8.949601e-12,3.431874e-04,0.000000e+00,3.393470e-04,3.177899e-04,0.000000e+00,1.421480e-08,-7.346921e-12,1.340555e-10,0.000000e+00,0.000000e+00,0.000000e+00,1.421480e-08,0.0000,99.2035,0.7965,1.550948e+02
34600,1.270123e-06,1.536929e+01,9.122657e-12,3.443365e-04,0.000000e+00,3.410404e-04,2.971935e-04,0.000000e+00,1.428786e-08,-2.021074e-12,1.430196e-10,0.000000e+00,0.000000e+00,0.000000e+00,1.428786e-08,0.0000,99.2029,0.7971,1.551303e+02
34700,1.273794e-06,1.575585e+01,9.352109e-12,3.426733e-04,0.000000e+00,3.423105e-04,2.801673e-04,0.000000e+00,1.432933e-08,-1.626673e-12,1.407975e-10,0.000000e+00,0.000000e+00,0.000000e+00,1.432933e-08,0.0000,99.2052,0.7948,1.548870e+02
34800,1.277465e-06,1.623265e+01,9.635115e-12,3.429152e-04,0.000000e+00,3.422197e-04,2.658202e-04,0.000000e+00,1.430692e-08,3.635327e-13,1.698843e-10,0.000000e+00,0.000000e+00,0.000000e+00,1.430692e-08,0.0000,99.2071,0.7929,1.544848e+02
34900,1.281136e-06,1.677605e+01,9.957661e-12,3.415847e-04,0.000000e+00,3.447296e-04,2.537185e-04,0.000000e+00,1.441635e-08,-2.685433e-14,1.631642e-10,0.000000e+00,0.000000e+00,0.000000e+00,1.441635e-08,0.0000,99.2127,0.7873,1.545859e+02
35000,1.284807e-06,1.732982e+01,1.028636e-11,3.395587e-04,0.000000e+00,3.443063e-04,2.500162e-04,0.000000e+00,1.438204e-08,-5.026190e-12,1.784830e-10,0.000000e+00,0.000000e+00,0.000000e+00,1.438204e-08,0.0000,99.2197,0.7803,1.542386e+02
35100,1.288478e-06,1.793314e+01,1.064447e-11,3.403449e-04,0.000000e+00,3.388632e-04,2.427913e-04,0.000000e+00,1.413187e-08,9.391225e-13,1.923079e-10,0.000000e+00,0.000000e+00,0.000000e+00,1.413187e-08,0.0000,99.2208,0.7792,1.537329e+02
35200,1.292149e-06,1.853713e+01,1.100297e-11,3.409497e-04,0.000000e+00,3.389841e-04,2.432883e-04,0.000000e+00,1.411563e-08,-5.111742e-12,2.021811e-10,0.000000e+00,0.000000e+00,0.000000e+00,1.411563e-08,0.0000,99.2215,0.7785,1.532749e+02
35300,1.295819e-06,1.913706e+01,1.135907e-11,3.416149e-04,0.000000e+00,3.408590e-04,2.446082e-04,0.000000e+00,1.418206e-08,5.185758e-12,2.127460e-10,0.000000e+00,0.000000e+00,0.000000e+00,1.418206e-08,0.0000,99.2232,0.7768,1.530319e+02
35400,1.299490e-06,1.969925e+01,1.169277e-11,3.451832e-04,0.000000e+00,3.396494e-04,2.542790e-04,0.000000e+00,1.412635e-08,-9.005226e-12,2.144756e-10,0.000000e+00,0.000000e+00,0.000000e+00,1.412635e-08,0.0000,99.2206,0.7794,1.529027e+02
35500,1.303161e-06,2.016691e+01,1.197035e-11,3.427036e-04,0.000000e+00,3.395284e-04,2.670850e-04,0.000000e+00,1.409693e-08,5.036831e-12,2.456736e-10,0.000000e+00,0.000000e+00,0.000000e+00,1.409693e-08,0.0000,99.2201,0.7799,1.523819e+02
35600,1.306832e-06,2.052927e+01,1.218544e-11,3.436410e-04,0.000000e+00,3.407985e-04,2.850494e-04,0.000000e+00,1.413758e-08,1.745106e-12,2.503989e-10,0.000000e+00,0.000000e+00,0.000000e+00,1.413758e-08,0.0000,99.2200,0.7800,1.521277e+02
35700,1.310503e-06,2.070702e+01,1.229094e-11,3.418871e-04,0.000000e+00,3.436712e-04,3.131454e-04,0.000000e+00,1.424708e-08,-2.169996e-12,2.641028e-10,0.000000e+00,0.000000e+00,0.000000e+00,1.424708e-08,0.0000,99.2241,0.7759,1.519233e+02
35800,1.314174e-06,2.068356e+01,1.227701e-11,3.421290e-04,0.000000e+00,3.430362e-04,3.459238e-04,0.000000e+00,1.421301e-08,3.191743e-13,2.696526e-10,0.000000e+00,0.000000e+00,0.000000e+00,1.421301e-08,0.0000,99.2274,0.7726,1.517611e+02
35900,1.317845e-06,2.042190e+01,1.212170e-11,3.403449e-04,0.000000e+00,3.423709e-04,3.826536e-04,0.000000e+00,1.417744e-08,-4.759110e-12,2.691300e-10,0.000000e+00,0.000000e+00,0.000000e+00,1.417744e-08,0.0000,99.2316,0.7684,1.515834e+02
36000,1.321516e-06,2.000479e+01,1.187412e-11,3.451530e-04,0.000000e+00,3.410102e-04,4.125982e-04,0.000000e+00,1.411564e-08,-9.578889e-13,2.763769e-10,0.000000e+00,0.000000e+00,0.000000e+00,1.411564e-08,0.0000,99.2303,0.7697,1.514778e+02
36100,1.325186e-06,1.940205e+01,1.151636e-11,3.430060e-04,0.000000e+00,3.414940e-04,4.404663e-04,0.000000e+00,1.414088e-08,-6.242061e-12,2.323297e-10,0.000000e+00,0.000000e+00,0.000000e+00,1.414088e-08,0.0000,99.2313,0.7687,1.515842e+02
36200,1.328857e-06,1.868155e+01,1.108870e-11,3.407985e-04,0.000000e+00,3.429757e-04,4.572987e-04,0.000000e+00,1.421312e-08,-2.717065e-12,2.340622e-10,0.000000e+00,0.000000e+00,0.000000e+00,1.421312e-08,0.0000,99.2357,0.7643,1.518056e+02
36300,1.332528e-06,1.796504e+01,1.066340e-11,3.426733e-04,0.000000e+00,3.471790e-04,4.585310e-04,0.000000e+00,1.440160e-08,1.624863e-13,1.696938e-10,0.000000e+00,0.000000e+00,0.000000e+00,1.440160e-08,0.0000,99.2421,0.7579,1.521170e+02
36400,1.336199e-06,1.726784e+01,1.024957e-11,3.404961e-04,0.000000e+00,3.410102e-04,4.532290e-04,0.000000e+00,1.416848e-08,9.072211e-13,1.489611e-10,0.000000e+00,0.000000e+00,0.000000e+00,1.416848e-08,0.0000,99.2449,0.7551,1.526096e+02
36500,1.339870e-06,1.666517e+01,9.891846e-12,3.411916e-04,0.000000e+00,3.420988e-04,4.386410e-04,0.000000e+00,1.423075e-08,-4.427700e-12,1.195914e-10,0.000000e+00,0.000000e+00,0.000000e+00,1.423075e-08,0.0000,99.2481,0.7519,1.529627e+02
36600,1.343541e-06,1.617171e+01,9.598945e-12,3.406775e-04,0.000000e+00,3.436712e-04,4.204681e-04,0.000000e+00,1.432426e-08,-6.659433e-12,1.069916e-10,0.000000e+00,0.000000e+00,0.000000e+00,1.432426e-08,0.0000,99.2531,0.7469,1.535619e+02
36700,1.347212e-06,1.584893e+01,9.407356e-12,3.400123e-04,0.000000e+00,3.408892e-04,3.922037e-04,0.000000e+00,1.422083e-08,-1.757300e-12,1.113286e-10,0.000000e+00,0.000000e+00,0.000000e+00,1.422083e-08,0.0000,99.2561,0.7439,1.538232e+02
36800,1.350883e-06,1.564964e+01,9.289064e-12,3.400727e-04,0.000000e+00,3.440341e-04,3.722973e-04,0.000000e+00,1.436665e-08,-7.815079e-12,1.323636e-10,0.000000e+00,0.000000e+00,0.000000e+00,1.436665e-08,0.0000,99.2619,0.7381,1.541479e+02
36900,1.354553e-06,1.562824e+01,9.276360e-12,3.429455e-04,0.000000e+00,3.403146e-04,3.464063e-04,0.000000e+00,1.422276e-08,-3.096526e-14,1.314104e-10,0.000000e+00,0.000000e+00,0.000000e+00,1.422276e-08,0.0000,99.2618,0.7382,1.543935e+02
37000,1.358224e-06,1.572340e+01,9.332847e-12,3.408287e-04,0.000000e+00,3.410706e-04,3.254408e-04,0.000000e+00,1.425718e-08,2.397226e-12,1.406330e-10,0.000000e+00,0.000000e+00,0.000000e+00,1.425718e-08,0.0000,99.2643,0.7357,1.544508e+02
37100,1.361895e-06,1.596787e+01,9.477952e-12,3.440946e-04,0.000000e+00,3.424012e-04,3.045660e-04,0.000000e+00,1.431870e-08,-2.906484e-12,1.525734e-10,0.000000e+00,0.000000e+00,0.000000e+00,1.431870e-08,0.0000,99.2650,0.7350,1.545709e+02
37200,1.365566e-06,1.630478e+01,9.677929e-12,3.397703e-04,0.000000e+00,3.420685e-04,2.852937e-04,0.000000e+00,1.429659e-08,-5.242340e-13,1.704200e-10,0.000000e+00,0.000000e+00,0.000000e+00,1.429659e-08,0.0000,99.2693,0.7307,1.543978e+02
37300,1.369237e-06,1.673406e+01,9.932735e-12,3.433991e-04,0.000000e+00,3.409497e-04,2.739862e-04,0.000000e+00,1.424213e-08,2.584115e-12,1.753013e-10,0.000000e+00,0.000000e+00,0.000000e+00,1.424213e-08,0.0000,99.2693,0.7307,1.542376e+02
37400,1.372908e-06,1.723843e+01,1.023211e-11,3.444272e-04,0.000000e+00,3.422197e-04,2.628732e-04,0.000000e+00,1.429222e-08,-9.067755e-12,1.833962e-10,0.000000e+00,0.000000e+00,0.000000e+00,1.429222e-08,0.0000,99.2696,0.7304,1.541833e+02
37500,1.376579e-06,1.778518e+01,1.055664e-11,3.400123e-04,0.000000e+00,3.411614e-04,2.516051e-04,0.000000e+00,1.423260e-08,1.440597e-12,1.877540e-10,0.000000e+00,0.000000e+00,0.000000e+00,1.423260e-08,0.0000,99.2728,0.7272,1.538402e+02
37600,1.380250e-06,1.836965e+01,1.090356e-11,3.444272e-04,0.000000e+00,3.430664e-04,2.499212e-04,0.000000e+00,1.429956e-08,-6.493708e-13,1.994678e-10,0.000000e+00,0.000000e+00,0.000000e+00,1.429956e-08,0.0000,99.2738,0.7262,1.535673e+02
37700,1.383921e-06,1.897126e+01,1.126065e-11,3.446389e-04,0.000000e+00,3.416149e-04,2.473614e-04,0.000000e+00,1.421058e-08,1.234215e-12,2.140504e-10,0.000000e+00,0.000000e+00,0.000000e+00,1.421058e-08,0.0000,99.2733,0.7267,1.529655e+02
37800,1.387591e-06,1.953260e+01,1.159385e-11,3.412218e-04,0.000000e+00,3.406170e-04,2.504554e-04,0.000000e+00,1.416137e-08,-1.283415e-12,2.189821e-10,0.000000e+00,0.000000e+00,0.000000e+00,1.416137e-08,0.0000,99.2749,0.7251,1.527986e+02
37900,1.391262e-06,2.007315e+01,1.191470e-11,3.455461e-04,0.000000e+00,3.425221e-04,2.581407e-04,0.000000e+00,1.422734e-08,-2.725555e-12,2.379329e-10,0.000000e+00,0.000000e+00,0.000000e+00,1.422734e-08,0.0000,99.2745,0.7255,1.525138e+02
38000,1.394933e-06,2.054153e+01,1.219271e-11,3.444877e-04,0.000000e+00,3.426733e-04,2.687539e-04,0.000000e+00,1.422252e-08,-4.573031e-12,2.521725e-10,0.000000e+00,0.000000e+00,0.000000e+00,1.422252e-08,0.0000,99.2751,0.7249,1.522720e+02
38100,1.398604e-06,2.087676e+01,1.239170e-11,3.404356e-04,0.000000e+00,3.443063e-04,2.862291e-04,0.000000e+00,1.427919e-08,3.852509e-12,2.555703e-10,0.000000e+00,0.000000e+00,0.000000e+00,1.427919e-08,0.0000,99.2805,0.7195,1.520476e+02
38200,1.402275e-06,2.109322e+01,1.252018e-11,3.434596e-04,0.000000e+00,3.408287e-04,3.084598e-04,0.000000e+00,1.411029e-08,-7.635972e-12,2.622861e-10,0.000000e+00,0.000000e+00,0.000000e+00,1.411029e-08,0.0000,99.2804,0.7196,1.515229e+02
38300,1.405946e-06,2.111650e+01,1.253400e-11,3.435200e-04,0.000000e+00,3.441551e-04,3.397550e-04,0.000000e+00,1.424328e-08,-4.109679e-12,2.776213e-10,0.000000e+00,0.000000e+00,0.000000e+00,1.424328e-08,0.0000,99.2831,0.7169,1.514184e+02
38400,1.409617e-06,2.094514e+01,1.243228e-11,3.441551e-04,0.000000e+00,3.398913e-04,3.718632e-04,0.000000e+00,1.406512e-08,-1.201221e-11,2.588895e-10,0.000000e+00,0.000000e+00,0.000000e+00,1.406512e-08,0.0000,99.2815,0.7185,1.513749e+02
38500,1.413288e-06,2.052883e+01,1.218517e-11,3.384398e-04,0.000000e+00,3.437619e-04,4.057566e-04,0.000000e+00,1.421394e-08,5.175772e-12,2.570698e-10,0.000000e+00,0.000000e+00,0.000000e+00,1.421394e-08,0.0000,99.2881,0.7119,1.511359e+02
38600,1.416958e-06,2.002082e+01,1.188364e-11,3.447598e-04,0.000000e+00,3.430060e-04,4.269013e-04,0.000000e+00,1.418345e-08,-3.625576e-12,2.341909e-10,0.000000e+00,0.000000e+00,0.000000e+00,1.418345e-08,0.0000,99.2887,0.7113,1.511608e+02
38700,1.420629e-06,1.937597e+01,1.150088e-11,3.419173e-04,0.000000e+00,3.429757e-04,4.461868e-04,0.000000e+00,1.418769e-08,3.324557e-12,2.016384e-10,0.000000e+00,0.000000e+00,0.000000e+00,1.418769e-08,0.0000,99.2917,0.7083,1.512765e+02
38800,1.424300e-06,1.870148e+01,1.110053e-11,3.420685e-04,0.000000e+00,3.420081e-04,4.511306e-04,0.000000e+00,1.417577e-08,2.242656e-12,1.658801e-10,0.000000e+00,0.000000e+00,0.000000e+00,1.417577e-08,0.0000,99.2936,0.7064,1.518793e+02
38900,1.427971e-06,1.804344e+01,1.070994e-11,3.432176e-04,0.000000e+00,3.435503e-04,4.496195e-04,0.000000e+00,1.425255e-08,-7.238460e-13,1.221022e-10,0.000000e+00,0.000000e+00,0.000000e+00,1.425255e-08,0.0000,99.2960,0.7040,1.521475e+02
39000,1.431642e-06,1.748020e+01,1.037562e-11,3.442760e-04,0.000000e+00,3.427338e-04,4.353501e-04,0.000000e+00,1.422772e-08,-9.213289e-12,9.835844e-11,0.000000e+00,0.000000e+00,0.000000e+00,1.422772e-08,0.0000,99.2967,0.7033,1.523539e+02
39100,1.435313e-06,1.701085e+01,1.009703e-11,3.416149e-04,0.000000e+00,3.450320e-04,4.175062e-04,0.000000e+00,1.435389e-08,-1.034902e-11,1.228165e-10,0.000000e+00,0.000000e+00,0.000000e+00,1.435389e-08,0.0000,99.3016,0.6984,1.529951e+02
39200,1.438984e-06,1.665487e+01,9.885733e-12,3.400727e-04,0.000000e+00,3.429455e-04,3.976333e-04,0.000000e+00,1.427655e-08,-8.873683e-12,1.279943e-10,0.000000e+00,0.000000e+00,0.000000e+00,1.427655e-08,0.0000,99.3059,0.6941,1.531987e+02
39300,1.442655e-06,1.647979e+01,9.781809e-12,3.453042e-04,0.000000e+00,3.459089e-04,3.736145e-04,0.000000e+00,1.441203e-08,-2.458644e-12,1.383036e-10,0.000000e+00,0.000000e+00,0.000000e+00,1.441203e-08,0.0000,99.3084,0.6916,1.534511e+02
39400,1.446325e-06,1.642835e+01,9.751275e-12,3.433084e-04,0.000000e+00,3.427338e-04,3.516261e-04,0.000000e+00,1.429678e-08,-3.045058e-12,1.306496e-10,0.000000e+00,0.000000e+00,0.000000e+00,1.429678e-08,0.0000,99.3099,0.6901,1.538141e+02
39500,1.449996e-06,1.650525e+01,9.796921e-12,3.433084e-04,0.000000e+00,3.435200e-04,3.308738e-04,0.000000e+00,1.433794e-08,-2.434396e-13,1.479740e-10,0.000000e+00,0.000000e+00,0.000000e+00,1.433794e-08,0.0000,99.3120,0.6880,1.539955e+02
39600,1.453667e-06,1.668742e+01,9.905051e-12,3.394679e-04,0.000000e+00,3.426733e-04,3.100116e-04,0.000000e+00,1.430266e-08,-3.213031e-12,1.516676e-10,0.000000e+00,0.000000e+00,0.000000e+00,1.430266e-08,0.0000,99.3166,0.6834,1.539899e+02
39700,1.457338e-06,1.697010e+01,1.007284e-11,3.428850e-04,0.000000e+00,3.431572e-04,2.971760e-04,0.000000e+00,1.431846e-08,3.850826e-12,1.933835e-10,0.000000e+00,0.000000e+00,0.000000e+00,1.431846e-08,0.0000,99.3187,0.6813,1.538972e+02
39800,1.461009e-06,1.734883e+01,1.029764e-11,3.424012e-04,0.000000e+00,3.419173e-04,2.811629e-04,0.000000e+00,1.425479e-08,-4.103151e-12,1.969657e-10,0.000000e+00,0.000000e+00,0.000000e+00,1.425479e-08,0.0000,99.3203,0.6797,1.536359e+02
39900,1.464680e-06,1.778152e+01,1.055447e-11,3.412521e-04,0.000000e+00,3.405868e-04,2.712884e-04,0.000000e+00,1.420046e-08,1.585234e-12,2.154489e-10,0.000000e+00,0.000000e+00,0.000000e+00,1.420046e-08,0.0000,99.3216,0.6784,1.536608e+02
40000,1.468351e-06,1.827226e+01,1.084576e-11,3.410404e-04,0.000000e+00,3.429757e-04,2.616897e-04,0.000000e+00,1.428802e-08,3.413658e-12,2.177548e-10,0.000000e+00,0.000000e+00,0.000000e+00,1.428802e-08,0.0000,99.3251,0.6749,1.534034e+02
40100,1.472022e-06,1.878896e+01,1.115245e-11,3.422500e-04,0.000000e+00,3.402542e-04,2.587014e-04,0.000000e+00,1.416991e-08,-1.279342e-12,2.090636e-10,0.000000e+00,0.000000e+00,0.000000e+00,1.416991e-08,0.0000,99.3253,0.6747,1.533045e+02
40200,1.475692e-06,1.931580e+01,1.146517e-11,3.412823e-04,0.000000e+00,3.399518e-04,2.560945e-04,0.000000e+00,1.413465e-08,-5.642071e-12,2.091991e-10,0.000000e+00,0.000000e+00,0.000000e+00,1.413465e-08,0.0000,99.3261,0.6739,1.528228e+02
40300,1.479363e-06,1.984841e+01,1.178130e-11,3.431572e-04,0.000000e+00,3.418569e-04,2.570367e-04,0.000000e+00,1.420318e-08,-4.188015e-12,2.489242e-10,0.000000e+00,0.000000e+00,0.000000e+00,1.420318e-08,0.0000,99.3269,0.6731,1.525909e+02
40400,1.483034e-06,2.031594e+01,1.205881e-11,3.401030e-04,0.000000e+00,3.404356e-04,2.645052e-04,0.000000e+00,1.413920e-08,-8.752058e-12,2.376822e-10,0.000000e+00,0.000000e+00,0.000000e+00,1.413920e-08,0.0000,99.3290,0.6710,1.524835e+02
40500,1.486705e-06,2.074115e+01,1.231120e-11,3.425826e-04,0.000000e+00,3.404658e-04,2.738290e-04,0.000000e+00,1.411513e-08,-2.186911e-12,2.338620e-10,0.000000e+00,0.000000e+00,0.000000e+00,1.411513e-08,0.0000,99.3292,0.6708,1.519428e+02
40600,1.490376e-06,2.104502e+01,1.249157e-11,3.386515e-04,0.000000e+00,3.414033e-04,2.895165e-04,0.000000e+00,1.414770e-08,-1.006340e-12,2.556142e-10,0.000000e+00,0.000000e+00,0.000000e+00,1.414770e-08,0.0000,99.3332,0.6668,1.518038e+02
40700,1.494047e-06,2.124055e+01,1.260763e-11,3.416452e-04,0.000000e+00,3.400727e-04,3.100289e-04,0.000000e+00,1.407693e-08,-1.009823e-11,2.724781e-10,0.000000e+00,0.000000e+00,0.000000e+00,1.407693e-08,0.0000,99.3338,0.6662,1.514723e+02
40800,1.497718e-06,2.127119e+01,1.262582e-11,3.399215e-04,0.000000e+00,3.403751e-04,3.349669e-04,0.000000e+00,1.407560e-08,2.421338e-12,2.631080e-10,0.000000e+00,0.000000e+00,0.000000e+00,1.407560e-08,0.0000,99.3359,0.6641,1.511796e+02
40900,1.501389e-06,2.112583e+01,1.253954e-11,3.407380e-04,0.000000e+00,3.382281e-04,3.642421e-04,0.000000e+00,1.397688e-08,-9.966542e-12,2.398413e-10,0.000000e+00,0.000000e+00,0.000000e+00,1.397688e-08,0.0000,99.3357,0.6643,1.509612e+02
41000,1.505059e-06,2.082878e+01,1.236321e-11,3.429152e-04,0.000000e+00,3.399215e-04,3.909478e-04,0.000000e+00,1.403345e-08,-1.132767e-12,2.420858e-10,0.000000e+00,0.000000e+00,0.000000e+00,1.403345e-08,0.0000,99.3352,0.6648,1.506795e+02
41100,1.508730e-06,2.036803e+01,1.208973e-11,3.406775e-04,0.000000e+00,3.419778e-04,4.151791e-04,0.000000e+00,1.412699e-08,-5.280186e-12,1.984138e-10,0.000000e+00,0.000000e+00,0.000000e+00,1.412699e-08,0.0000,99.3380,0.6620,1.508654e+02
41200,1.512401e-06,1.982205e+01,1.176566e-11,3.420081e-04,0.000000e+00,3.407985e-04,4.302896e-04,0.000000e+00,1.409537e-08,5.779366e-12,1.657767e-10,0.000000e+00,0.000000e+00,0.000000e+00,1.409537e-08,0.0000,99.3388,0.6612,1.512335e+02
41300,1.516072e-06,1.923565e+01,1.141759e-11,3.411009e-04,0.000000e+00,3.436107e-04,4.359193e-04,0.000000e+00,1.421145e-08,2.531353e-12,1.371433e-10,0.000000e+00,0.000000e+00,0.000000e+00,1.421145e-08,0.0000,99.3426,0.6574,1.512243e+02
41400,1.519743e-06,1.868640e+01,1.109158e-11,3.435503e-04,0.000000e+00,3.432176e-04,4.323615e-04,0.000000e+00,1.422288e-08,-1.690887e-12,1.354707e-10,0.000000e+00,0.000000e+00,0.000000e+00,1.422288e-08,0.0000,99.3441,0.6559,1.518150e+02
41500,1.523414e-06,1.817427e+01,1.078759e-11,3.407682e-04,0.000000e+00,3.425826e-04,4.235773e-04,0.000000e+00,1.420333e-08,-6.481020e-12,1.204188e-10,0.000000e+00,0.000000e+00,0.000000e+00,1.420333e-08,0.0000,99.3472,0.6528,1.519549e+02
41600,1.527085e-06,1.777038e+01,1.054786e-11,3.429455e-04,0.000000e+00,3.411614e-04,4.082524e-04,0.000000e+00,1.417203e-08,1.481013e-12,1.363400e-10,0.000000e+00,0.000000e+00,0.000000e+00,1.417203e-08,0.0000,99.3476,0.6524,1.525378e+02
41700,1.530756e-06,1.744994e+01,1.035766e-11,3.401937e-04,0.000000e+00,3.453949e-04,3.920074e-04,0.000000e+00,1.434761e-08,7.157183e-12,1.325384e-10,0.000000e+00,0.000000e+00,0.000000e+00,1.434761e-08,0.0000,99.3533,0.6467,1.525432e+02
41800,1.534426e-06,1.728286e+01,1.025848e-11,3.436107e-04,0.000000e+00,3.435503e-04,3.706279e-04,0.000000e+00,1.429222e-08,-9.222139e-12,1.285071e-10,0.000000e+00,0.000000e+00,0.000000e+00,1.429222e-08,0.0000,99.3550,0.6450,1.529908e+02
41900,1.538097e-06,1.723038e+01,1.022733e-11,3.433688e-04,0.000000e+00,3.381676e-04,3.518537e-04,0.000000e+00,1.406444e-08,-5.682788e-14,1.621123e-10,0.000000e+00,0.000000e+00,0.000000e+00,1.406444e-08,0.0000,99.3527,0.6473,1.529071e+02
42000,1.541768e-06,1.728285e+01,1.025848e-11,3.424314e-04,0.000000e+00,3.459392e-04,3.339484e-04,0.000000e+00,1.440886e-08,-3.556459e-12,1.784952e-10,0.000000e+00,0.000000e+00,0.000000e+00,1.440886e-08,0.0000,99.3571,0.6429,1.533520e+02
42100,1.545439e-06,1.742933e+01,1.034542e-11,3.406473e-04,0.000000e+00,3.425524e-04,3.169612e-04,0.000000e+00,1.426648e-08,-2.949665e-12,1.918229e-10,0.000000e+00,0.000000e+00,0.000000e+00,1.426648e-08,0.0000,99.3603,0.6397,1.533228e+02
42200,1.549110e-06,1.767813e+01,1.049310e-11,3.426431e-04,0.000000e+00,3.428548e-04,3.024129e-04,0.000000e+00,1.427905e-08,9.055691e-12,1.966688e-10,0.000000e+00,0.000000e+00,0.000000e+00,1.427905e-08,0.0000,99.3621,0.6379,1.533406e+02
42300,1.552781e-06,1.802511e+01,1.069906e-11,3.450622e-04,0.000000e+00,3.427943e-04,2.889575e-04,0.000000e+00,1.426819e-08,-8.255297e-12,2.176440e-10,0.000000e+00,0.000000e+00,0.000000e+00,1.426819e-08,0.0000,99.3621,0.6379,1.531507e+02
42400,1.556452e-06,1.841816e+01,1.093236e-11,3.415847e-04,0.000000e+00,3.414940e-04,2.780308e-04,0.000000e+00,1.422061e-08,-1.755397e-12,2.162559e-10,0.000000e+00,0.000000e+00,0.000000e+00,1.422061e-08,0.0000,99.3637,0.6363,1.532875e+02
42500,1.560123e-06,1.885777e+01,1.119329e-11,3.451530e-04,0.000000e+00,3.443063e-04,2.740695e-04,0.000000e+00,1.432025e-08,7.483152e-13,2.355168e-10,0.000000e+00,0.000000e+00,0.000000e+00,1.432025e-08,0.0000,99.3647,0.6353,1.529201e+02
42600,1.563793e-06,1.931538e+01,1.146491e-11,3.421593e-04,0.000000e+00,3.404961e-04,2.681666e-04,0.000000e+00,1.415272e-08,9.364488e-13,2.325477e-10,0.000000e+00,0.000000e+00,0.000000e+00,1.415272e-08,0.0000,99.3651,0.6349,1.527238e+02
42700,1.567464e-06,1.977300e+01,1.173654e-11,3.416149e-04,0.000000e+00,3.430060e-04,2.676199e-04,0.000000e+00,1.425535e-08,-4.747645e-12,2.365269e-10,0.000000e+00,0.000000e+00,0.000000e+00,1.425535e-08,0.0000,99.3678,0.6322,1.526935e+02
42800,1.571135e-06,2.022256e+01,1.200339e-11,3.424616e-04,0.000000e+00,3.435200e-04,2.697686e-04,0.000000e+00,1.425332e-08,5.056237e-13,2.275050e-10,0.000000e+00,0.000000e+00,0.000000e+00,1.425332e-08,0.0000,99.3702,0.6298,1.521942e+02
42900,1.574806e-06,2.065373e+01,1.225931e-11,3.430967e-04,0.000000e+00,3.406170e-04,2.733794e-04,0.000000e+00,1.411409e-08,3.542389e-12,2.524767e-10,0.000000e+00,0.000000e+00,0.000000e+00,1.411409e-08,0.0000,99.3700,0.6300,1.517913e+02
43000,1.578477e-06,2.102027e+01,1.247688e-11,3.428245e-04,0.000000e+00,3.419173e-04,2.835558e-04,0.000000e+00,1.416413e-08,-1.517315e-13,2.427819e-10,0.000000e+00,0.000000e+00,0.000000e+00,1.416413e-08,0.0000,99.3709,0.6291,1.517083e+02
43100,1.582148e-06,2.127411e+01,1.262754e-11,3.384700e-04,0.000000e+00,3.399518e-04,2.974266e-04,0.000000e+00,1.407434e-08,4.718937e-12,2.509964e-10,0.000000e+00,0.000000e+00,0.000000e+00,1.407434e-08,0.0000,99.3736,0.6264,1.515369e+02
43200,1.585819e-06,2.145937e+01,1.273751e-11,3.447901e-04,0.000000e+00,3.431874e-04,3.148333e-04,0.000000e+00,1.418943e-08,-9.101925e-12,2.370536e-10,0.000000e+00,0.000000e+00,0.000000e+00,1.418943e-08,0.0000,99.3740,0.6260,1.511271e+02
43300,1.589490e-06,2.147560e+01,1.274714e-11,3.400123e-04,0.000000e+00,3.389841e-04,3.373885e-04,0.000000e+00,1.401387e-08,-2.387139e-12,2.410516e-10,0.000000e+00,0.000000e+00,0.000000e+00,1.401387e-08,0.0000,99.3748,0.6252,1.510849e+02
43400,1.593160e-06,2.135672e+01,1.267658e-11,3.412218e-04,0.000000e+00,3.404961e-04,3.604449e-04,0.000000e+00,1.407133e-08,1.643849e-12,2.438630e-10,0.000000e+00,0.000000e+00,0.000000e+00,1.407133e-08,0.0000,99.3759,0.6241,1.509868e+02
43500,1.596831e-06,2.109913e+01,1.252369e-11,3.416754e-04,0.000000e+00,3.423709e-04,3.833253e-04,0.000000e+00,1.413652e-08,-3.396001e-12,1.949309e-10,0.000000e+00,0.000000e+00,0.000000e+00,1.413652e-08,0.0000,99.3780,0.6220,1.507232e+02
43600,1.600502e-06,2.072385e+01,1.230093e-11,3.428850e-04,0.000000e+00,3.396796e-04,4.035668e-04,0.000000e+00,1.403729e-08,-2.721236e-12,2.026797e-10,0.000000e+00,0.000000e+00,0.000000e+00,1.403729e-08,0.0000,99.3772,0.6228,1.509826e+02
43700,1.604173e-06,2.028478e+01,1.204032e-11,3.435503e-04,0.000000e+00,3.420988e-04,4.145450e-04,0.000000e+00,1.412810e-08,-3.871324e-13,1.489083e-10,0.000000e+00,0.000000e+00,0.000000e+00,1.412810e-08,0.0000,99.3777,0.6223,1.507868e+02
43800,1.607844e-06,1.980483e+01,1.175543e-11,3.420685e-04,0.000000e+00,3.418266e-04,4.196754e-04,0.000000e+00,1.412309e-08,-1.517827e-12,1.465817e-10,0.000000e+00,0.000000e+00,0.000000e+00,1.412309e-08,0.0000,99.3791,0.6209,1.509148e+02
43900,1.611515e-06,1.932574e+01,1.147106e-11,3.412218e-04,0.000000e+00,3.467859e-04,4.186884e-04,0.000000e+00,1.434789e-08,-5.056436e-12,1.096658e-10,0.000000e+00,0.000000e+00,0.000000e+00,1.434789e-08,0.0000,99.3847,0.6153,1.513436e+02
44000,1.615186e-06,1.888402e+01,1.120887e-11,3.417661e-04,0.000000e+00,3.423407e-04,4.131900e-04,0.000000e+00,1.417073e-08,-6.464528e-13,1.478682e-10,0.000000e+00,0.000000e+00,0.000000e+00,1.417073e-08,0.0000,99.3867,0.6133,1.514848e+02
44100,1.618857e-06,1.852143e+01,1.099365e-11,3.417661e-04,0.000000e+00,3.440039e-04,4.003960e-04,0.000000e+00,1.425408e-08,-8.081354e-12,1.337868e-10,0.000000e+00,0.000000e+00,0.000000e+00,1.425408e-08,0.0000,99.3899,0.6101,1.517817e+02
44200,1.622527e-06,1.826922e+01,1.084395e-11,3.429455e-04,0.000000e+00,3.404658e-04,3.837266e-04,0.000000e+00,1.412135e-08,-5.274114e-13,1.448376e-10,0.000000e+00,0.000000e+00,0.000000e+00,1.412135e-08,0.0000,99.3896,0.6104,1.520840e+02
44300,1.626198e-06,1.812199e+01,1.075656e-11,3.456368e-04,0.000000e+00,3.453042e-04,3.694427e-04,0.000000e+00,1.433457e-08,2.289307e-12,1.852288e-10,0.000000e+00,0.000000e+00,0.000000e+00,1.433457e-08,0.0000,99.3909,0.6091,1.523378e+02
44400,1.629869e-06,1.807137e+01,1.072652e-11,3.432176e-04,0.000000e+00,3.417964e-04,3.514024e-04,0.000000e+00,1.420159e-08,-4.655254e-13,1.727926e-10,0.000000e+00,0.000000e+00,0.000000e+00,1.420159e-08,0.0000,99.3914,0.6086,1.526165e+02
44500,1.633540e-06,1.811302e+01,1.075124e-11,3.427338e-04,0.000000e+00,3.450018e-04,3.359989e-04,0.000000e+00,1.433849e-08,1.791887e-12,2.062205e-10,0.000000e+00,0.000000e+00,0.000000e+00,1.433849e-08,0.0000,99.3945,0.6055,1.526926e+02
44600,1.637211e-06,1.825569e+01,1.083592e-11,3.442155e-04,0.000000e+00,3.435805e-04,3.211467e-04,0.000000e+00,1.428130e-08,4.158200e-12,2.007160e-10,0.000000e+00,0.000000e+00,0.000000e+00,1.428130e-08,0.0000,99.3956,0.6044,1.527322e+02
44700,1.640882e-06,1.846351e+01,1.095928e-11,3.436712e-04,0.000000e+00,3.425524e-04,3.100670e-04,0.000000e+00,1.423688e-08,2.330598e-12,2.252477e-10,0.000000e+00,0.000000e+00,0.000000e+00,1.423688e-08,0.0000,99.3962,0.6038,1.526985e+02
44800,1.644553e-06,1.872466e+01,1.111428e-11,3.385910e-04,0.000000e+00,3.448808e-04,2.963649e-04,0.000000e+00,1.433623e-08,-2.689433e-12,2.217588e-10,0.000000e+00,0.000000e+00,0.000000e+00,1.433623e-08,0.0000,99.4022,0.5978,1.527568e+02
44900,1.648224e-06,1.903472e+01,1.129832e-11,3.400727e-04,0.000000e+00,3.436410e-04,2.899381e-04,0.000000e+00,1.427802e-08,1.903873e-12,2.181361e-10,0.000000e+00,0.000000e+00,0.000000e+00,1.427802e-08,0.0000,99.4062,0.5938,1.526111e+02
45000,1.651895e-06,1.939451e+01,1.151188e-11,3.438829e-04,0.000000e+00,3.424314e-04,2.857065e-04,0.000000e+00,1.421997e-08,-1.805353e-12,2.310616e-10,0.000000e+00,0.000000e+00,0.000000e+00,1.421997e-08,0.0000,99.4067,0.5933,1.524422e+02
45100,1.655565e-06,1.978179e+01,1.174176e-11,3.424314e-04,0.000000e+00,3.368674e-04,2.798088e-04,0.000000e+00,1.399518e-08,-2.972295e-12,2.416370e-10,0.000000e+00,0.000000e+00,0.000000e+00,1.399518e-08,0.0000,99.4041,0.5959,1.525767e+02
45200,1.659236e-06,2.018909e+01,1.198352e-11,3.445179e-04,0.000000e+00,3.423709e-04,2.786605e-04,0.000000e+00,1.420238e-08,-5.002991e-12,2.397529e-10,0.000000e+00,0.000000e+00,0.000000e+00,1.420238e-08,0.0000,99.4041,0.5959,1.521247e+02
45300,1.662907e-06,2.056966e+01,1.220941e-11,3.439736e-04,0.000000e+00,3.411916e-04,2.824364e-04,0.000000e+00,1.413659e-08,-1.707241e-12,2.411165e-10,0.000000e+00,0.000000e+00,0.000000e+00,1.413659e-08,0.0000,99.4036,0.5964,1.517644e+02
45400,1.666578e-06,2.093412e+01,1.242574e-11,3.421895e-04,0.000000e+00,3.433084e-04,2.832576e-04,0.000000e+00,1.421532e-08,5.924478e-12,2.348165e-10,0.000000e+00,0.000000e+00,0.000000e+00,1.421532e-08,0.0000,99.4058,0.5942,1.515684e+02
45500,1.670249e-06,2.120296e+01,1.258532e-11,3.407078e-04,0.000000e+00,3.435200e-04,2.972380e-04,0.000000e+00,1.421364e-08,2.322564e-13,2.398712e-10,0.000000e+00,0.000000e+00,0.000000e+00,1.421364e-08,0.0000,99.4092,0.5908,1.513536e+02
45600,1.673920e-06,2.143128e+01,1.272084e-11,3.427640e-04,0.000000e+00,3.424314e-04,3.058461e-04,0.000000e+00,1.416342e-08,-2.312008e-12,2.185934e-10,0.000000e+00,0.000000e+00,0.000000e+00,1.416342e-08,0.0000,99.4104,0.5896,1.512431e+02
45700,1.677591e-06,2.155544e+01,1.279453e-11,3.423709e-04,0.000000e+00,3.406473e-04,3.222947e-04,0.000000e+00,1.406401e-08,-2.896886e-12,2.267183e-10,0.000000e+00,0.000000e+00,0.000000e+00,1.406401e-08,0.0000,99.4106,0.5894,1.506912e+02
45800,1.681262e-06,2.157414e+01,1.280564e-11,3.401937e-04,0.000000e+00,3.387422e-04,3.371695e-04,0.000000e+00,1.398075e-08,2.731168e-12,2.448936e-10,0.000000e+00,0.000000e+00,0.000000e+00,1.398075e-08,0.0000,99.4110,0.5890,1.505903e+02
45900,1.684932e-06,2.148143e+01,1.275060e-11,3.423709e-04,0.000000e+00,3.441248e-04,3.573621e-04,0.000000e+00,1.420148e-08,8.438632e-13,1.961753e-10,0.000000e+00,0.000000e+00,0.000000e+00,1.420148e-08,0.0000,99.4136,0.5864,1.505763e+02
46000,1.688603e-06,2.129498e+01,1.263993e-11,3.440039e-04,0.000000e+00,3.413730e-04,3.741522e-04,0.000000e+00,1.408389e-08,-4.094797e-12,1.794910e-10,0.000000e+00,0.000000e+00,0.000000e+00,1.408389e-08,0.0000,99.4132,0.5868,1.504862e+02
46100,1.692274e-06,2.098825e+01,1.245787e-11,3.394982e-04,0.000000e+00,3.394982e-04,3.890953e-04,0.000000e+00,1.401238e-08,-6.939595e-12,1.610383e-10,0.000000e+00,0.000000e+00,0.000000e+00,1.401238e-08,0.0000,99.4146,0.5854,1.506063e+02
46200,1.695945e-06,2.065218e+01,1.225839e-11,3.440039e-04,0.000000e+00,3.447296e-04,3.983442e-04,0.000000e+00,1.422368e-08,1.113705e-12,1.795846e-10,0.000000e+00,0.000000e+00,0.000000e+00,1.422368e-08,0.0000,99.4165,0.5835,1.505108e+02
46300,1.699616e-06,2.024640e+01,1.201754e-11,3.398006e-04,0.000000e+00,3.420685e-04,4.054136e-04,0.000000e+00,1.411968e-08,-3.094471e-12,1.377774e-10,0.000000e+00,0.000000e+00,0.000000e+00,1.411968e-08,0.0000,99.4194,0.5806,1.506418e+02
46400,1.703287e-06,1.990887e+01,1.181719e-11,3.455763e-04,0.000000e+00,3.424012e-04,4.001540e-04,0.000000e+00,1.414876e-08,-3.173945e-12,1.444661e-10,0.000000e+00,0.000000e+00,0.000000e+00,1.414876e-08,0.0000,99.4186,0.5814,1.509521e+02
46500,1.706958e-06,1.955220e+01,1.160549e-11,3.400425e-04,0.000000e+00,3.438527e-04,3.977131e-04,0.000000e+00,1.421233e-08,4.681231e-12,1.364784e-10,0.000000e+00,0.000000e+00,0.000000e+00,1.421233e-08,0.0000,99.4226,0.5774,1.510396e+02
46600,1.710629e-06,1.926188e+01,1.143316e-11,3.391051e-04,0.000000e+00,3.422500e-04,3.860493e-04,0.000000e+00,1.417319e-08,2.325923e-12,1.669747e-10,0.000000e+00,0.000000e+00,0.000000e+00,1.417319e-08,0.0000,99.4261,0.5739,1.516159e+02
46700,1.714299e-06,1.903111e+01,1.129618e-11,3.400727e-04,0.000000e+00,3.428850e-04,3.773869e-04,0.000000e+00,1.420233e-08,-6.775246e-13,1.696885e-10,0.000000e+00,0.000000e+00,0.000000e+00,1.420233e-08,0.0000,99.4294,0.5706,1.516689e+02
46800,1.717970e-06,1.888718e+01,1.121075e-11,3.410102e-04,0.000000e+00,3.404356e-04,3.642837e-04,0.000000e+00,1.410357e-08,-7.314079e-13,2.036513e-10,0.000000e+00,0.000000e+00,0.000000e+00,1.410357e-08,0.0000,99.4303,0.5697,1.517261e+02
46900,1.721641e-06,1.885736e+01,1.119305e-11,3.443667e-04,0.000000e+00,3.405868e-04,3.491877e-04,0.000000e+00,1.412641e-08,-1.396378e-12,2.005187e-10,0.000000e+00,0.000000e+00,0.000000e+00,1.412641e-08,0.0000,99.4291,0.5709,1.520777e+02
47000,1.725312e-06,1.888031e+01,1.120667e-11,3.420988e-04,0.000000e+00,3.400123e-04,3.383879e-04,0.000000e+00,1.410943e-08,5.280699e-12,1.968041e-10,0.000000e+00,0.000000e+00,0.000000e+00,1.410943e-08,0.0000,99.4290,0.5710,1.522215e+02
47100,1.728983e-06,1.896185e+01,1.125507e-11,3.412521e-04,0.000000e+00,3.456368e-04,3.280674e-04,0.000000e+00,1.433454e-08,6.325715e-12,2.190364e-10,0.000000e+00,0.000000e+00,0.000000e+00,1.433454e-08,0.0000,99.4333,0.5667,1.520536e+02
47200,1.732654e-06,1.911406e+01,1.134542e-11,3.392260e-04,0.000000e+00,3.413730e-04,3.146153e-04,0.000000e+00,1.416855e-08,8.786885e-12,2.241303e-10,0.000000e+00,0.000000e+00,0.000000e+00,1.416855e-08,0.0000,99.4361,0.5639,1.522798e+02
47300,1.736325e-06,1.935070e+01,1.148588e-11,3.433386e-04,0.000000e+00,3.410404e-04,3.050743e-04,0.000000e+00,1.415324e-08,4.375206e-13,2.276728e-10,0.000000e+00,0.000000e+00,0.000000e+00,1.415324e-08,0.0000,99.4358,0.5642,1.522485e+02
47400,1.739996e-06,1.961491e+01,1.164271e-11,3.431269e-04,0.000000e+00,3.416754e-04,3.004049e-04,0.000000e+00,1.416972e-08,-2.538054e-12,2.310603e-10,0.000000e+00,0.000000e+00,0.000000e+00,1.416972e-08,0.0000,99.4361,0.5639,1.520449e+02
47500,1.743666e-06,1.992332e+01,1.182577e-11,3.443365e-04,0.000000e+00,3.409194e-04,2.944685e-04,0.000000e+00,1.413990e-08,1.251349e-11,2.245325e-10,0.000000e+00,0.000000e+00,0.000000e+00,1.413990e-08,0.0000,99.4351,0.5649,1.520686e+02
47600,1.747337e-06,2.021064e+01,1.199631e-11,3.389236e-04,0.000000e+00,3.426431e-04,2.924658e-04,0.000000e+00,1.420834e-08,-2.216408e-12,2.223675e-10,0.000000e+00,0.000000e+00,0.000000e+00,1.420834e-08,0.0000,99.4389,0.5611,1.520044e+02
47700,1.751008e-06,2.053330e+01,1.218783e-11,3.430362e-04,0.000000e+00,3.413126e-04,2.908624e-04,0.000000e+00,1.414631e-08,1.733340e-13,2.347679e-10,0.000000e+00,0.000000e+00,0.000000e+00,1.414631e-08,0.0000,99.4391,0.5609,1.518648e+02
47800,1.754679e-06,2.083383e+01,1.236621e-11,3.413126e-04,0.000000e+00,3.416149e-04,2.927186e-04,0.000000e+00,1.413850e-08,2.790957e-12,2.288175e-10,0.000000e+00,0.000000e+00,0.000000e+00,1.413850e-08,0.0000,99.4405,0.5595,1.514297e+02
47900,1.758350e-06,2.108751e+01,1.251679e-11,3.404054e-04,0.000000e+00,3.411916e-04,2.993860e-04,0.000000e+00,1.411553e-08,1.067304e-12,2.256845e-10,0.000000e+00,0.000000e+00,0.000000e+00,1.411553e-08,0.0000,99.4423,0.5577,1.513125e+02
48000,1.762021e-06,2.133225e+01,1.266206e-11,3.423407e-04,0.000000e+00,3.427640e-04,3.027682e-04,0.000000e+00,1.417653e-08,-6.302692e-12,2.207336e-10,0.000000e+00,0.000000e+00,0.000000e+00,1.417653e-08,0.0000,99.4439,0.5561,1.512346e+02
48100,1.765692e-06,2.148147e+01,1.275063e-11,3.387724e-04,0.000000e+00,3.389236e-04,3.146439e-04,0.000000e+00,1.400108e-08,-9.827648e-13,2.227224e-10,0.000000e+00,0.000000e+00,0.000000e+00,1.400108e-08,0.0000,99.4452,0.5548,1.508700e+02
48200,1.769363e-06,2.157886e+01,1.280843e-11,3.407985e-04,0.000000e+00,3.393167e-04,3.250514e-04,0.000000e+00,1.400845e-08,-1.843348e-12,2.160178e-10,0.000000e+00,0.000000e+00,0.000000e+00,1.400845e-08,0.0000,99.4455,0.5545,1.506806e+02
48300,1.773033e-06,2.161488e+01,1.282981e-11,3.427943e-04,0.000000e+00,3.413428e-04,3.369698e-04,0.000000e+00,1.408700e-08,-7.783229e-12,1.985265e-10,0.000000e+00,0.000000e+00,0.000000e+00,1.408700e-08,0.0000,99.4458,0.5542,1.505755e+02
48400,1.776704e-06,2.157177e+01,1.280423e-11,3.453949e-04,0.000000e+00,3.403146e-04,3.523649e-04,0.000000e+00,1.404204e-08,-2.042853e-12,2.101971e-10,0.000000e+00,0.000000e+00,0.000000e+00,1.404204e-08,0.0000,99.4437,0.5563,1.505192e+02
48500,1.780375e-06,2.142487e+01,1.271703e-11,3.397703e-04,0.000000e+00,3.402844e-04,3.635240e-04,0.000000e+00,1.403961e-08,4.671601e-12,1.799262e-10,0.000000e+00,0.000000e+00,0.000000e+00,1.403961e-08,0.0000,99.4453,0.5547,1.505001e+02
48600,1.784046e-06,2.121265e+01,1.259107e-11,3.403751e-04,0.000000e+00,3.438527e-04,3.746900e-04,0.000000e+00,1.418405e-08,-3.602870e-12,1.827859e-10,0.000000e+00,0.000000e+00,0.000000e+00,1.418405e-08,0.0000,99.4488,0.5512,1.504431e+02
48700,1.787717e-06,2.095301e+01,1.243695e-11,3.400727e-04,0.000000e+00,3.437317e-04,3.820561e-04,0.000000e+00,1.417528e-08,9.550020e-13,1.651970e-10,0.000000e+00,0.000000e+00,0.000000e+00,1.417528e-08,0.0000,99.4525,0.5475,1.503654e+02
48800,1.791388e-06,2.068619e+01,1.227858e-11,3.421290e-04,0.000000e+00,3.414335e-04,3.852727e-04,0.000000e+00,1.408294e-08,-4.369569e-12,1.695847e-10,0.000000e+00,0.000000e+00,0.000000e+00,1.408294e-08,0.0000,99.4532,0.5468,1.504091e+02
48900,1.795059e-06,2.042546e+01,1.212382e-11,3.423709e-04,0.000000e+00,3.391655e-04,3.845292e-04,0.000000e+00,1.400262e-08,-1.321461e-12,1.618857e-10,0.000000e+00,0.000000e+00,0.000000e+00,1.400262e-08,0.0000,99.4524,0.5476,1.506992e+02
49000,1.798730e-06,2.020602e+01,1.199357e-11,3.458182e-04,0.000000e+00,3.432176e-04,3.813003e-04,0.000000e+00,1.417584e-08,-7.311495e-12,1.721152e-10,0.000000e+00,0.000000e+00,0.000000e+00,1.417584e-08,0.0000,99.4519,0.5481,1.508148e+02
49100,1.802400e-06,2.000990e+01,1.187716e-11,3.445784e-04,0.000000e+00,3.425221e-04,3.762906e-04,0.000000e+00,1.416523e-08,-1.737067e-12,1.877677e-10,0.000000e+00,0.000000e+00,0.000000e+00,1.416523e-08,0.0000,99.4518,0.5482,1.512036e+02
49200,1.806071e-06,1.983017e+01,1.177047e-11,3.399518e-04,0.000000e+00,3.444575e-04,3.690134e-04,0.000000e+00,1.424641e-08,6.501621e-12,2.046812e-10,0.000000e+00,0.000000e+00,0.000000e+00,1.424641e-08,0.0000,99.4559,0.5441,1.512328e+02
49300,1.809742e-06,1.972278e+01,1.170673e-11,3.436712e-04,0.000000e+00,3.441853e-04,3.610349e-04,0.000000e+00,1.423926e-08,4.714877e-12,2.063097e-10,0.000000e+00,0.000000e+00,0.000000e+00,1.423926e-08,0.0000,99.4575,0.5425,1.513114e+02
49400,1.813413e-06,1.968297e+01,1.168310e-11,3.432479e-04,0.000000e+00,3.425826e-04,3.496858e-04,0.000000e+00,1.418073e-08,-2.917248e-12,2.134691e-10,0.000000e+00,0.000000e+00,0.000000e+00,1.418073e-08,0.0000,99.4582,0.5418,1.514796e+02
49500,1.817084e-06,1.969882e+01,1.169251e-11,3.412823e-04,0.000000e+00,3.432781e-04,3.387188e-04,0.000000e+00,1.421349e-08,6.463525e-12,2.254222e-10,0.000000e+00,0.000000e+00,0.000000e+00,1.421349e-08,0.0000,99.4607,0.5393,1.515575e+02
49600,1.820755e-06,1.975934e+01,1.172843e-11,3.398308e-04,0.000000e+00,3.430060e-04,3.300457e-04,0.000000e+00,1.420448e-08,-2.817373e-12,2.157686e-10,0.000000e+00,0.000000e+00,0.000000e+00,1.420448e-08,0.0000,99.4639,0.5361,1.516055e+02
49700,1.824426e-06,1.989033e+01,1.180618e-11,3.433688e-04,0.000000e+00,3.412218e-04,3.221884e-04,0.000000e+00,1.412657e-08,6.099845e-12,2.291487e-10,0.000000e+00,0.000000e+00,0.000000e+00,1.412657e-08,0.0000,99.4637,0.5363,1.515255e+02
49800,1.828097e-06,2.004820e+01,1.189989e-11,3.421593e-04,0.000000e+00,3.436410e-04,3.166327e-04,0.000000e+00,1.423672e-08,-3.232305e-12,2.399739e-10,0.000000e+00,0.000000e+00,0.000000e+00,1.423672e-08,0.0000,99.4658,0.5342,1.517381e+02
49900,1.831767e-06,2.026765e+01,1.203015e-11,3.440341e-04,0.000000e+00,3.401030e-04,3.085495e-04,0.000000e+00,1.408708e-08,1.019402e-12,2.416264e-10,0.000000e+00,0.000000e+00,0.000000e+00,1.408708e-08,0.0000,99.4645,0.5355,1.516695e+02
50000,1.835438e-06,2.046620e+01,1.214800e-11,3.407985e-04,0.000000e+00,3.429757e-04,3.086938e-04,0.000000e+00,1.419394e-08,8.649135e-12,2.365216e-10,0.000000e+00,0.000000e+00,0.000000e+00,1.419394e-08,0.0000,99.4671,0.5329,1.514145e+02
50100,1.839109e-06,2.069371e+01,1.228304e-11,3.421290e-04,0.000000e+00,3.407380e-04,3.053419e-04,0.000000e+00,1.408955e-08,-5.084130e-12,2.415122e-10,0.000000e+00,0.000000e+00,0.000000e+00,1.408955e-08,0.0000,99.4673,0.5327,1.511588e+02
50200,1.842780e-06,2.093178e+01,1.242435e-11,3.436410e-04,0.000000e+00,3.437619e-04,3.051452e-04,0.000000e+00,1.421158e-08,5.821039e-13,2.160944e-10,0.000000e+00,0.000000e+00,0.000000e+00,1.421158e-08,0.0000,99.4686,0.5314,1.510967e+02
50300,1.846451e-06,2.114289e+01,1.254966e-11,3.403751e-04,0.000000e+00,3.413428e-04,3.062404e-04,0.000000e+00,1.410886e-08,-7.101053e-12,2.225112e-10,0.000000e+00,0.000000e+00,0.000000e+00,1.410886e-08,0.0000,99.4703,0.5297,1.510429e+02
50400,1.850122e-06,2.134643e+01,1.267047e-11,3.423709e-04,0.000000e+00,3.431874e-04,3.094588e-04,0.000000e+00,1.418940e-08,-1.782016e-12,2.230029e-10,0.000000e+00,0.000000e+00,0.000000e+00,1.418940e-08,0.0000,99.4720,0.5280,1.511288e+02
50500,1.853793e-06,2.152784e+01,1.277815e-11,3.450622e-04,0.000000e+00,3.394679e-04,3.157295e-04,0.000000e+00,1.401680e-08,-1.083227e-11,2.233418e-10,0.000000e+00,0.000000e+00,0.000000e+00,1.401680e-08,0.0000,99.4696,0.5304,1.507242e+02
50600,1.857464e-06,2.164277e+01,1.284637e-11,3.419778e-04,0.000000e+00,3.422500e-04,3.233935e-04,0.000000e+00,1.413000e-08,-7.393461e-12,2.027185e-10,0.000000e+00,0.000000e+00,0.000000e+00,1.413000e-08,0.0000,99.4709,0.5291,1.506912e+02
50700,1.861134e-06,2.172049e+01,1.289250e-11,3.427943e-04,0.000000e+00,3.418266e-04,3.302276e-04,0.000000e+00,1.410552e-08,-1.040361e-11,1.912107e-10,0.000000e+00,0.000000e+00,0.000000e+00,1.410552e-08,0.0000,99.4715,0.5285,1.505576e+02
50800,1.864805e-06,2.175231e+01,1.291139e-11,3.456973e-04,0.000000e+00,3.412218e-04,3.405528e-04,0.000000e+00,1.407305e-08,-1.232142e-12,1.937793e-10,0.000000e+00,0.000000e+00,0.000000e+00,1.407305e-08,0.0000,99.4698,0.5302,1.503904e+02
50900,1.868476e-06,2.172056e+01,1.289254e-11,3.432479e-04,0.000000e+00,3.437922e-04,3.483820e-04,0.000000e+00,1.417702e-08,-1.113827e-11,2.085828e-10,0.000000e+00,0.000000e+00,0.000000e+00,1.417702e-08,0.0000,99.4713,0.5287,1.503442e+02
51000,1.872147e-06,2.164001e+01,1.284473e-11,3.446389e-04,0.000000e+00,3.438224e-04,3.576624e-04,0.000000e+00,1.416578e-08,7.204334e-12,1.794879e-10,0.000000e+00,0.000000e+00,0.000000e+00,1.416578e-08,0.0000,99.4719,0.5281,1.500818e+02
51100,1.875818e-06,2.148297e+01,1.275152e-11,3.390144e-04,0.000000e+00,3.450925e-04,3.644070e-04,0.000000e+00,1.422489e-08,-2.605804e-12,1.832262e-10,0.000000e+00,0.000000e+00,0.000000e+00,1.422489e-08,0.0000,99.4768,0.5232,1.502230e+02
51200,1.879489e-06,2.132209e+01,1.265602e-11,3.428245e-04,0.000000e+00,3.449110e-04,3.688391e-04,0.000000e+00,1.422230e-08,-2.270837e-12,1.904496e-10,0.000000e+00,0.000000e+00,0.000000e+00,1.422230e-08,0.0000,99.4792,0.5208,1.503292e+02
51300,1.883160e-06,2.115392e+01,1.255621e-11,3.434293e-04,0.000000e+00,3.423407e-04,3.706212e-04,0.000000e+00,1.411469e-08,-2.177924e-12,1.840343e-10,0.000000e+00,0.000000e+00,0.000000e+00,1.411469e-08,0.0000,99.4796,0.5204,1.502938e+02
51400,1.886831e-06,2.097278e+01,1.244869e-11,3.418569e-04,0.000000e+00,3.410404e-04,3.711456e-04,0.000000e+00,1.406853e-08,-2.092673e-12,1.719713e-10,0.000000e+00,0.000000e+00,0.000000e+00,1.406853e-08,0.0000,99.4802,0.5198,1.504427e+02
51500,1.890501e-06,2.081440e+01,1.235468e-11,3.425524e-04,0.000000e+00,3.434898e-04,3.681618e-04,0.000000e+00,1.417509e-08,-7.337471e-12,1.895399e-10,0.000000e+00,0.000000e+00,0.000000e+00,1.417509e-08,0.0000,99.4819,0.5181,1.505761e+02
51600,1.894172e-06,2.066095e+01,1.226360e-11,3.415242e-04,0.000000e+00,3.428548e-04,3.663368e-04,0.000000e+00,1.415313e-08,1.177033e-12,1.978810e-10,0.000000e+00,0.000000e+00,0.000000e+00,1.415313e-08,0.0000,99.4838,0.5162,1.506572e+02
51700,1.897843e-06,2.054202e+01,1.219300e-11,3.423407e-04,0.000000e+00,3.437317e-04,3.615719e-04,0.000000e+00,1.419529e-08,-4.529082e-12,2.131814e-10,0.000000e+00,0.000000e+00,0.000000e+00,1.419529e-08,0.0000,99.4857,0.5143,1.507747e+02
51800,1.901514e-06,2.043886e+01,1.213177e-11,3.397401e-04,0.000000e+00,3.412218e-04,3.564198e-04,0.000000e+00,1.410301e-08,2.934123e-12,1.991254e-10,0.000000e+00,0.000000e+00,0.000000e+00,1.410301e-08,0.0000,99.4877,0.5123,1.510200e+02
51900,1.905185e-06,2.041666e+01,1.211859e-11,3.442760e-04,0.000000e+00,3.421290e-04,3.478666e-04,0.000000e+00,1.413039e-08,-1.185111e-14,2.182964e-10,0.000000e+00,0.000000e+00,0.000000e+00,1.413039e-08,0.0000,99.4875,0.5125,1.508172e+02
52000,1.908856e-06,2.041070e+01,1.211506e-11,3.399518e-04,0.000000e+00,3.402844e-04,3.409152e-04,0.000000e+00,1.406120e-08,-2.701706e-12,2.403901e-10,0.000000e+00,0.000000e+00,0.000000e+00,1.406120e-08,0.0000,99.4888,0.5112,1.509627e+02
52100,1.912527e-06,2.044856e+01,1.213753e-11,3.420383e-04,0.000000e+00,3.423105e-04,3.359167e-04,0.000000e+00,1.415378e-08,-1.767790e-12,2.321992e-10,0.000000e+00,0.000000e+00,0.000000e+00,1.415378e-08,0.0000,99.4900,0.5100,1.511501e+02
52200,1.916198e-06,2.053847e+01,1.219090e-11,3.437317e-04,0.000000e+00,3.414335e-04,3.291934e-04,0.000000e+00,1.411326e-08,6.815302e-12,1.971298e-10,0.000000e+00,0.000000e+00,0.000000e+00,1.411326e-08,0.0000,99.4897,0.5103,1.510542e+02
52300,1.919869e-06,2.065297e+01,1.225886e-11,3.424616e-04,0.000000e+00,3.430362e-04,3.239471e-04,0.000000e+00,1.418516e-08,-5.358156e-13,2.485666e-10,0.000000e+00,0.000000e+00,0.000000e+00,1.418516e-08,0.0000,99.4911,0.5089,1.511813e+02
52400,1.923539e-06,2.077897e+01,1.233365e-11,3.400123e-04,0.000000e+00,3.429152e-04,3.196382e-04,0.000000e+00,1.417013e-08,2.753591e-12,2.220116e-10,0.000000e+00,0.000000e+00,0.000000e+00,1.417013e-08,0.0000,99.4939,0.5061,1.509691e+02
52500,1.927210e-06,2.093139e+01,1.242412e-11,3.420081e-04,0.000000e+00,3.423105e-04,3.173631e-04,0.000000e+00,1.414474e-08,2.773915e-12,2.352460e-10,0.000000e+00,0.000000e+00,0.000000e+00,1.414474e-08,0.0000,99.4951,0.5049,1.509586e+02
52600,1.930881e-06,2.111477e+01,1.253297e-11,3.445482e-04,0.000000e+00,3.415545e-04,3.148958e-04,0.000000e+00,1.412317e-08,-4.869910e-12,2.104200e-10,0.000000e+00,0.000000e+00,0.000000e+00,1.412317e-08,0.0000,99.4943,0.5057,1.511650e+02
52700,1.934552e-06,2.125158e+01,1.261417e-11,3.407380e-04,0.000000e+00,3.393470e-04,3.186178e-04,0.000000e+00,1.402067e-08,-4.837149e-12,2.184996e-10,0.000000e+00,0.000000e+00,0.000000e+00,1.402067e-08,0.0000,99.4945,0.5055,1.509148e+02
52800,1.938223e-06,2.141642e+01,1.271202e-11,3.423105e-04,0.000000e+00,3.447901e-04,3.156562e-04,0.000000e+00,1.423484e-08,4.693381e-12,2.455499e-10,0.000000e+00,0.000000e+00,0.000000e+00,1.423484e-08,0.0000,99.4971,0.5029,1.506900e+02
52900,1.941894e-06,2.154833e+01,1.279031e-11,3.434596e-04,0.000000e+00,3.403449e-04,3.221296e-04,0.000000e+00,1.404776e-08,4.814847e-13,2.174566e-10,0.000000e+00,0.000000e+00,0.000000e+00,1.404776e-08,0.0000,99.4962,0.5038,1.506142e+02
53000,1.945565e-06,2.164841e+01,1.284972e-11,3.398611e-04,0.000000e+00,3.416149e-04,3.236795e-04,0.000000e+00,1.409817e-08,4.365351e-12,2.140007e-10,0.000000e+00,0.000000e+00,0.000000e+00,1.409817e-08,0.0000,99.4983,0.5017,1.505719e+02
53100,1.949236e-06,2.174229e+01,1.290544e-11,3.438224e-04,0.000000e+00,3.424314e-04,3.286417e-04,0.000000e+00,1.412655e-08,-2.029642e-12,2.020858e-10,0.000000e+00,0.000000e+00,0.000000e+00,1.412655e-08,0.0000,99.4985,0.5015,1.504658e+02
53200,1.952906e-06,2.181451e+01,1.294831e-11,3.441551e-04,0.000000e+00,3.403751e-04,3.324777e-04,0.000000e+00,1.403330e-08,-8.970786e-12,2.037613e-10,0.000000e+00,0.000000e+00,0.000000e+00,1.403330e-08,0.0000,99.4973,0.5027,1.502858e+02
53300,1.956577e-06,2.183215e+01,1.295878e-11,3.424919e-04,0.000000e+00,3.448506e-04,3.396389e-04,0.000000e+00,1.422002e-08,-2.980117e-12,1.988319e-10,0.000000e+00,0.000000e+00,0.000000e+00,1.422002e-08,0.0000,99.4997,0.5003,1.503364e+02
53400,1.960248e-06,2.182528e+01,1.295470e-11,3.420081e-04,0.000000e+00,3.419476e-04,3.431198e-04,0.000000e+00,1.409607e-08,-2.595274e-12,1.965105e-10,0.000000e+00,0.000000e+00,0.000000e+00,1.409607e-08,0.0000,99.5007,0.4993,1.502391e+02
53500,1.963919e-06,2.176248e+01,1.291742e-11,3.391353e-04,0.000000e+00,3.435805e-04,3.492896e-04,0.000000e+00,1.415417e-08,-6.494107e-12,1.975654e-10,0.000000e+00,0.000000e+00,0.000000e+00,1.415417e-08,0.0000,99.5043,0.4957,1.500519e+02
53600,1.967590e-06,2.167956e+01,1.286821e-11,3.386515e-04,0.000000e+00,3.417057e-04,3.520584e-04,0.000000e+00,1.407764e-08,-7.002489e-12,2.075843e-10,0.000000e+00,0.000000e+00,0.000000e+00,1.407764e-08,0.0000,99.5071,0.4929,1.500615e+02
53700,1.971261e-06,2.160338e+01,1.282299e-11,3.433991e-04,0.000000e+00,3.415545e-04,3.557183e-04,0.000000e+00,1.406522e-08,2.819912e-13,1.930364e-10,0.000000e+00,0.000000e+00,0.000000e+00,1.406522e-08,0.0000,99.5070,0.4930,1.499358e+02
53800,1.974932e-06,2.151281e+01,1.276923e-11,3.433386e-04,0.000000e+00,3.384398e-04,3.579825e-04,0.000000e+00,1.395034e-08,-4.945366e-12,2.062330e-10,0.000000e+00,0.000000e+00,0.000000e+00,1.395034e-08,0.0000,99.5051,0.4949,1.502121e+02
53900,1.978603e-06,2.141912e+01,1.271362e-11,3.434293e-04,0.000000e+00,3.402542e-04,3.585793e-04,0.000000e+00,1.403044e-08,-1.539065e-12,1.910526e-10,0.000000e+00,0.000000e+00,0.000000e+00,1.403044e-08,0.0000,99.5043,0.4957,1.503235e+02
54000,1.982273e-06,2.131574e+01,1.265226e-11,3.411009e-04,0.000000e+00,3.436107e-04,3.578168e-04,0.000000e+00,1.417006e-08,1.049222e-12,2.107456e-10,0.000000e+00,0.000000e+00,0.000000e+00,1.417006e-08,0.0000,99.5067,0.4933,1.503576e+02
54100,1.985944e-06,2.123425e+01,1.260389e-11,3.431269e-04,0.000000e+00,3.447296e-04,3.563036e-04,0.000000e+00,1.422670e-08,-5.646950e-12,2.080904e-10,0.000000e+00,0.000000e+00,0.000000e+00,1.422670e-08,0.0000,99.5087,0.4913,1.505757e+02
54200,1.989615e-06,2.116679e+01,1.256384e-11,3.414940e-04,0.000000e+00,3.426431e-04,3.524017e-04,0.000000e+00,1.413840e-08,1.644933e-12,2.149846e-10,0.000000e+00,0.000000e+00,0.000000e+00,1.413840e-08,0.0000,99.5103,0.4897,1.505217e+02
54300,1.993286e-06,2.113130e+01,1.254278e-11,3.425524e-04,0.000000e+00,3.431269e-04,3.482913e-04,0.000000e+00,1.415524e-08,-8.044021e-13,2.465654e-10,0.000000e+00,0.000000e+00,0.000000e+00,1.415524e-08,0.0000,99.5116,0.4884,1.504628e+02
54400,1.996957e-06,2.109883e+01,1.252350e-11,3.411916e-04,0.000000e+00,3.420685e-04,3.464421e-04,0.000000e+00,1.410992e-08,-2.474086e-13,2.148705e-10,0.000000e+00,0.000000e+00,0.000000e+00,1.410992e-08,0.0000,99.5131,0.4869,1.504326e+02
54480,1.999894e-06,2.109843e+01,1.252327e-11,3.427262e-04,0.000000e+00,3.403827e-04,3.428055e-04,0.000000e+00,1.404145e-08,4.624923e-12,2.305162e-10,0.000000e+00,0.000000e+00,0.000000e+00,1.404145e-08,0.0000,99.5128,0.4872,1.504485e+02
