step,t,phi_body,Q_body,I_emit,I_body,I_escape,I_amb_e,I_amb_i,F_beam_N,F_beam_y_N,F_net_N,F_lorentz_z_N,F_lorentz_y_N,F_lorentz_beam_z_N,F_thrust_N,pct_body,pct_escape,pct_inflight,beam_escape_KE_mean
100,3.670877e-09,-2.703626e-02,-1.604775e-14,0.000000e+00,0.000000e+00,0.000000e+00,4.558045e-06,1.864050e-07,0.000000e+00,0.000000e+00,1.738836e-13,-3.886262e-13,1.142875e-13,0.000000e+00,3.886262e-13,0.0000,0.0000,100.0000,nan
200,7.341753e-09,-5.327653e-02,-3.162303e-14,0.000000e+00,0.000000e+00,0.000000e+00,4.464843e-06,2.219107e-07,0.000000e+00,0.000000e+00,-5.760743e-13,-3.600830e-13,1.284291e-13,0.000000e+00,3.600830e-13,0.0000,0.0000,100.0000,nan
300,1.101263e-08,-7.625049e-02,-4.525955e-14,0.000000e+00,0.000000e+00,0.000000e+00,3.985516e-06,2.707310e-07,0.000000e+00,0.000000e+00,-2.470671e-13,-2.891551e-13,6.833165e-14,0.000000e+00,2.891551e-13,0.0000,0.0000,100.0000,nan
400,1.468351e-08,-9.741288e-02,-5.782078e-14,0.000000e+00,0.000000e+00,0.000000e+00,3.639335e-06,2.174725e-07,0.000000e+00,0.000000e+00,1.306772e-12,-2.961106e-13,-3.923426e-14,0.000000e+00,2.961106e-13,0.0000,0.0000,100.0000,nan
500,1.835438e-08,-1.162422e-01,-6.899719e-14,0.000000e+00,0.000000e+00,0.000000e+00,3.248772e-06,2.041578e-07,0.000000e+00,0.000000e+00,-1.095194e-13,-3.509651e-13,-6.212616e-14,0.000000e+00,3.509651e-13,0.0000,0.0000,100.0000,nan
600,2.202526e-08,-1.334795e-01,-7.922865e-14,0.000000e+00,0.000000e+00,0.000000e+00,2.973603e-06,1.864050e-07,0.000000e+00,0.000000e+00,-1.946229e-13,-3.785912e-13,-5.476326e-15,0.000000e+00,3.785912e-13,0.0000,0.0000,100.0000,nan
700,2.569614e-08,-1.468192e-01,-8.714662e-14,0.000000e+00,0.000000e+00,0.000000e+00,2.307871e-06,1.508993e-07,0.000000e+00,0.000000e+00,-4.409728e-13,-3.102375e-13,2.397379e-14,0.000000e+00,3.102375e-13,0.0000,0.0000,100.0000,nan
800,2.936701e-08,-1.591434e-01,-9.446179e-14,0.000000e+00,0.000000e+00,0.000000e+00,2.192477e-06,1.997196e-07,0.000000e+00,0.000000e+00,4.669851e-13,-2.765251e-13,3.046669e-14,0.000000e+00,2.765251e-13,0.0000,0.0000,100.0000,nan
900,3.303789e-08,-1.692717e-01,-1.004736e-13,0.000000e+00,0.000000e+00,0.000000e+00,1.846297e-06,2.085960e-07,0.000000e+00,0.000000e+00,6.835265e-13,-3.016482e-13,9.375332e-14,0.000000e+00,3.016482e-13,0.0000,0.0000,100.0000,nan
1000,3.670877e-08,-1.778355e-01,-1.055567e-13,0.000000e+00,0.000000e+00,0.000000e+00,1.624386e-06,2.396635e-07,0.000000e+00,0.000000e+00,-1.759359e-13,-3.078381e-13,1.573192e-13,0.000000e+00,3.078381e-13,0.0000,0.0000,100.0000,nan
1100,4.037964e-08,-1.853013e-01,-1.099882e-13,0.000000e+00,0.000000e+00,0.000000e+00,1.389161e-06,1.819667e-07,0.000000e+00,0.000000e+00,-1.781842e-13,-2.933464e-13,1.995564e-13,0.000000e+00,2.933464e-13,0.0000,0.0000,100.0000,nan
1200,4.405052e-08,-1.912026e-01,-1.134910e-13,0.000000e+00,0.000000e+00,0.000000e+00,1.185003e-06,2.307871e-07,0.000000e+00,0.000000e+00,-3.172978e-13,-2.002509e-13,1.251152e-13,0.000000e+00,2.002509e-13,0.0000,0.0000,100.0000,nan
1300,4.772140e-08,-1.957590e-01,-1.161955e-13,0.000000e+00,0.000000e+00,0.000000e+00,9.675305e-07,2.307871e-07,0.000000e+00,0.000000e+00,4.582158e-13,-1.127718e-13,2.116057e-14,0.000000e+00,1.127718e-13,0.0000,0.0000,100.0000,nan
1400,5.139227e-08,-1.995743e-01,-1.184601e-13,0.000000e+00,0.000000e+00,0.000000e+00,8.299459e-07,2.130342e-07,0.000000e+00,0.000000e+00,-2.625205e-13,-1.327368e-13,-8.904594e-15,0.000000e+00,1.327368e-13,0.0000,0.0000,100.0000,nan
1500,5.506315e-08,-2.032523e-01,-1.206432e-13,0.000000e+00,0.000000e+00,0.000000e+00,8.166312e-07,2.219107e-07,0.000000e+00,0.000000e+00,-2.997353e-13,-1.294726e-13,3.799324e-14,0.000000e+00,1.294726e-13,0.0000,0.0000,100.0000,nan
1600,5.873403e-08,-2.059971e-01,-1.222725e-13,0.000000e+00,0.000000e+00,0.000000e+00,7.678109e-07,3.239896e-07,0.000000e+00,0.000000e+00,7.732889e-14,2.185316e-14,6.015218e-14,0.000000e+00,-2.185316e-14,0.0000,0.0000,100.0000,nan
1700,6.240490e-08,-2.081655e-01,-1.235595e-13,0.000000e+00,0.000000e+00,0.000000e+00,5.592149e-07,2.085960e-07,0.000000e+00,0.000000e+00,-5.384258e-14,1.037637e-13,7.421513e-14,0.000000e+00,-1.037637e-13,0.0000,0.0000,100.0000,nan
1800,6.607578e-08,-2.109652e-01,-1.252213e-13,0.000000e+00,0.000000e+00,0.000000e+00,6.257881e-07,1.730903e-07,0.000000e+00,0.000000e+00,5.536822e-13,1.365676e-13,1.598172e-14,0.000000e+00,-1.365676e-13,0.0000,0.0000,100.0000,nan
1900,6.974666e-08,-2.129140e-01,-1.263781e-13,0.000000e+00,0.000000e+00,0.000000e+00,5.725295e-07,2.574164e-07,0.000000e+00,0.000000e+00,-2.032192e-13,1.158450e-13,-9.106479e-14,0.000000e+00,-1.158450e-13,0.0000,0.0000,100.0000,nan
2000,7.341753e-08,-2.142315e-01,-1.271601e-13,0.000000e+00,0.000000e+00,0.000000e+00,4.793270e-07,2.662928e-07,0.000000e+00,0.000000e+00,-1.890590e-13,1.861789e-13,-1.696146e-13,0.000000e+00,-1.861789e-13,0.0000,0.0000,100.0000,nan
2100,7.708841e-08,-2.154666e-01,-1.278932e-13,0.000000e+00,0.000000e+00,0.000000e+00,5.148327e-07,3.151131e-07,0.000000e+00,0.000000e+00,-5.659043e-13,2.017928e-13,-2.126365e-13,0.000000e+00,-2.017928e-13,0.0000,0.0000,100.0000,nan
2200,8.075929e-08,-2.163724e-01,-1.284309e-13,0.000000e+00,0.000000e+00,0.000000e+00,4.837652e-07,3.373042e-07,0.000000e+00,0.000000e+00,1.121033e-13,1.487384e-13,-1.695825e-13,0.000000e+00,-1.487384e-13,0.0000,0.0000,100.0000,nan
2300,8.443016e-08,-2.172508e-01,-1.289522e-13,0.000000e+00,0.000000e+00,0.000000e+00,4.748888e-07,3.328660e-07,0.000000e+00,0.000000e+00,1.338803e-12,2.123859e-13,-1.651865e-13,0.000000e+00,-2.123859e-13,0.0000,0.0000,100.0000,nan
2400,8.810104e-08,-2.187055e-01,-1.298157e-13,0.000000e+00,0.000000e+00,0.000000e+00,5.547767e-07,3.195514e-07,0.000000e+00,0.000000e+00,-8.223310e-13,1.663351e-13,-2.441551e-13,0.000000e+00,-1.663351e-13,0.0000,0.0000,100.0000,nan
2500,9.177192e-08,-2.197485e-01,-1.304348e-13,0.000000e+00,0.000000e+00,0.000000e+00,4.970799e-07,3.284278e-07,0.000000e+00,0.000000e+00,-4.650245e-14,1.908804e-13,-2.447988e-13,0.000000e+00,-1.908804e-13,0.0000,0.0000,100.0000,nan
2600,9.544279e-08,-2.209562e-01,-1.311517e-13,0.000000e+00,0.000000e+00,0.000000e+00,5.059563e-07,3.106749e-07,0.000000e+00,0.000000e+00,-9.194783e-13,1.593300e-13,-2.553583e-13,0.000000e+00,-1.593300e-13,0.0000,0.0000,100.0000,nan
2700,9.911367e-08,-2.215875e-01,-1.315264e-13,0.000000e+00,0.000000e+00,0.000000e+00,4.970799e-07,3.950010e-07,0.000000e+00,0.000000e+00,-1.010610e-12,1.486911e-13,-1.536093e-13,0.000000e+00,-1.486911e-13,0.0000,0.0000,100.0000,nan
2800,1.027845e-07,-2.232070e-01,-1.324876e-13,0.000000e+00,0.000000e+00,0.000000e+00,5.814059e-07,3.195514e-07,0.000000e+00,0.000000e+00,1.332638e-12,1.933287e-13,-1.500002e-13,0.000000e+00,-1.933287e-13,0.0000,0.0000,100.0000,nan
2900,1.064554e-07,-2.241677e-01,-1.330579e-13,0.000000e+00,0.000000e+00,0.000000e+00,5.237092e-07,3.683717e-07,0.000000e+00,0.000000e+00,6.632783e-14,3.024509e-13,-1.945587e-13,0.000000e+00,-3.024509e-13,0.0000,0.0000,100.0000,nan
3000,1.101263e-07,-2.253479e-01,-1.337584e-13,0.000000e+00,0.000000e+00,0.000000e+00,5.858442e-07,3.950010e-07,0.000000e+00,0.000000e+00,-6.903261e-15,3.355915e-13,-2.491627e-13,0.000000e+00,-3.355915e-13,0.0000,0.0000,100.0000,nan
3100,1.137972e-07,-2.264733e-01,-1.344264e-13,0.000000e+00,0.000000e+00,0.000000e+00,5.325856e-07,3.506188e-07,0.000000e+00,0.000000e+00,-1.939842e-12,3.789379e-13,-2.427417e-13,0.000000e+00,-3.789379e-13,0.0000,0.0000,100.0000,nan
3200,1.174681e-07,-2.279829e-01,-1.353225e-13,0.000000e+00,0.000000e+00,0.000000e+00,6.346645e-07,3.905628e-07,0.000000e+00,0.000000e+00,-2.072212e-12,3.344695e-13,-2.310025e-13,0.000000e+00,-3.344695e-13,0.0000,0.0000,100.0000,nan
3300,1.211389e-07,-2.300141e-01,-1.365281e-13,0.000000e+00,0.000000e+00,0.000000e+00,6.923613e-07,3.639335e-07,0.000000e+00,0.000000e+00,-3.457803e-13,3.874818e-13,-2.340885e-13,0.000000e+00,-3.874818e-13,0.0000,0.0000,100.0000,nan
3400,1.248098e-07,-2.320452e-01,-1.377337e-13,0.000000e+00,0.000000e+00,0.000000e+00,7.101141e-07,3.816863e-07,0.000000e+00,0.000000e+00,1.807748e-12,3.040427e-13,-2.084073e-13,0.000000e+00,-3.040427e-13,0.0000,0.0000,100.0000,nan
3500,1.284807e-07,-2.343509e-01,-1.391022e-13,0.000000e+00,0.000000e+00,0.000000e+00,7.988784e-07,4.260685e-07,0.000000e+00,0.000000e+00,1.854349e-13,3.949222e-13,-1.835233e-13,0.000000e+00,-3.949222e-13,0.0000,0.0000,100.0000,nan
3600,1.321516e-07,-2.371505e-01,-1.407640e-13,0.000000e+00,0.000000e+00,0.000000e+00,7.900020e-07,3.373042e-07,0.000000e+00,0.000000e+00,-4.058858e-13,3.529431e-13,-2.368565e-13,0.000000e+00,-3.529431e-13,0.0000,0.0000,100.0000,nan
3700,1.358224e-07,-2.397856e-01,-1.423281e-13,0.000000e+00,0.000000e+00,0.000000e+00,8.343841e-07,4.083156e-07,0.000000e+00,0.000000e+00,2.397278e-13,4.775692e-13,-2.918951e-13,0.000000e+00,-4.775692e-13,0.0000,0.0000,100.0000,nan
3800,1.394933e-07,-2.420912e-01,-1.436966e-13,0.000000e+00,0.000000e+00,0.000000e+00,8.121930e-07,4.393831e-07,0.000000e+00,0.000000e+00,-1.056100e-12,5.110409e-13,-2.841959e-13,0.000000e+00,-5.110409e-13,0.0000,0.0000,100.0000,nan
3900,1.431642e-07,-2.437930e-01,-1.447067e-13,0.000000e+00,0.000000e+00,0.000000e+00,6.879231e-07,4.127538e-07,0.000000e+00,0.000000e+00,-8.240567e-13,5.283368e-13,-2.091684e-13,0.000000e+00,-5.283368e-13,0.0000,0.0000,100.0000,nan
4000,1.468351e-07,-2.460162e-01,-1.460264e-13,0.000000e+00,0.000000e+00,0.000000e+00,8.743280e-07,5.148327e-07,0.000000e+00,0.000000e+00,-4.335468e-13,6.369322e-13,-2.086788e-13,0.000000e+00,-6.369322e-13,0.0000,0.0000,100.0000,nan
4100,1.505059e-07,4.731922e-02,2.808698e-14,4.765736e-05,0.000000e+00,0.000000e+00,6.923613e-07,4.660124e-07,0.000000e+00,0.000000e+00,-9.855571e-13,7.404210e-13,-3.239475e-12,7.062355e-16,-7.404210e-13,0.0000,0.0000,100.0000,nan
4200,1.541768e-07,2.173110e+00,1.289880e-12,3.445784e-04,0.000000e+00,0.000000e+00,1.344779e-06,4.970799e-07,0.000000e+00,0.000000e+00,-3.386848e-13,-5.206118e-13,-1.859215e-10,-1.293195e-12,5.206118e-13,0.0000,0.0000,100.0000,nan
4300,1.578477e-07,4.239324e+00,2.516310e-12,3.428850e-04,0.000000e+00,0.000000e+00,9.160472e-06,3.728099e-07,0.000000e+00,0.000000e+00,-7.017230e-12,-6.749822e-12,-4.725823e-10,-7.597315e-12,6.749822e-12,0.0000,0.0000,100.0000,nan
4400,1.615186e-07,6.126960e+00,3.636743e-12,3.414335e-04,0.000000e+00,2.666514e-04,3.649099e-05,2.796074e-07,1.162363e-08,-5.208527e-10,-2.577207e-11,-1.391825e-11,-6.632350e-10,-1.478214e-11,1.163754e-08,0.0000,24.7690,75.2310,1.683873e+02
4500,1.651895e-07,7.725578e+00,4.585625e-12,3.404054e-04,0.000000e+00,3.406775e-04,8.216908e-05,2.529782e-07,1.462904e-08,-6.647421e-10,-2.712823e-11,-1.451400e-11,-6.717278e-10,-1.540488e-11,1.464355e-08,0.0000,42.8614,57.1386,1.634573e+02
4600,1.688603e-07,9.011151e+00,5.348695e-12,3.417057e-04,0.000000e+00,3.383793e-04,1.339763e-04,1.420228e-07,1.444810e-08,-6.633766e-10,-3.173595e-12,-1.467282e-11,-6.718037e-10,-1.547606e-11,1.446277e-08,0.0000,53.7742,46.2258,1.616118e+02
4700,1.725312e-07,9.962864e+00,5.913598e-12,3.430664e-04,0.000000e+00,3.378955e-04,1.892632e-04,8.432605e-08,1.436016e-08,-6.684141e-10,5.198017e-11,-1.482497e-11,-6.767256e-10,-1.548177e-11,1.437498e-08,0.0000,61.0736,38.9264,1.601056e+02
4800,1.762021e-07,1.056946e+01,6.273650e-12,3.436410e-04,0.000000e+00,3.394075e-04,2.455841e-04,2.662928e-08,1.436524e-08,-6.616545e-10,1.209934e-10,-1.511092e-11,-6.825511e-10,-1.550417e-11,1.438035e-08,0.0000,66.3707,33.6293,1.587815e+02
4900,1.798730e-07,1.084257e+01,6.435759e-12,3.405566e-04,0.000000e+00,3.422802e-04,2.964047e-04,8.876427e-09,1.446097e-08,-6.743231e-10,2.020634e-10,-1.564398e-11,-6.847017e-10,-1.560291e-11,1.447662e-08,0.0000,70.5435,29.4565,1.582186e+02
5000,1.835438e-07,1.081897e+01,6.421750e-12,3.417964e-04,0.000000e+00,3.427338e-04,3.456214e-04,8.876427e-09,1.444917e-08,-6.676472e-10,3.036490e-10,-1.591223e-11,-6.857176e-10,-1.550860e-11,1.446509e-08,0.0000,73.7924,26.2076,1.575406e+02
5100,1.872147e-07,1.049693e+01,6.230599e-12,3.389236e-04,0.000000e+00,3.418266e-04,3.909959e-04,0.000000e+00,1.440128e-08,-6.737349e-10,3.647732e-10,-1.604938e-11,-6.871209e-10,-1.531897e-11,1.441733e-08,0.0000,76.4384,23.5616,1.573351e+02
5200,1.908856e-07,9.972116e+00,5.919089e-12,3.421290e-04,0.000000e+00,3.402542e-04,4.269888e-04,0.000000e+00,1.434182e-08,-6.633130e-10,4.458602e-10,-1.657282e-11,-6.894832e-10,-1.535344e-11,1.435840e-08,0.0000,78.5056,21.4944,1.574740e+02
5300,1.945565e-07,9.245170e+00,5.487601e-12,3.394679e-04,0.000000e+00,3.405868e-04,4.570117e-04,0.000000e+00,1.436094e-08,-6.577015e-10,4.771461e-10,-1.705876e-11,-6.910259e-10,-1.542145e-11,1.437800e-08,0.0000,80.2916,19.7084,1.575818e+02
5400,1.982273e-07,8.430540e+00,5.004066e-12,3.431269e-04,0.000000e+00,3.443063e-04,4.748489e-04,0.000000e+00,1.455017e-08,-6.745313e-10,4.789933e-10,-1.763434e-11,-6.921212e-10,-1.545931e-11,1.456780e-08,0.0000,81.8235,18.1765,1.582790e+02
5500,2.018982e-07,7.579312e+00,4.498807e-12,3.435805e-04,0.000000e+00,3.416754e-04,4.812203e-04,0.000000e+00,1.446951e-08,-6.678178e-10,4.654697e-10,-1.764776e-11,-6.908884e-10,-1.527082e-11,1.448716e-08,0.0000,83.0758,16.9242,1.589403e+02
5600,2.055691e-07,6.749832e+00,4.006457e-12,3.439736e-04,0.000000e+00,3.420081e-04,4.780968e-04,0.000000e+00,1.451902e-08,-6.649145e-10,4.193659e-10,-1.785174e-11,-6.924371e-10,-1.532900e-11,1.453687e-08,0.0000,84.1619,15.8381,1.597181e+02
5700,2.092400e-07,5.995703e+00,3.558833e-12,3.426733e-04,0.000000e+00,3.437922e-04,4.646126e-04,0.000000e+00,1.463430e-08,-6.670503e-10,3.296220e-10,-1.792277e-11,-6.908409e-10,-1.533047e-11,1.465222e-08,0.0000,85.1651,14.8349,1.605758e+02
5800,2.129108e-07,5.357352e+00,3.179932e-12,3.433688e-04,0.000000e+00,3.456368e-04,4.465871e-04,0.000000e+00,1.475414e-08,-6.737307e-10,2.853455e-10,-1.758268e-11,-6.858017e-10,-1.511263e-11,1.477172e-08,0.0000,86.0723,13.9277,1.614844e+02
5900,2.165817e-07,4.882197e+00,2.897897e-12,3.403449e-04,0.000000e+00,3.455158e-04,4.171754e-04,0.000000e+00,1.477992e-08,-6.641658e-10,2.023730e-10,-1.727764e-11,-6.807165e-10,-1.505318e-11,1.479720e-08,0.0000,86.9195,13.0805,1.621454e+02
6000,2.202526e-07,4.617259e+00,2.740639e-12,3.442760e-04,0.000000e+00,3.430664e-04,3.871153e-04,0.000000e+00,1.470776e-08,-6.604300e-10,1.367483e-10,-1.673426e-11,-6.749908e-10,-1.495134e-11,1.472449e-08,0.0000,87.5886,12.4114,1.628573e+02
6100,2.239235e-07,4.490186e+00,2.665213e-12,3.386817e-04,0.000000e+00,3.436410e-04,3.592288e-04,0.000000e+00,1.475210e-08,-6.597342e-10,9.416885e-11,-1.662473e-11,-6.687677e-10,-1.499836e-11,1.476872e-08,0.0000,88.2708,11.7292,1.632946e+02
6200,2.275944e-07,4.538377e+00,2.693817e-12,3.405263e-04,0.000000e+00,3.422500e-04,3.327341e-04,0.000000e+00,1.470490e-08,-6.579099e-10,6.677691e-11,-1.678770e-11,-6.644783e-10,-1.517229e-11,1.472169e-08,0.0000,88.8472,11.1528,1.635663e+02
6300,2.312652e-07,4.769087e+00,2.830759e-12,3.433386e-04,0.000000e+00,3.384700e-04,3.060338e-04,0.000000e+00,1.454806e-08,-6.521989e-10,5.249084e-11,-1.638055e-11,-6.603789e-10,-1.501893e-11,1.456444e-08,0.0000,89.2886,10.7114,1.636804e+02
6400,2.349361e-07,5.113113e+00,3.034960e-12,3.411614e-04,0.000000e+00,3.412218e-04,2.855340e-04,0.000000e+00,1.465876e-08,-6.692137e-10,3.192022e-11,-1.614441e-11,-6.599853e-10,-1.490596e-11,1.467490e-08,0.0000,89.7512,10.2488,1.635354e+02
6500,2.386070e-07,5.559194e+00,3.299738e-12,3.415847e-04,0.000000e+00,3.404961e-04,2.694554e-04,0.000000e+00,1.462074e-08,-6.534834e-10,3.329444e-11,-1.587430e-11,-6.582847e-10,-1.478598e-11,1.463662e-08,0.0000,90.1621,9.8379,1.633546e+02
6600,2.422779e-07,6.096973e+00,3.618944e-12,3.434898e-04,0.000000e+00,3.432479e-04,2.565333e-04,0.000000e+00,1.471133e-08,-6.533800e-10,2.760238e-11,-1.555378e-11,-6.580481e-10,-1.479555e-11,1.472688e-08,0.0000,90.5523,9.4477,1.627453e+02
6700,2.459487e-07,6.652664e+00,3.948782e-12,3.403146e-04,0.000000e+00,3.407682e-04,2.504620e-04,0.000000e+00,1.459241e-08,-6.495840e-10,3.367519e-11,-1.551730e-11,-6.565248e-10,-1.482895e-11,1.460792e-08,0.0000,90.9170,9.0830,1.624640e+02
6800,2.496196e-07,7.289215e+00,4.326616e-12,3.455461e-04,0.000000e+00,3.426431e-04,2.426186e-04,0.000000e+00,1.464596e-08,-6.547698e-10,4.327768e-11,-1.547871e-11,-6.579889e-10,-1.482000e-11,1.466144e-08,0.0000,91.2238,8.7762,1.618703e+02
6900,2.532905e-07,7.881100e+00,4.677938e-12,3.426733e-04,0.000000e+00,3.390748e-04,2.469682e-04,0.000000e+00,1.447433e-08,-6.492088e-10,5.093803e-11,-1.542938e-11,-6.609472e-10,-1.488237e-11,1.448976e-08,0.0000,91.4988,8.5012,1.614451e+02
7000,2.569614e-07,8.481124e+00,5.034090e-12,3.430664e-04,0.000000e+00,3.427640e-04,2.460453e-04,0.000000e+00,1.460710e-08,-6.527784e-10,6.389797e-11,-1.557365e-11,-6.639313e-10,-1.511466e-11,1.462267e-08,0.0000,91.7883,8.2117,1.609039e+02
7100,2.606322e-07,9.028037e+00,5.358718e-12,3.422197e-04,0.000000e+00,3.437922e-04,2.537864e-04,0.000000e+00,1.461979e-08,-6.608525e-10,8.223693e-11,-1.549715e-11,-6.658545e-10,-1.504781e-11,1.463528e-08,0.0000,92.0761,7.9239,1.602283e+02
7200,2.643031e-07,9.482281e+00,5.628341e-12,3.431874e-04,0.000000e+00,3.409799e-04,2.697382e-04,0.000000e+00,1.448324e-08,-6.525090e-10,8.945125e-11,-1.556051e-11,-6.686040e-10,-1.493770e-11,1.449880e-08,0.0000,92.3106,7.6894,1.598591e+02
7300,2.679740e-07,9.865996e+00,5.856100e-12,3.437922e-04,0.000000e+00,3.425524e-04,2.817472e-04,0.000000e+00,1.451873e-08,-6.555875e-10,1.137322e-10,-1.558513e-11,-6.720884e-10,-1.484343e-11,1.453432e-08,0.0000,92.5396,7.4604,1.591786e+02
7400,2.716449e-07,1.012721e+01,6.011150e-12,3.437317e-04,0.000000e+00,3.427640e-04,3.014940e-04,0.000000e+00,1.451754e-08,-6.509960e-10,1.312954e-10,-1.558494e-11,-6.752483e-10,-1.489271e-11,1.453313e-08,0.0000,92.7572,7.2428,1.589471e+02
7500,2.753158e-07,1.022578e+01,6.069654e-12,3.418266e-04,0.000000e+00,3.434898e-04,3.258892e-04,0.000000e+00,1.453646e-08,-6.551848e-10,1.520077e-10,-1.539915e-11,-6.792884e-10,-1.479746e-11,1.455186e-08,0.0000,92.9833,7.0167,1.586998e+02
7600,2.789866e-07,1.018314e+01,6.044343e-12,3.411916e-04,0.000000e+00,3.423709e-04,3.480867e-04,0.000000e+00,1.448696e-08,-6.500339e-10,1.579273e-10,-1.510320e-11,-6.787974e-10,-1.485890e-11,1.450207e-08,0.0000,93.1922,6.8078,1.586405e+02
7700,2.826575e-07,1.002161e+01,5.948467e-12,3.430967e-04,0.000000e+00,3.443063e-04,3.692146e-04,0.000000e+00,1.455749e-08,-6.565864e-10,1.515922e-10,-1.509751e-11,-6.802007e-10,-1.499243e-11,1.457259e-08,0.0000,93.3908,6.6092,1.584006e+02
7800,2.863284e-07,9.717691e+00,5.768072e-12,3.410706e-04,0.000000e+00,3.397099e-04,3.902130e-04,0.000000e+00,1.437804e-08,-6.474206e-10,1.570493e-10,-1.487145e-11,-6.817964e-10,-1.502092e-11,1.439291e-08,0.0000,93.5575,6.4425,1.587157e+02
7900,2.899993e-07,9.308776e+00,5.525355e-12,3.440039e-04,0.000000e+00,3.445179e-04,4.101235e-04,0.000000e+00,1.459311e-08,-6.682344e-10,1.641303e-10,-1.486940e-11,-6.814433e-10,-1.501008e-11,1.460798e-08,0.0000,93.7312,6.2688,1.589768e+02
8000,2.936701e-07,8.784025e+00,5.213881e-12,3.425524e-04,0.000000e+00,3.427943e-04,4.274022e-04,0.000000e+00,1.453891e-08,-6.505423e-10,1.709326e-10,-1.479562e-11,-6.805700e-10,-1.488218e-11,1.455371e-08,0.0000,93.8933,6.1067,1.593758e+02
8100,2.973410e-07,8.209389e+00,4.872798e-12,3.398006e-04,0.000000e+00,3.422197e-04,4.327166e-04,0.000000e+00,1.453053e-08,-6.598199e-10,1.571856e-10,-1.490023e-11,-6.791199e-10,-1.481996e-11,1.454543e-08,0.0000,94.0619,5.9381,1.597260e+02
8200,3.010119e-07,7.664055e+00,4.549107e-12,3.436712e-04,0.000000e+00,3.435200e-04,4.318494e-04,0.000000e+00,1.460394e-08,-6.487841e-10,1.457683e-10,-1.501908e-11,-6.757302e-10,-1.488802e-11,1.461896e-08,0.0000,94.2058,5.7942,1.601140e+02
8300,3.046828e-07,7.138493e+00,4.237153e-12,3.419173e-04,0.000000e+00,3.420383e-04,4.268983e-04,0.000000e+00,1.455542e-08,-6.575990e-10,1.313053e-10,-1.533710e-11,-6.736452e-10,-1.495071e-11,1.457075e-08,0.0000,94.3440,5.6560,1.604480e+02
8400,3.083536e-07,6.700788e+00,3.977346e-12,3.412218e-04,0.000000e+00,3.417661e-04,4.119968e-04,0.000000e+00,1.457615e-08,-6.562586e-10,1.162930e-10,-1.508717e-11,-6.723775e-10,-1.489774e-11,1.459124e-08,0.0000,94.4784,5.5216,1.611431e+02
8500,3.120245e-07,6.367168e+00,3.779322e-12,3.405868e-04,0.000000e+00,3.422197e-04,3.945316e-04,0.000000e+00,1.461448e-08,-6.560871e-10,7.879570e-11,-1.470558e-11,-6.679974e-10,-1.477063e-11,1.462918e-08,0.0000,94.6137,5.3863,1.615561e+02
8600,3.156954e-07,6.185226e+00,3.671328e-12,3.424919e-04,0.000000e+00,3.436107e-04,3.719110e-04,0.000000e+00,1.469179e-08,-6.539728e-10,5.930213e-11,-1.457392e-11,-6.641137e-10,-1.480849e-11,1.470636e-08,0.0000,94.7404,5.2596,1.619386e+02
8700,3.193663e-07,6.118860e+00,3.631935e-12,3.425826e-04,0.000000e+00,3.410102e-04,3.533137e-04,0.000000e+00,1.458872e-08,-6.484938e-10,5.633157e-11,-1.491888e-11,-6.620888e-10,-1.485256e-11,1.460363e-08,0.0000,94.8446,5.1554,1.621162e+02
8800,3.230371e-07,6.188093e+00,3.673029e-12,3.431874e-04,0.000000e+00,3.407682e-04,3.319928e-04,0.000000e+00,1.459280e-08,-6.568867e-10,4.556578e-11,-1.521286e-11,-6.611656e-10,-1.490801e-11,1.460801e-08,0.0000,94.9393,5.0607,1.624391e+02
8900,3.267080e-07,6.405252e+00,3.801927e-12,3.452437e-04,0.000000e+00,3.439434e-04,3.101301e-04,0.000000e+00,1.472431e-08,-6.556872e-10,4.442932e-11,-1.552509e-11,-6.621887e-10,-1.495931e-11,1.473984e-08,0.0000,95.0374,4.9626,1.623291e+02
9000,3.303789e-07,6.703387e+00,3.978889e-12,3.404961e-04,0.000000e+00,3.432781e-04,2.922891e-04,0.000000e+00,1.469135e-08,-6.564244e-10,3.965251e-11,-1.584113e-11,-6.603476e-10,-1.495123e-11,1.470719e-08,0.0000,95.1544,4.8456,1.622382e+02
9100,3.340498e-07,7.110091e+00,4.220294e-12,3.416149e-04,0.000000e+00,3.452437e-04,2.758527e-04,0.000000e+00,1.476731e-08,-6.651970e-10,4.201819e-11,-1.582674e-11,-6.575963e-10,-1.482150e-11,1.478314e-08,0.0000,95.2720,4.7280,1.620602e+02
9200,3.377207e-07,7.591637e+00,4.506122e-12,3.402542e-04,0.000000e+00,3.409799e-04,2.623904e-04,0.000000e+00,1.456801e-08,-6.465541e-10,4.716346e-11,-1.556086e-11,-6.542737e-10,-1.454070e-11,1.458357e-08,0.0000,95.3681,4.6319,1.616671e+02
9300,3.413915e-07,8.145590e+00,4.834929e-12,3.447598e-04,0.000000e+00,3.396494e-04,2.551881e-04,0.000000e+00,1.449721e-08,-6.454010e-10,4.440774e-11,-1.546620e-11,-6.569077e-10,-1.446880e-11,1.451268e-08,0.0000,95.4290,4.5710,1.613559e+02
9400,3.450624e-07,8.690291e+00,5.158244e-12,3.426431e-04,0.000000e+00,3.396191e-04,2.545674e-04,0.000000e+00,1.446797e-08,-6.366690e-10,5.588990e-11,-1.571311e-11,-6.604458e-10,-1.449136e-11,1.448369e-08,0.0000,95.4984,4.5016,1.607344e+02
9500,3.487333e-07,9.223115e+00,5.474509e-12,3.400123e-04,0.000000e+00,3.438829e-04,2.538570e-04,0.000000e+00,1.463637e-08,-6.516810e-10,7.562198e-11,-1.602621e-11,-6.638201e-10,-1.468086e-11,1.465239e-08,0.0000,95.6020,4.3980,1.604555e+02
9600,3.524042e-07,9.716573e+00,5.767408e-12,3.392260e-04,0.000000e+00,3.421593e-04,2.594360e-04,0.000000e+00,1.455263e-08,-6.415286e-10,7.650589e-11,-1.628040e-11,-6.609490e-10,-1.487229e-11,1.456891e-08,0.0000,95.6966,4.3034,1.602158e+02
9700,3.560750e-07,1.016487e+01,6.033499e-12,3.384700e-04,0.000000e+00,3.413428e-04,2.659831e-04,0.000000e+00,1.448696e-08,-6.501115e-10,7.676028e-11,-1.640625e-11,-6.606474e-10,-1.496551e-11,1.450337e-08,0.0000,95.7874,4.2126,1.595426e+02
9800,3.597459e-07,1.053558e+01,6.253541e-12,3.381072e-04,0.000000e+00,3.390144e-04,2.781646e-04,0.000000e+00,1.437264e-08,-6.534690e-10,8.850551e-11,-1.627889e-11,-6.624458e-10,-1.482916e-11,1.438892e-08,0.0000,95.8649,4.1351,1.592034e+02
9900,3.634168e-07,1.083441e+01,6.430915e-12,3.417964e-04,0.000000e+00,3.385003e-04,2.934770e-04,0.000000e+00,1.433521e-08,-6.495832e-10,1.000266e-10,-1.599284e-11,-6.646474e-10,-1.468468e-11,1.435121e-08,0.0000,95.9194,4.0806,1.588530e+02
10000,3.670877e-07,1.104172e+01,6.553966e-12,3.439131e-04,0.000000e+00,3.377443e-04,3.103924e-04,0.000000e+00,1.429264e-08,-6.446609e-10,1.233972e-10,-1.584937e-11,-6.712353e-10,-1.478847e-11,1.430849e-08,0.0000,95.9583,4.0417,1.586181e+02
10100,3.707585e-07,1.111137e+01,6.595310e-12,3.438527e-04,0.000000e+00,3.370488e-04,3.325900e-04,0.000000e+00,1.425175e-08,-6.407599e-10,1.228623e-10,-1.580127e-11,-6.772054e-10,-1.500164e-11,1.426755e-08,0.0000,95.9928,4.0072,1.583573e+02
10200,3.744294e-07,1.102310e+01,6.542918e-12,3.415242e-04,0.000000e+00,3.431572e-04,3.557965e-04,0.000000e+00,1.449902e-08,-6.600639e-10,1.164147e-10,-1.577803e-11,-6.799454e-10,-1.506496e-11,1.451480e-08,0.0000,96.0660,3.9340,1.581291e+02
10300,3.781003e-07,1.080997e+01,6.416408e-12,3.410404e-04,0.000000e+00,3.451530e-04,3.755035e-04,0.000000e+00,1.458348e-08,-6.611433e-10,1.144036e-10,-1.562919e-11,-6.783469e-10,-1.494205e-11,1.459910e-08,0.0000,96.1485,3.8515,1.581408e+02
10400,3.817712e-07,1.048157e+01,6.221483e-12,3.421290e-04,0.000000e+00,3.423105e-04,3.952295e-04,0.000000e+00,1.447620e-08,-6.521993e-10,1.199585e-10,-1.563203e-11,-6.775823e-10,-1.499526e-11,1.449183e-08,0.0000,96.2103,3.7897,1.583972e+02
10500,3.854421e-07,1.008654e+01,5.987009e-12,3.424012e-04,0.000000e+00,3.410102e-04,4.062750e-04,0.000000e+00,1.442040e-08,-6.540834e-10,1.238786e-10,-1.578604e-11,-6.779608e-10,-1.512052e-11,1.443618e-08,0.0000,96.2631,3.7369,1.583874e+02
10600,3.891129e-07,9.586755e+00,5.690353e-12,3.437015e-04,0.000000e+00,3.435805e-04,4.245149e-04,0.000000e+00,1.455903e-08,-6.621794e-10,1.185679e-10,-1.568417e-11,-6.785822e-10,-1.502628e-11,1.457472e-08,0.0000,96.3202,3.6798,1.590386e+02
10700,3.927838e-07,9.045763e+00,5.369239e-12,3.415545e-04,0.000000e+00,3.409799e-04,4.290305e-04,0.000000e+00,1.446105e-08,-6.547202e-10,1.122465e-10,-1.548980e-11,-6.777944e-10,-1.492481e-11,1.447654e-08,0.0000,96.3732,3.6268,1.592972e+02
10800,3.964547e-07,8.545436e+00,5.072263e-12,3.443365e-04,0.000000e+00,3.441248e-04,4.252371e-04,0.000000e+00,1.461247e-08,-6.596108e-10,9.969783e-11,-1.527733e-11,-6.753800e-10,-1.492443e-11,1.462775e-08,0.0000,96.4267,3.5733,1.596960e+02
10900,4.001256e-07,8.086940e+00,4.800116e-12,3.430060e-04,0.000000e+00,3.435503e-04,4.171427e-04,0.000000e+00,1.460721e-08,-6.556469e-10,9.142321e-11,-1.474654e-11,-6.732666e-10,-1.485622e-11,1.462195e-08,0.0000,96.4816,3.5184,1.601029e+02
11000,4.037964e-07,7.694297e+00,4.567058e-12,3.410102e-04,0.000000e+00,3.433688e-04,4.044987e-04,0.000000e+00,1.460839e-08,-6.598491e-10,5.667820e-11,-1.491577e-11,-6.716061e-10,-1.492961e-11,1.462330e-08,0.0000,96.5423,3.4577,1.603000e+02
11100,4.074673e-07,7.427510e+00,4.408703e-12,3.404356e-04,0.000000e+00,3.443063e-04,3.835738e-04,0.000000e+00,1.468260e-08,-6.560262e-10,5.533013e-11,-1.494104e-11,-6.669476e-10,-1.498186e-11,1.469754e-08,0.0000,96.6075,3.3925,1.610268e+02
11200,4.111382e-07,7.266349e+00,4.313043e-12,3.408287e-04,0.000000e+00,3.419778e-04,3.668877e-04,0.000000e+00,1.458665e-08,-6.551643e-10,4.828761e-11,-1.486225e-11,-6.619910e-10,-1.488582e-11,1.460151e-08,0.0000,96.6597,3.3403,1.611113e+02
11300,4.148091e-07,7.284047e+00,4.323548e-12,3.447296e-04,0.000000e+00,3.424919e-04,3.418679e-04,0.000000e+00,1.462010e-08,-6.580669e-10,3.442865e-11,-1.468515e-11,-6.613239e-10,-1.470514e-11,1.463478e-08,0.0000,96.6973,3.3027,1.613594e+02
11400,4.184799e-07,7.412736e+00,4.399933e-12,3.443667e-04,0.000000e+00,3.391353e-04,3.235583e-04,0.000000e+00,1.447538e-08,-6.460003e-10,4.234896e-11,-1.458301e-11,-6.653363e-10,-1.452520e-11,1.448996e-08,0.0000,96.7219,3.2781,1.613192e+02
11500,4.221508e-07,7.635588e+00,4.532210e-12,3.394982e-04,0.000000e+00,3.440341e-04,3.034640e-04,0.000000e+00,1.469663e-08,-6.514925e-10,5.423222e-11,-1.457538e-11,-6.653570e-10,-1.454621e-11,1.471120e-08,0.0000,96.7836,3.2164,1.615851e+02
11600,4.258217e-07,7.983799e+00,4.738896e-12,3.415847e-04,0.000000e+00,3.453646e-04,2.852806e-04,0.000000e+00,1.474803e-08,-6.505270e-10,4.692698e-11,-1.469366e-11,-6.614579e-10,-1.457701e-11,1.476272e-08,0.0000,96.8411,3.1589,1.614538e+02
11700,4.294926e-07,8.414539e+00,4.994567e-12,3.403146e-04,0.000000e+00,3.416452e-04,2.706660e-04,0.000000e+00,1.458023e-08,-6.430539e-10,4.295051e-11,-1.486939e-11,-6.577784e-10,-1.449692e-11,1.459510e-08,0.0000,96.8875,3.1125,1.612596e+02
11800,4.331634e-07,8.920315e+00,5.294778e-12,3.422802e-04,0.000000e+00,3.407985e-04,2.604984e-04,0.000000e+00,1.452881e-08,-6.458801e-10,5.370286e-11,-1.510838e-11,-6.596296e-10,-1.449412e-11,1.454392e-08,0.0000,96.9222,3.0778,1.609201e+02
11900,4.368343e-07,9.424008e+00,5.593752e-12,3.388027e-04,0.000000e+00,3.360509e-04,2.573578e-04,0.000000e+00,1.430107e-08,-6.393746e-10,6.284768e-11,-1.537301e-11,-6.612043e-10,-1.447817e-11,1.431644e-08,0.0000,96.9509,3.0491,1.603479e+02
12000,4.405052e-07,9.951480e+00,5.906841e-12,3.395284e-04,0.000000e+00,3.425524e-04,2.542386e-04,0.000000e+00,1.456029e-08,-6.397177e-10,7.789397e-11,-1.559126e-11,-6.622127e-10,-1.461268e-11,1.457589e-08,0.0000,97.0004,2.9996,1.599573e+02
12100,4.441761e-07,1.051757e+01,6.242849e-12,3.437619e-04,0.000000e+00,3.395889e-04,2.522284e-04,0.000000e+00,1.441698e-08,-6.454767e-10,7.861043e-11,-1.561735e-11,-6.639529e-10,-1.480536e-11,1.443260e-08,0.0000,97.0228,2.9772,1.595867e+02
12200,4.478470e-07,1.102460e+01,6.543808e-12,3.424314e-04,0.000000e+00,3.395587e-04,2.604458e-04,0.000000e+00,1.439671e-08,-6.470040e-10,8.888615e-11,-1.583092e-11,-6.680725e-10,-1.503902e-11,1.441254e-08,0.0000,97.0491,2.9509,1.591653e+02
12300,4.515178e-07,1.146103e+01,6.802857e-12,3.409497e-04,0.000000e+00,3.414940e-04,2.703810e-04,0.000000e+00,1.445883e-08,-6.507097e-10,8.871289e-11,-1.543245e-11,-6.702750e-10,-1.487663e-11,1.447426e-08,0.0000,97.0869,2.9131,1.587346e+02
12400,4.551887e-07,1.182556e+01,7.019226e-12,3.419173e-04,0.000000e+00,3.397401e-04,2.829752e-04,0.000000e+00,1.436858e-08,-6.573523e-10,1.022310e-10,-1.530020e-11,-6.717462e-10,-1.469608e-11,1.438388e-08,0.0000,97.1143,2.8857,1.583848e+02
12500,4.588596e-07,1.212202e+01,7.195196e-12,3.444877e-04,0.000000e+00,3.416452e-04,2.965511e-04,0.000000e+00,1.443132e-08,-6.446974e-10,1.018777e-10,-1.534100e-11,-6.742846e-10,-1.479076e-11,1.444666e-08,0.0000,97.1389,2.8611,1.579926e+02
12600,4.625305e-07,1.226417e+01,7.279569e-12,3.419476e-04,0.000000e+00,3.425221e-04,3.189631e-04,0.000000e+00,1.444957e-08,-6.557372e-10,1.126960e-10,-1.549661e-11,-6.773246e-10,-1.507714e-11,1.446507e-08,0.0000,97.1745,2.8255,1.575875e+02
12700,4.662013e-07,1.225934e+01,7.276704e-12,3.397703e-04,0.000000e+00,3.399215e-04,3.405507e-04,0.000000e+00,1.433930e-08,-6.480499e-10,9.982788e-11,-1.554334e-11,-6.769134e-10,-1.523302e-11,1.435484e-08,0.0000,97.2076,2.7924,1.575766e+02
12800,4.698722e-07,1.213112e+01,7.200597e-12,3.399820e-04,0.000000e+00,3.451530e-04,3.607146e-04,0.000000e+00,1.454475e-08,-6.666092e-10,8.553629e-11,-1.547668e-11,-6.751553e-10,-1.536301e-11,1.456022e-08,0.0000,97.2568,2.7432,1.572458e+02
12900,4.735431e-07,1.191977e+01,7.075145e-12,3.433991e-04,0.000000e+00,3.412823e-04,3.775740e-04,0.000000e+00,1.439381e-08,-6.586971e-10,1.103808e-10,-1.534871e-11,-6.754546e-10,-1.523598e-11,1.440916e-08,0.0000,97.2810,2.7190,1.575154e+02
13000,4.772140e-07,1.158953e+01,6.879130e-12,3.412218e-04,0.000000e+00,3.402844e-04,3.946190e-04,0.000000e+00,1.436239e-08,-6.650900e-10,1.063041e-10,-1.511535e-11,-6.760353e-10,-1.503739e-11,1.437750e-08,0.0000,97.3084,2.6916,1.577510e+02
13100,4.808848e-07,1.115520e+01,6.621323e-12,3.409194e-04,0.000000e+00,3.419778e-04,4.111499e-04,0.000000e+00,1.443217e-08,-6.577248e-10,1.001652e-10,-1.492605e-11,-6.751602e-10,-1.508964e-11,1.444709e-08,0.0000,97.3416,2.6584,1.577038e+02
13200,4.845557e-07,1.068183e+01,6.340352e-12,3.439131e-04,0.000000e+00,3.411311e-04,4.204536e-04,0.000000e+00,1.440883e-08,-6.556073e-10,1.244760e-10,-1.497291e-11,-6.744040e-10,-1.524115e-11,1.442380e-08,0.0000,97.3620,2.6380,1.579796e+02
13300,4.882266e-07,1.016845e+01,6.035625e-12,3.437317e-04,0.000000e+00,3.418871e-04,4.267438e-04,0.000000e+00,1.447230e-08,-6.606324e-10,1.011383e-10,-1.499789e-11,-6.754406e-10,-1.530931e-11,1.448730e-08,0.0000,97.3849,2.6151,1.586675e+02
13400,4.918975e-07,9.658008e+00,5.732646e-12,3.397401e-04,0.000000e+00,3.425826e-04,4.222760e-04,0.000000e+00,1.451397e-08,-6.675825e-10,9.155494e-11,-1.486016e-11,-6.742728e-10,-1.519931e-11,1.452883e-08,0.0000,97.4217,2.5783,1.589288e+02
13500,4.955684e-07,9.224124e+00,5.475108e-12,3.430362e-04,0.000000e+00,3.460299e-04,4.131933e-04,0.000000e+00,1.467690e-08,-6.658180e-10,7.826882e-11,-1.450930e-11,-6.707979e-10,-1.496915e-11,1.469141e-08,0.0000,97.4585,2.5415,1.592975e+02
13600,4.992392e-07,8.897444e+00,5.281203e-12,3.445482e-04,0.000000e+00,3.421593e-04,3.973708e-04,0.000000e+00,1.452861e-08,-6.572161e-10,7.438692e-11,-1.410722e-11,-6.709809e-10,-1.482260e-11,1.454272e-08,0.0000,97.4781,2.5219,1.596336e+02
13700,5.029101e-07,8.647943e+00,5.133108e-12,3.408892e-04,0.000000e+00,3.427943e-04,3.812324e-04,0.000000e+00,1.457583e-08,-6.559133e-10,7.687186e-11,-1.388224e-11,-6.708702e-10,-1.492957e-11,1.458971e-08,0.0000,97.5100,2.4900,1.600771e+02
13800,5.065810e-07,8.544581e+00,5.071756e-12,3.430060e-04,0.000000e+00,3.434596e-04,3.597191e-04,0.000000e+00,1.461647e-08,-6.494080e-10,7.217695e-11,-1.369956e-11,-6.697649e-10,-1.495108e-11,1.463017e-08,0.0000,97.5371,2.4629,1.603325e+02
13900,5.102519e-07,8.532632e+00,5.064664e-12,3.386212e-04,0.000000e+00,3.425826e-04,3.405533e-04,0.000000e+00,1.457275e-08,-6.596297e-10,8.359189e-11,-1.355933e-11,-6.665534e-10,-1.492377e-11,1.458631e-08,0.0000,97.5737,2.4263,1.602075e+02
14000,5.139227e-07,8.665312e+00,5.143417e-12,3.414637e-04,0.000000e+00,3.432479e-04,3.200101e-04,0.000000e+00,1.461348e-08,-6.544004e-10,7.414338e-11,-1.342305e-11,-6.651077e-10,-1.485395e-11,1.462690e-08,0.0000,97.6034,2.3966,1.604602e+02
14100,5.175936e-07,8.939011e+00,5.305876e-12,3.429757e-04,0.000000e+00,3.410102e-04,2.987197e-04,0.000000e+00,1.451855e-08,-6.547585e-10,7.271982e-11,-1.328100e-11,-6.646102e-10,-1.480397e-11,1.453184e-08,0.0000,97.6217,2.3783,1.604752e+02
14200,5.212645e-07,9.309978e+00,5.526068e-12,3.427338e-04,0.000000e+00,3.397703e-04,2.827502e-04,0.000000e+00,1.446237e-08,-6.456109e-10,7.422635e-11,-1.321952e-11,-6.664920e-10,-1.478401e-11,1.447559e-08,0.0000,97.6367,2.3633,1.603894e+02
14300,5.249354e-07,9.751509e+00,5.788145e-12,3.447901e-04,0.000000e+00,3.418266e-04,2.733965e-04,0.000000e+00,1.454011e-08,-6.522500e-10,6.218517e-11,-1.346639e-11,-6.685194e-10,-1.485452e-11,1.455358e-08,0.0000,97.6515,2.3485,1.601829e+02
14400,5.286062e-07,1.025661e+01,6.087953e-12,3.424314e-04,0.000000e+00,3.421895e-04,2.607593e-04,0.000000e+00,1.453654e-08,-6.508499e-10,8.493136e-11,-1.350875e-11,-6.698800e-10,-1.492404e-11,1.455005e-08,0.0000,97.6736,2.3264,1.597620e+02
14500,5.322771e-07,1.078801e+01,6.403374e-12,3.413428e-04,0.000000e+00,3.427036e-04,2.554175e-04,0.000000e+00,1.454090e-08,-6.603977e-10,8.683031e-11,-1.352046e-11,-6.688912e-10,-1.483900e-11,1.455442e-08,0.0000,97.6998,2.3002,1.593768e+02
14600,5.359480e-07,1.134199e+01,6.732195e-12,3.428548e-04,0.000000e+00,3.432176e-04,2.532794e-04,0.000000e+00,1.455079e-08,-6.479555e-10,8.307980e-11,-1.352465e-11,-6.674083e-10,-1.490094e-11,1.456432e-08,0.0000,97.7227,2.2773,1.591151e+02
14700,5.396189e-07,1.186835e+01,7.044624e-12,3.401030e-04,0.000000e+00,3.392563e-04,2.549928e-04,0.000000e+00,1.435594e-08,-6.471000e-10,1.039656e-10,-1.362607e-11,-6.678070e-10,-1.502512e-11,1.436957e-08,0.0000,97.7417,2.2583,1.585246e+02
14800,5.432897e-07,1.238421e+01,7.350819e-12,3.438224e-04,0.000000e+00,3.424919e-04,2.604103e-04,0.000000e+00,1.447256e-08,-6.572785e-10,8.803275e-11,-1.387067e-11,-6.691180e-10,-1.516283e-11,1.448643e-08,0.0000,97.7593,2.2407,1.580906e+02
14900,5.469606e-07,1.282785e+01,7.614153e-12,3.410706e-04,0.000000e+00,3.395284e-04,2.693346e-04,0.000000e+00,1.433401e-08,-6.546064e-10,1.124834e-10,-1.431123e-11,-6.703539e-10,-1.532097e-11,1.434832e-08,0.0000,97.7757,2.2243,1.578018e+02
15000,5.506315e-07,1.321320e+01,7.842878e-12,3.442155e-04,0.000000e+00,3.417057e-04,2.819075e-04,0.000000e+00,1.441255e-08,-6.613019e-10,1.112032e-10,-1.471949e-11,-6.741410e-10,-1.542056e-11,1.442727e-08,0.0000,97.7895,2.2105,1.575137e+02
15100,5.543024e-07,1.345977e+01,7.989237e-12,3.405868e-04,0.000000e+00,3.416754e-04,3.007166e-04,0.000000e+00,1.438819e-08,-6.652876e-10,1.414026e-10,-1.485203e-11,-6.747606e-10,-1.536373e-11,1.440304e-08,0.0000,97.8124,2.1876,1.570216e+02
15200,5.579733e-07,1.361198e+01,8.079582e-12,3.437619e-04,0.000000e+00,3.435805e-04,3.191506e-04,0.000000e+00,1.445715e-08,-6.649633e-10,1.184191e-10,-1.483850e-11,-6.761150e-10,-1.525552e-11,1.447199e-08,0.0000,97.8317,2.1683,1.567762e+02
15300,5.616441e-07,1.359468e+01,8.069312e-12,3.391051e-04,0.000000e+00,3.411916e-04,3.419029e-04,0.000000e+00,1.434675e-08,-6.615110e-10,1.042141e-10,-1.457787e-11,-6.756105e-10,-1.522696e-11,1.436133e-08,0.0000,97.8563,2.1437,1.565648e+02
15400,5.653150e-07,1.346765e+01,7.993911e-12,3.426431e-04,0.000000e+00,3.411009e-04,3.631833e-04,0.000000e+00,1.434182e-08,-6.563865e-10,1.248776e-10,-1.418491e-11,-6.755229e-10,-1.525076e-11,1.435600e-08,0.0000,97.8713,2.1287,1.565338e+02
15500,5.689859e-07,1.319958e+01,7.834795e-12,3.394679e-04,0.000000e+00,3.405868e-04,3.828135e-04,0.000000e+00,1.431573e-08,-6.618423e-10,1.067096e-10,-1.403725e-11,-6.726357e-10,-1.527224e-11,1.432977e-08,0.0000,97.8927,2.1073,1.564482e+02
15600,5.726568e-07,1.284695e+01,7.625487e-12,3.413126e-04,0.000000e+00,3.437015e-04,3.983310e-04,0.000000e+00,1.445813e-08,-6.596930e-10,1.072096e-10,-1.388823e-11,-6.721742e-10,-1.529299e-11,1.447202e-08,0.0000,97.9170,2.0830,1.566836e+02
15700,5.763276e-07,1.240888e+01,7.365467e-12,3.416452e-04,0.000000e+00,3.397099e-04,4.124784e-04,0.000000e+00,1.429519e-08,-6.607347e-10,1.175598e-10,-1.376771e-11,-6.715417e-10,-1.523608e-11,1.430896e-08,0.0000,97.9301,2.0699,1.568042e+02
15800,5.799985e-07,1.191465e+01,7.072107e-12,3.412218e-04,0.000000e+00,3.415545e-04,4.211374e-04,0.000000e+00,1.437915e-08,-6.642550e-10,1.341169e-10,-1.358388e-11,-6.727480e-10,-1.520518e-11,1.439273e-08,0.0000,97.9485,2.0515,1.569397e+02
15900,5.836694e-07,1.142169e+01,6.779506e-12,3.444575e-04,0.000000e+00,3.424012e-04,4.241663e-04,0.000000e+00,1.443784e-08,-6.585899e-10,1.293353e-10,-1.351202e-11,-6.729126e-10,-1.513525e-11,1.445135e-08,0.0000,97.9609,2.0391,1.574257e+02
16000,5.873403e-07,1.092966e+01,6.487453e-12,3.399215e-04,0.000000e+00,3.425221e-04,4.194809e-04,0.000000e+00,1.446616e-08,-6.615409e-10,1.287654e-10,-1.337472e-11,-6.731764e-10,-1.512186e-11,1.447954e-08,0.0000,97.9843,2.0157,1.579331e+02
16100,5.910111e-07,1.051000e+01,6.238356e-12,3.411614e-04,0.000000e+00,3.420383e-04,4.090190e-04,0.000000e+00,1.445707e-08,-6.586357e-10,1.348383e-10,-1.295385e-11,-6.722138e-10,-1.509659e-11,1.447002e-08,0.0000,98.0032,1.9968,1.581782e+02
16200,5.946820e-07,1.018406e+01,6.044894e-12,3.395889e-04,0.000000e+00,3.440643e-04,3.922907e-04,0.000000e+00,1.456429e-08,-6.583922e-10,1.255543e-10,-1.241461e-11,-6.696272e-10,-1.489398e-11,1.457671e-08,0.0000,98.0304,1.9696,1.586423e+02
16300,5.983529e-07,9.983041e+00,5.925574e-12,3.431269e-04,0.000000e+00,3.401937e-04,3.756316e-04,0.000000e+00,1.441796e-08,-6.545907e-10,1.086235e-10,-1.187146e-11,-6.686773e-10,-1.474450e-11,1.442983e-08,0.0000,98.0395,1.9605,1.590224e+02
16400,6.020238e-07,9.888275e+00,5.869324e-12,3.413428e-04,0.000000e+00,3.428850e-04,3.566660e-04,0.000000e+00,1.454774e-08,-6.484430e-10,1.264635e-10,-1.156161e-11,-6.686906e-10,-1.482758e-11,1.455930e-08,0.0000,98.0591,1.9409,1.593553e+02
16500,6.056947e-07,9.926429e+00,5.891971e-12,3.433991e-04,0.000000e+00,3.414637e-04,3.372298e-04,0.000000e+00,1.449136e-08,-6.523817e-10,1.147683e-10,-1.141558e-11,-6.687088e-10,-1.481783e-11,1.450278e-08,0.0000,98.0702,1.9298,1.594378e+02
16600,6.093655e-07,1.007658e+01,5.981096e-12,3.412823e-04,0.000000e+00,3.418569e-04,3.170033e-04,0.000000e+00,1.450404e-08,-6.509340e-10,1.074851e-10,-1.159450e-11,-6.686246e-10,-1.480706e-11,1.451563e-08,0.0000,98.0870,1.9130,1.593549e+02
16700,6.130364e-07,1.034621e+01,6.141137e-12,3.438527e-04,0.000000e+00,3.420988e-04,3.002553e-04,0.000000e+00,1.452001e-08,-6.493917e-10,1.111682e-10,-1.177133e-11,-6.692529e-10,-1.488795e-11,1.453178e-08,0.0000,98.0981,1.9019,1.594859e+02
16800,6.167073e-07,1.071336e+01,6.359063e-12,3.429152e-04,0.000000e+00,3.407682e-04,2.835491e-04,0.000000e+00,1.444603e-08,-6.524026e-10,9.029834e-11,-1.174353e-11,-6.697517e-10,-1.484563e-11,1.445777e-08,0.0000,98.1082,1.8918,1.591044e+02
16900,6.203782e-07,1.116663e+01,6.628113e-12,3.445179e-04,0.000000e+00,3.424919e-04,2.712248e-04,0.000000e+00,1.451530e-08,-6.513179e-10,1.067590e-10,-1.180134e-11,-6.705789e-10,-1.478507e-11,1.452710e-08,0.0000,98.1184,1.8816,1.590110e+02
17000,6.240490e-07,1.166711e+01,6.925174e-12,3.425524e-04,0.000000e+00,3.441248e-04,2.616286e-04,0.000000e+00,1.456805e-08,-6.517372e-10,1.013914e-10,-1.209312e-11,-6.710712e-10,-1.497527e-11,1.458014e-08,0.0000,98.1366,1.8634,1.586590e+02
17100,6.277199e-07,1.221833e+01,7.252360e-12,3.435805e-04,0.000000e+00,3.441853e-04,2.544502e-04,0.000000e+00,1.456143e-08,-6.586645e-10,9.376590e-11,-1.242501e-11,-6.697212e-10,-1.494312e-11,1.457386e-08,0.0000,98.1523,1.8477,1.584610e+02
17200,6.313908e-07,1.275327e+01,7.569881e-12,3.409497e-04,0.000000e+00,3.421895e-04,2.544524e-04,0.000000e+00,1.445291e-08,-6.538607e-10,1.024183e-10,-1.271746e-11,-6.692599e-10,-1.499231e-11,1.446562e-08,0.0000,98.1691,1.8309,1.579466e+02
17300,6.350617e-07,1.329017e+01,7.888565e-12,3.436410e-04,0.000000e+00,3.411311e-04,2.568268e-04,0.000000e+00,1.438627e-08,-6.516250e-10,1.009856e-10,-1.297351e-11,-6.699725e-10,-1.510771e-11,1.439924e-08,0.0000,98.1775,1.8225,1.574669e+02
17400,6.387325e-07,1.378151e+01,8.180207e-12,3.396796e-04,0.000000e+00,3.394377e-04,2.602323e-04,0.000000e+00,1.429105e-08,-6.528390e-10,1.139821e-10,-1.328243e-11,-6.705380e-10,-1.526859e-11,1.430434e-08,0.0000,98.1906,1.8094,1.569382e+02
17500,6.424034e-07,1.423196e+01,8.447579e-12,3.437317e-04,0.000000e+00,3.418871e-04,2.708956e-04,0.000000e+00,1.437305e-08,-6.584682e-10,1.236156e-10,-1.348353e-11,-6.719370e-10,-1.531618e-11,1.438653e-08,0.0000,98.2001,1.7999,1.564934e+02
17600,6.460743e-07,1.456958e+01,8.647980e-12,3.397401e-04,0.000000e+00,3.425221e-04,2.851480e-04,0.000000e+00,1.438144e-08,-6.649084e-10,1.414215e-10,-1.376239e-11,-6.731877e-10,-1.543698e-11,1.439520e-08,0.0000,98.2194,1.7806,1.561097e+02
17700,6.497452e-07,1.479013e+01,8.778887e-12,3.382281e-04,0.000000e+00,3.399215e-04,3.025672e-04,0.000000e+00,1.427195e-08,-6.608791e-10,1.375351e-10,-1.379953e-11,-6.719181e-10,-1.546363e-11,1.428575e-08,0.0000,98.2359,1.7641,1.561048e+02
17800,6.534161e-07,1.490874e+01,8.849295e-12,3.410706e-04,0.000000e+00,3.422500e-04,3.218905e-04,0.000000e+00,1.434629e-08,-6.657875e-10,1.466209e-10,-1.377439e-11,-6.710008e-10,-1.543294e-11,1.436006e-08,0.0000,98.2513,1.7487,1.555933e+02
17900,6.570869e-07,1.485408e+01,8.816846e-12,3.380165e-04,0.000000e+00,3.376536e-04,3.468560e-04,0.000000e+00,1.415130e-08,-6.573985e-10,1.330597e-10,-1.373029e-11,-6.717978e-10,-1.547585e-11,1.416503e-08,0.0000,98.2630,1.7370,1.555348e+02
18000,6.607578e-07,1.469663e+01,8.723393e-12,3.427338e-04,0.000000e+00,3.418266e-04,3.681918e-04,0.000000e+00,1.433130e-08,-6.692121e-10,1.534229e-10,-1.334315e-11,-6.735685e-10,-1.552658e-11,1.434464e-08,0.0000,98.2736,1.7264,1.556625e+02
18100,6.644287e-07,1.440873e+01,8.552506e-12,3.414335e-04,0.000000e+00,3.386212e-04,3.879854e-04,0.000000e+00,1.419921e-08,-6.618452e-10,1.375374e-10,-1.278172e-11,-6.738788e-10,-1.531060e-11,1.421199e-08,0.0000,98.2801,1.7199,1.557117e+02
18200,6.680996e-07,1.400125e+01,8.310640e-12,3.382886e-04,0.000000e+00,3.391655e-04,4.041764e-04,0.000000e+00,1.422679e-08,-6.616295e-10,1.513337e-10,-1.229258e-11,-6.746875e-10,-1.520835e-11,1.423908e-08,0.0000,98.2939,1.7061,1.558146e+02
18300,6.717704e-07,1.352326e+01,8.026920e-12,3.409194e-04,0.000000e+00,3.416754e-04,4.182089e-04,0.000000e+00,1.434120e-08,-6.601891e-10,1.550837e-10,-1.198272e-11,-6.736761e-10,-1.510794e-11,1.435318e-08,0.0000,98.3075,1.6925,1.560051e+02
18400,6.754413e-07,1.303135e+01,7.734940e-12,3.421290e-04,0.000000e+00,3.418569e-04,4.216687e-04,0.000000e+00,1.436583e-08,-6.560152e-10,1.517941e-10,-1.187334e-11,-6.723301e-10,-1.504509e-11,1.437770e-08,0.0000,98.3187,1.6813,1.563665e+02
18500,6.791122e-07,1.251473e+01,7.428293e-12,3.392260e-04,0.000000e+00,3.411009e-04,4.227611e-04,0.000000e+00,1.435148e-08,-6.551338e-10,1.633521e-10,-1.174850e-11,-6.735754e-10,-1.509576e-11,1.436323e-08,0.0000,98.3341,1.6659,1.567473e+02
18600,6.827831e-07,1.205712e+01,7.156670e-12,3.432479e-04,0.000000e+00,3.408892e-04,4.172418e-04,0.000000e+00,1.435785e-08,-6.571700e-10,1.577858e-10,-1.141700e-11,-6.729873e-10,-1.499190e-11,1.436927e-08,0.0000,98.3409,1.6591,1.570897e+02
18700,6.864539e-07,1.165518e+01,6.918095e-12,3.422197e-04,0.000000e+00,3.423407e-04,4.072111e-04,0.000000e+00,1.444096e-08,-6.550678e-10,1.563235e-10,-1.113497e-11,-6.722029e-10,-1.484776e-11,1.445209e-08,0.0000,98.3525,1.6475,1.575512e+02
18800,6.901248e-07,1.135450e+01,6.739625e-12,3.403449e-04,0.000000e+00,3.422197e-04,3.889626e-04,0.000000e+00,1.446050e-08,-6.515670e-10,1.578031e-10,-1.119341e-11,-6.722912e-10,-1.492752e-11,1.447169e-08,0.0000,98.3674,1.6326,1.580787e+02
18900,6.937957e-07,1.116429e+01,6.626723e-12,3.411009e-04,0.000000e+00,3.421593e-04,3.718569e-04,0.000000e+00,1.446483e-08,-6.481538e-10,1.484535e-10,-1.100822e-11,-6.705968e-10,-1.487913e-11,1.447584e-08,0.0000,98.3804,1.6196,1.582326e+02
19000,6.974666e-07,1.111085e+01,6.594998e-12,3.418266e-04,0.000000e+00,3.426431e-04,3.504691e-04,0.000000e+00,1.448289e-08,-6.557194e-10,1.298503e-10,-1.087660e-11,-6.693915e-10,-1.481936e-11,1.449377e-08,0.0000,98.3929,1.6071,1.581841e+02
19100,7.011374e-07,1.118162e+01,6.637005e-12,3.425826e-04,0.000000e+00,3.417964e-04,3.311392e-04,0.000000e+00,1.446644e-08,-6.511102e-10,1.367013e-10,-1.079112e-11,-6.674697e-10,-1.471638e-11,1.447723e-08,0.0000,98.4021,1.5979,1.586093e+02
19200,7.048083e-07,1.136355e+01,6.744993e-12,3.415847e-04,0.000000e+00,3.417661e-04,3.121673e-04,0.000000e+00,1.445914e-08,-6.441266e-10,1.162725e-10,-1.113072e-11,-6.685806e-10,-1.478294e-11,1.447027e-08,0.0000,98.4130,1.5870,1.584661e+02
19300,7.084792e-07,1.165627e+01,6.918742e-12,3.421593e-04,0.000000e+00,3.403449e-04,2.948276e-04,0.000000e+00,1.439903e-08,-6.452304e-10,1.176559e-10,-1.153229e-11,-6.683609e-10,-1.495974e-11,1.441056e-08,0.0000,98.4200,1.5800,1.584685e+02
19400,7.121501e-07,1.205965e+01,7.158176e-12,3.430967e-04,0.000000e+00,3.436410e-04,2.778713e-04,0.000000e+00,1.452380e-08,-6.541516e-10,1.058108e-10,-1.172736e-11,-6.679285e-10,-1.499783e-11,1.453553e-08,0.0000,98.4313,1.5687,1.581576e+02
19500,7.158210e-07,1.253033e+01,7.437556e-12,3.443063e-04,0.000000e+00,3.417057e-04,2.681992e-04,0.000000e+00,1.443398e-08,-6.552794e-10,1.094963e-10,-1.203328e-11,-6.688928e-10,-1.508069e-11,1.444601e-08,0.0000,98.4367,1.5633,1.579864e+02
19600,7.194918e-07,1.304721e+01,7.744354e-12,3.418569e-04,0.000000e+00,3.401332e-04,2.582805e-04,0.000000e+00,1.435485e-08,-6.499467e-10,9.882017e-11,-1.227389e-11,-6.702184e-10,-1.514077e-11,1.436712e-08,0.0000,98.4435,1.5565,1.577067e+02
19700,7.231627e-07,1.359868e+01,8.071685e-12,3.420081e-04,0.000000e+00,3.433084e-04,2.528384e-04,0.000000e+00,1.446126e-08,-6.610765e-10,9.707038e-11,-1.261193e-11,-6.706631e-10,-1.526295e-11,1.447387e-08,0.0000,98.4559,1.5441,1.571100e+02
19800,7.268336e-07,1.414032e+01,8.393187e-12,3.411916e-04,0.000000e+00,3.407380e-04,2.536097e-04,0.000000e+00,1.433651e-08,-6.528012e-10,1.009517e-10,-1.276366e-11,-6.697736e-10,-1.528353e-11,1.434928e-08,0.0000,98.4649,1.5351,1.567557e+02
19900,7.305045e-07,1.467526e+01,8.710704e-12,3.414940e-04,0.000000e+00,3.418871e-04,2.549979e-04,0.000000e+00,1.436522e-08,-6.624245e-10,1.318899e-10,-1.290172e-11,-6.703803e-10,-1.533581e-11,1.437812e-08,0.0000,98.4753,1.5247,1.563392e+02
20000,7.341753e-07,1.517940e+01,9.009949e-12,3.423709e-04,0.000000e+00,3.409799e-04,2.608524e-04,0.000000e+00,1.429987e-08,-6.623045e-10,1.233332e-10,-1.266465e-11,-6.729960e-10,-1.518918e-11,1.431254e-08,0.0000,98.4823,1.5177,1.557464e+02
20100,7.378462e-07,1.561505e+01,9.268535e-12,3.434898e-04,0.000000e+00,3.410102e-04,2.730472e-04,0.000000e+00,1.428992e-08,-6.577202e-10,1.275531e-10,-1.250891e-11,-6.754126e-10,-1.526994e-11,1.430243e-08,0.0000,98.4873,1.5127,1.555025e+02
20200,7.415171e-07,1.593092e+01,9.456018e-12,3.427943e-04,0.000000e+00,3.438527e-04,2.917210e-04,0.000000e+00,1.439902e-08,-6.618755e-10,1.387962e-10,-1.259714e-11,-6.770635e-10,-1.552700e-11,1.441162e-08,0.0000,98.4986,1.5014,1.552948e+02
20300,7.451880e-07,1.612468e+01,9.571031e-12,3.427036e-04,0.000000e+00,3.404961e-04,3.113725e-04,0.000000e+00,1.424091e-08,-6.614082e-10,1.556275e-10,-1.263534e-11,-6.784346e-10,-1.557989e-11,1.425354e-08,0.0000,98.5039,1.4961,1.549081e+02
20400,7.488588e-07,1.618448e+01,9.606524e-12,3.432479e-04,0.000000e+00,3.416754e-04,3.335789e-04,0.000000e+00,1.427498e-08,-6.720165e-10,1.692574e-10,-1.254761e-11,-6.804002e-10,-1.560245e-11,1.428753e-08,0.0000,98.5103,1.4897,1.546022e+02
20500,7.525297e-07,1.609681e+01,9.554485e-12,3.423709e-04,0.000000e+00,3.430362e-04,3.565473e-04,0.000000e+00,1.433333e-08,-6.661687e-10,1.612436e-10,-1.225632e-11,-6.816993e-10,-1.551543e-11,1.434558e-08,0.0000,98.5206,1.4794,1.546271e+02
20600,7.562006e-07,1.585363e+01,9.410144e-12,3.409497e-04,0.000000e+00,3.426733e-04,3.802702e-04,0.000000e+00,1.431686e-08,-6.699960e-10,1.756898e-10,-1.168118e-11,-6.797794e-10,-1.544151e-11,1.432854e-08,0.0000,98.5326,1.4674,1.546081e+02
20700,7.598715e-07,1.548299e+01,9.190144e-12,3.417359e-04,0.000000e+00,3.434596e-04,4.016670e-04,0.000000e+00,1.435924e-08,-6.630792e-10,1.717540e-10,-1.137764e-11,-6.784218e-10,-1.531325e-11,1.437062e-08,0.0000,98.5444,1.4556,1.547981e+02
20800,7.635424e-07,1.502544e+01,8.918562e-12,3.421593e-04,0.000000e+00,3.401937e-04,4.161422e-04,0.000000e+00,1.422678e-08,-6.590103e-10,1.729973e-10,-1.096198e-11,-6.785593e-10,-1.510573e-11,1.423774e-08,0.0000,98.5497,1.4503,1.548823e+02
20900,7.672132e-07,1.452390e+01,8.620866e-12,3.431572e-04,0.000000e+00,3.415242e-04,4.242538e-04,0.000000e+00,1.429813e-08,-6.595255e-10,1.689039e-10,-1.073953e-11,-6.794121e-10,-1.504265e-11,1.430887e-08,0.0000,98.5555,1.4445,1.552275e+02
21000,7.708841e-07,1.398149e+01,8.298911e-12,3.403146e-04,0.000000e+00,3.432176e-04,4.280199e-04,0.000000e+00,1.438916e-08,-6.521657e-10,1.641031e-10,-1.056131e-11,-6.785094e-10,-1.499246e-11,1.439972e-08,0.0000,98.5690,1.4310,1.556489e+02
21100,7.745550e-07,1.346673e+01,7.993366e-12,3.434898e-04,0.000000e+00,3.438829e-04,4.267248e-04,0.000000e+00,1.443208e-08,-6.583913e-10,1.775221e-10,-1.058925e-11,-6.767458e-10,-1.505715e-11,1.444267e-08,0.0000,98.5782,1.4218,1.559787e+02
21200,7.782259e-07,1.300326e+01,7.718267e-12,3.432176e-04,0.000000e+00,3.430060e-04,4.181585e-04,0.000000e+00,1.441724e-08,-6.523731e-10,1.536116e-10,-1.042280e-11,-6.764084e-10,-1.500108e-11,1.442766e-08,0.0000,98.5861,1.4139,1.564358e+02
21300,7.818967e-07,1.263784e+01,7.501369e-12,3.433084e-04,0.000000e+00,3.424314e-04,4.023945e-04,0.000000e+00,1.441142e-08,-6.542215e-10,1.592034e-10,-1.045451e-11,-6.771287e-10,-1.500514e-11,1.442188e-08,0.0000,98.5929,1.4071,1.568508e+02
21400,7.855676e-07,1.238157e+01,7.349253e-12,3.445179e-04,0.000000e+00,3.444877e-04,3.859565e-04,0.000000e+00,1.450523e-08,-6.564578e-10,1.488969e-10,-1.062676e-11,-6.760960e-10,-1.501446e-11,1.451585e-08,0.0000,98.6010,1.3990,1.570035e+02
21500,7.892385e-07,1.225058e+01,7.271502e-12,3.437922e-04,0.000000e+00,3.443667e-04,3.649728e-04,0.000000e+00,1.452426e-08,-6.539122e-10,1.262776e-10,-1.081207e-11,-6.750463e-10,-1.487830e-11,1.453507e-08,0.0000,98.6101,1.3899,1.575170e+02
21600,7.929094e-07,1.223997e+01,7.265206e-12,3.432479e-04,0.000000e+00,3.423709e-04,3.449628e-04,0.000000e+00,1.444492e-08,-6.518748e-10,1.430752e-10,-1.115715e-11,-6.743998e-10,-1.480299e-11,1.445607e-08,0.0000,98.6166,1.3834,1.576156e+02
21700,7.965802e-07,1.234503e+01,7.327564e-12,3.411009e-04,0.000000e+00,3.446389e-04,3.241137e-04,0.000000e+00,1.453793e-08,-6.480794e-10,1.301061e-10,-1.165113e-11,-6.710675e-10,-1.489347e-11,1.454959e-08,0.0000,98.6303,1.3697,1.575554e+02
21800,8.002511e-07,1.257289e+01,7.462816e-12,3.430362e-04,0.000000e+00,3.448203e-04,3.061917e-04,0.000000e+00,1.453789e-08,-6.557537e-10,1.223892e-10,-1.227552e-11,-6.679818e-10,-1.505395e-11,1.455017e-08,0.0000,98.6410,1.3590,1.573998e+02
21900,8.039220e-07,1.291274e+01,7.664536e-12,3.430362e-04,0.000000e+00,3.408287e-04,2.880846e-04,0.000000e+00,1.436902e-08,-6.455477e-10,1.163453e-10,-1.257352e-11,-6.690087e-10,-1.519390e-11,1.438159e-08,0.0000,98.6450,1.3550,1.573795e+02
22000,8.075929e-07,1.334333e+01,7.920124e-12,3.445784e-04,0.000000e+00,3.408892e-04,2.749527e-04,0.000000e+00,1.436147e-08,-6.601575e-10,1.082050e-10,-1.299284e-11,-6.724667e-10,-1.537146e-11,1.437446e-08,0.0000,98.6466,1.3534,1.571658e+02
22100,8.112637e-07,1.383622e+01,8.212684e-12,3.423407e-04,0.000000e+00,3.438829e-04,2.626431e-04,0.000000e+00,1.447636e-08,-6.648227e-10,1.082621e-10,-1.342230e-11,-6.729499e-10,-1.543061e-11,1.448978e-08,0.0000,98.6566,1.3434,1.569364e+02
22200,8.149346e-07,1.436673e+01,8.527573e-12,3.413126e-04,0.000000e+00,3.443667e-04,2.555322e-04,0.000000e+00,1.447841e-08,-6.679092e-10,1.094104e-10,-1.368989e-11,-6.716110e-10,-1.543388e-11,1.449210e-08,0.0000,98.6690,1.3310,1.565384e+02
22300,8.186055e-07,1.492283e+01,8.857655e-12,3.430664e-04,0.000000e+00,3.419173e-04,2.531471e-04,0.000000e+00,1.435987e-08,-6.593448e-10,1.230776e-10,-1.368870e-11,-6.710652e-10,-1.543935e-11,1.437356e-08,0.0000,98.6745,1.3255,1.562064e+02
22400,8.222764e-07,1.548404e+01,9.190768e-12,3.444877e-04,0.000000e+00,3.402239e-04,2.537430e-04,0.000000e+00,1.426119e-08,-6.586459e-10,1.414404e-10,-1.354565e-11,-6.744453e-10,-1.565172e-11,1.427473e-08,0.0000,98.6749,1.3251,1.556080e+02
22500,8.259473e-07,1.601809e+01,9.507762e-12,3.421593e-04,0.000000e+00,3.418871e-04,2.558054e-04,0.000000e+00,1.432006e-08,-6.675504e-10,1.349361e-10,-1.340130e-11,-6.779167e-10,-1.571835e-11,1.433347e-08,0.0000,98.6817,1.3183,1.553833e+02
22600,8.296181e-07,1.648700e+01,9.786089e-12,3.413730e-04,0.000000e+00,3.435503e-04,2.655528e-04,0.000000e+00,1.437252e-08,-6.782824e-10,1.538000e-10,-1.296860e-11,-6.780067e-10,-1.563171e-11,1.438549e-08,0.0000,98.6922,1.3078,1.550176e+02
22700,8.332890e-07,1.686338e+01,1.000950e-11,3.417964e-04,0.000000e+00,3.421593e-04,2.809365e-04,0.000000e+00,1.429537e-08,-6.662155e-10,1.518474e-10,-1.264436e-11,-6.771260e-10,-1.555124e-11,1.430801e-08,0.0000,98.6998,1.3002,1.546028e+02
22800,8.369599e-07,1.715632e+01,1.018337e-11,3.435503e-04,0.000000e+00,3.402542e-04,2.961843e-04,0.000000e+00,1.419660e-08,-6.662874e-10,1.613595e-10,-1.234989e-11,-6.797824e-10,-1.560576e-11,1.420895e-08,0.0000,98.7017,1.2983,1.541865e+02
22900,8.406308e-07,1.729638e+01,1.026651e-11,3.440946e-04,0.000000e+00,3.415545e-04,3.214470e-04,0.000000e+00,1.424245e-08,-6.653741e-10,1.887355e-10,-1.216430e-11,-6.835547e-10,-1.571067e-11,1.425462e-08,0.0000,98.7047,1.2953,1.540051e+02
23000,8.443016e-07,1.726155e+01,1.024584e-11,3.409799e-04,0.000000e+00,3.416452e-04,3.466118e-04,0.000000e+00,1.423936e-08,-6.682555e-10,1.985792e-10,-1.222920e-11,-6.837658e-10,-1.575264e-11,1.425159e-08,0.0000,98.7125,1.2875,1.538629e+02
23100,8.479725e-07,1.710271e+01,1.015156e-11,3.456973e-04,0.000000e+00,3.440341e-04,3.713804e-04,0.000000e+00,1.433069e-08,-6.713893e-10,1.770007e-10,-1.175407e-11,-6.847281e-10,-1.559255e-11,1.434244e-08,0.0000,98.7168,1.2832,1.536947e+02
23200,8.516434e-07,1.676747e+01,9.952568e-12,3.408892e-04,0.000000e+00,3.421290e-04,3.950964e-04,0.000000e+00,1.425812e-08,-6.665816e-10,1.918833e-10,-1.135379e-11,-6.860919e-10,-1.555370e-11,1.426947e-08,0.0000,98.7254,1.2746,1.538370e+02
23300,8.553143e-07,1.631081e+01,9.681512e-12,3.413126e-04,0.000000e+00,3.435503e-04,4.151520e-04,0.000000e+00,1.432587e-08,-6.659394e-10,1.991091e-10,-1.107460e-11,-6.842564e-10,-1.556095e-11,1.433694e-08,0.0000,98.7354,1.2646,1.540136e+02
23400,8.589851e-07,1.578211e+01,9.367691e-12,3.428548e-04,0.000000e+00,3.446691e-04,4.283441e-04,0.000000e+00,1.438554e-08,-6.683395e-10,1.898785e-10,-1.063434e-11,-6.817013e-10,-1.536663e-11,1.439618e-08,0.0000,98.7447,1.2553,1.542965e+02
23500,8.626560e-07,1.521906e+01,9.033485e-12,3.425826e-04,0.000000e+00,3.402844e-04,4.336252e-04,0.000000e+00,1.422369e-08,-6.552406e-10,2.024031e-10,-1.041505e-11,-6.810402e-10,-1.522556e-11,1.423410e-08,0.0000,98.7477,1.2523,1.547448e+02
23600,8.663269e-07,1.468454e+01,8.716218e-12,3.438829e-04,0.000000e+00,3.436712e-04,4.303111e-04,0.000000e+00,1.437975e-08,-6.615701e-10,1.756719e-10,-1.069008e-11,-6.795553e-10,-1.519700e-11,1.439044e-08,0.0000,98.7539,1.2461,1.550534e+02
23700,8.699978e-07,1.417522e+01,8.413898e-12,3.427943e-04,0.000000e+00,3.442155e-04,4.251505e-04,0.000000e+00,1.442008e-08,-6.580447e-10,1.885612e-10,-1.088031e-11,-6.789064e-10,-1.521280e-11,1.443096e-08,0.0000,98.7624,1.2376,1.554291e+02
23800,8.736687e-07,1.373201e+01,8.150827e-12,3.395284e-04,0.000000e+00,3.433688e-04,4.111928e-04,0.000000e+00,1.441035e-08,-6.561625e-10,1.374038e-10,-1.137613e-11,-6.766201e-10,-1.522933e-11,1.442173e-08,0.0000,98.7743,1.2257,1.559800e+02
23900,8.773395e-07,1.342524e+01,7.968741e-12,3.446086e-04,0.000000e+00,3.426128e-04,3.942115e-04,0.000000e+00,1.439510e-08,-6.545589e-10,1.441685e-10,-1.159344e-11,-6.737402e-10,-1.509876e-11,1.440669e-08,0.0000,98.7776,1.2224,1.563364e+02
24000,8.810104e-07,1.321257e+01,7.842505e-12,3.391655e-04,0.000000e+00,3.436410e-04,3.735542e-04,0.000000e+00,1.444434e-08,-6.567038e-10,1.419350e-10,-1.187175e-11,-6.718669e-10,-1.502611e-11,1.445622e-08,0.0000,98.7902,1.2098,1.564584e+02
24100,8.846813e-07,1.314176e+01,7.800477e-12,3.431269e-04,0.000000e+00,3.427943e-04,3.545759e-04,0.000000e+00,1.442123e-08,-6.518154e-10,1.445352e-10,-1.243091e-11,-6.711448e-10,-1.502380e-11,1.443366e-08,0.0000,98.7958,1.2042,1.567302e+02
24200,8.883522e-07,1.320733e+01,7.839398e-12,3.427036e-04,0.000000e+00,3.421895e-04,3.321009e-04,0.000000e+00,1.439896e-08,-6.553406e-10,1.349740e-10,-1.265409e-11,-6.698951e-10,-1.494397e-11,1.441161e-08,0.0000,98.8011,1.1989,1.567967e+02
24300,8.920230e-07,1.339130e+01,7.948594e-12,3.427640e-04,0.000000e+00,3.400425e-04,3.130175e-04,0.000000e+00,1.430848e-08,-6.408790e-10,1.239433e-10,-1.292670e-11,-6.706044e-10,-1.505551e-11,1.432141e-08,0.0000,98.8031,1.1969,1.567825e+02
24400,8.956939e-07,1.366954e+01,8.113744e-12,3.420988e-04,0.000000e+00,3.439131e-04,2.971095e-04,0.000000e+00,1.447013e-08,-6.608820e-10,1.212423e-10,-1.343697e-11,-6.704007e-10,-1.519996e-11,1.448356e-08,0.0000,98.8116,1.1884,1.567801e+02
24500,8.993648e-07,1.405810e+01,8.344381e-12,3.424616e-04,0.000000e+00,3.416452e-04,2.796330e-04,0.000000e+00,1.436580e-08,-6.526001e-10,1.080839e-10,-1.381356e-11,-6.708488e-10,-1.521880e-11,1.437962e-08,0.0000,98.8162,1.1838,1.565813e+02
24600,9.030357e-07,1.453298e+01,8.626255e-12,3.436107e-04,0.000000e+00,3.412521e-04,2.668240e-04,0.000000e+00,1.432695e-08,-6.605924e-10,1.246015e-10,-1.414977e-11,-6.712738e-10,-1.526677e-11,1.434110e-08,0.0000,98.8187,1.1813,1.561009e+02
24700,9.067065e-07,1.504586e+01,8.930680e-12,3.423407e-04,0.000000e+00,3.423709e-04,2.594108e-04,0.000000e+00,1.436198e-08,-6.594866e-10,1.205292e-10,-1.401021e-11,-6.733483e-10,-1.530200e-11,1.437599e-08,0.0000,98.8244,1.1756,1.558495e+02
24800,9.103774e-07,1.559044e+01,9.253925e-12,3.401030e-04,0.000000e+00,3.423105e-04,2.520464e-04,0.000000e+00,1.434437e-08,-6.634542e-10,1.260791e-10,-1.394860e-11,-6.745622e-10,-1.553080e-11,1.435832e-08,0.0000,98.8332,1.1668,1.555259e+02
24900,9.140483e-07,1.614039e+01,9.580355e-12,3.412823e-04,0.000000e+00,3.412218e-04,2.523580e-04,0.000000e+00,1.427893e-08,-6.592480e-10,1.295576e-10,-1.377400e-11,-6.744548e-10,-1.563919e-11,1.429270e-08,0.0000,98.8387,1.1613,1.550921e+02
25000,9.177192e-07,1.667971e+01,9.900474e-12,3.411916e-04,0.000000e+00,3.430362e-04,2.539868e-04,0.000000e+00,1.432858e-08,-6.711809e-10,1.586277e-10,-1.337420e-11,-6.752091e-10,-1.562020e-11,1.434195e-08,0.0000,98.8468,1.1532,1.545431e+02
25100,9.213900e-07,1.720474e+01,1.021211e-11,3.438829e-04,0.000000e+00,3.400123e-04,2.589875e-04,0.000000e+00,1.420128e-08,-6.658502e-10,1.636213e-10,-1.289192e-11,-6.781385e-10,-1.552158e-11,1.421417e-08,0.0000,98.8470,1.1530,1.545141e+02
25200,9.250609e-07,1.763555e+01,1.046783e-11,3.397401e-04,0.000000e+00,3.392260e-04,2.700797e-04,0.000000e+00,1.414904e-08,-6.695851e-10,1.531783e-10,-1.223640e-11,-6.806089e-10,-1.534177e-11,1.416128e-08,0.0000,98.8517,1.1483,1.541084e+02
25300,9.287318e-07,1.796572e+01,1.066380e-11,3.409194e-04,0.000000e+00,3.419173e-04,2.875335e-04,0.000000e+00,1.425161e-08,-6.571935e-10,1.891893e-10,-1.167463e-11,-6.811662e-10,-1.525394e-11,1.426329e-08,0.0000,98.8584,1.1416,1.538819e+02
25400,9.324027e-07,1.819754e+01,1.080141e-11,3.454251e-04,0.000000e+00,3.416452e-04,3.079397e-04,0.000000e+00,1.421552e-08,-6.594212e-10,2.041310e-10,-1.119073e-11,-6.818002e-10,-1.524533e-11,1.422672e-08,0.0000,98.8587,1.1413,1.533571e+02
25500,9.360736e-07,1.824442e+01,1.082923e-11,3.416149e-04,0.000000e+00,3.387120e-04,3.340357e-04,0.000000e+00,1.409097e-08,-6.538784e-10,1.928994e-10,-1.144046e-11,-6.854307e-10,-1.559998e-11,1.410241e-08,0.0000,98.8600,1.1400,1.532959e+02
25600,9.397444e-07,1.812136e+01,1.075619e-11,3.412823e-04,0.000000e+00,3.427943e-04,3.611802e-04,0.000000e+00,1.426019e-08,-6.641344e-10,2.071856e-10,-1.169259e-11,-6.862869e-10,-1.573931e-11,1.427189e-08,0.0000,98.8674,1.1326,1.532885e+02
25700,9.434153e-07,1.784119e+01,1.058989e-11,3.426431e-04,0.000000e+00,3.428850e-04,3.879448e-04,0.000000e+00,1.425333e-08,-6.677630e-10,2.045404e-10,-1.158786e-11,-6.841077e-10,-1.561222e-11,1.426492e-08,0.0000,98.8729,1.1271,1.530723e+02
25800,9.470862e-07,1.741131e+01,1.033473e-11,3.425221e-04,0.000000e+00,3.426431e-04,4.120325e-04,0.000000e+00,1.425593e-08,-6.664343e-10,1.998301e-10,-1.134183e-11,-6.840555e-10,-1.551941e-11,1.426727e-08,0.0000,98.8783,1.1217,1.533428e+02
25900,9.507571e-07,1.687559e+01,1.001674e-11,3.404054e-04,0.000000e+00,3.424314e-04,4.270290e-04,0.000000e+00,1.425763e-08,-6.621580e-10,2.069703e-10,-1.104561e-11,-6.820690e-10,-1.545293e-11,1.426867e-08,0.0000,98.8861,1.1139,1.535601e+02
26000,9.544279e-07,1.631586e+01,9.684509e-12,3.428850e-04,0.000000e+00,3.430362e-04,4.333899e-04,0.000000e+00,1.429880e-08,-6.634705e-10,1.704407e-10,-1.090920e-11,-6.795899e-10,-1.522440e-11,1.430971e-08,0.0000,98.8914,1.1086,1.539032e+02
26100,9.580988e-07,1.574854e+01,9.347767e-12,3.440946e-04,0.000000e+00,3.412218e-04,4.358279e-04,0.000000e+00,1.423769e-08,-6.527867e-10,1.882927e-10,-1.112092e-11,-6.798185e-10,-1.513561e-11,1.424881e-08,0.0000,98.8927,1.1073,1.542121e+02
26200,9.617697e-07,1.519391e+01,9.018556e-12,3.409194e-04,0.000000e+00,3.426733e-04,4.306014e-04,0.000000e+00,1.431694e-08,-6.531256e-10,1.680225e-10,-1.154987e-11,-6.788058e-10,-1.530062e-11,1.432849e-08,0.0000,98.9000,1.1000,1.546050e+02
26300,9.654406e-07,1.470974e+01,8.731173e-12,3.426733e-04,0.000000e+00,3.447598e-04,4.209604e-04,0.000000e+00,1.443099e-08,-6.623029e-10,1.502748e-10,-1.188606e-11,-6.758707e-10,-1.526659e-11,1.444288e-08,0.0000,98.9077,1.0923,1.551821e+02
26400,9.691114e-07,1.435003e+01,8.517661e-12,3.428245e-04,0.000000e+00,3.444575e-04,4.009884e-04,0.000000e+00,1.442790e-08,-6.558484e-10,1.468620e-10,-1.232180e-11,-6.739126e-10,-1.517313e-11,1.444022e-08,0.0000,98.9147,1.0853,1.553877e+02
26500,9.727823e-07,1.412968e+01,8.386867e-12,3.440039e-04,0.000000e+00,3.417057e-04,3.796339e-04,0.000000e+00,1.433520e-08,-6.523884e-10,1.420138e-10,-1.298357e-11,-6.725617e-10,-1.523596e-11,1.434819e-08,0.0000,98.9166,1.0834,1.558781e+02
26600,9.764532e-07,1.397793e+01,8.296798e-12,3.382886e-04,0.000000e+00,3.432479e-04,3.628248e-04,0.000000e+00,1.440189e-08,-6.588979e-10,1.384314e-10,-1.336128e-11,-6.707226e-10,-1.522362e-11,1.441525e-08,0.0000,98.9278,1.0722,1.559208e+02
26700,9.801241e-07,1.400550e+01,8.313162e-12,3.428548e-04,0.000000e+00,3.421895e-04,3.383969e-04,0.000000e+00,1.435930e-08,-6.528360e-10,1.242820e-10,-1.359837e-11,-6.684454e-10,-1.525677e-11,1.437290e-08,0.0000,98.9317,1.0683,1.559494e+02
26800,9.837950e-07,1.415608e+01,8.402539e-12,3.426128e-04,0.000000e+00,3.424616e-04,3.182651e-04,0.000000e+00,1.437369e-08,-6.633755e-10,1.337289e-10,-1.404817e-11,-6.677860e-10,-1.529398e-11,1.438774e-08,0.0000,98.9362,1.0638,1.560191e+02
26900,9.874658e-07,1.442061e+01,8.559554e-12,3.437619e-04,0.000000e+00,3.403449e-04,3.009889e-04,0.000000e+00,1.428878e-08,-6.529022e-10,1.334590e-10,-1.431639e-11,-6.709969e-10,-1.547678e-11,1.430310e-08,0.0000,98.9365,1.0635,1.561040e+02
27000,9.911367e-07,1.478783e+01,8.777522e-12,3.446389e-04,0.000000e+00,3.430362e-04,2.852613e-04,0.000000e+00,1.439654e-08,-6.636321e-10,1.309900e-10,-1.410769e-11,-6.733531e-10,-1.546558e-11,1.441065e-08,0.0000,98.9392,1.0608,1.559957e+02
27100,9.948076e-07,1.521346e+01,9.030165e-12,3.411614e-04,0.000000e+00,3.433386e-04,2.723378e-04,0.000000e+00,1.438931e-08,-6.705255e-10,1.201943e-10,-1.409901e-11,-6.743985e-10,-1.560625e-11,1.440341e-08,0.0000,98.9465,1.0535,1.555804e+02
27200,9.984785e-07,1.572177e+01,9.331879e-12,3.411614e-04,0.000000e+00,3.437317e-04,2.589700e-04,0.000000e+00,1.440008e-08,-6.617842e-10,1.228601e-10,-1.367787e-11,-6.734587e-10,-1.569710e-11,1.441375e-08,0.0000,98.9543,1.0457,1.554456e+02
27300,1.002149e-06,1.625810e+01,9.650225e-12,3.423407e-04,0.000000e+00,3.424314e-04,2.556188e-04,0.000000e+00,1.431956e-08,-6.751148e-10,1.428494e-10,-1.320404e-11,-6.737618e-10,-1.557406e-11,1.433276e-08,0.0000,98.9589,1.0411,1.548961e+02
27400,1.005820e-06,1.680437e+01,9.974467e-12,3.409497e-04,0.000000e+00,3.399215e-04,2.526215e-04,0.000000e+00,1.420116e-08,-6.646022e-10,1.391288e-10,-1.254699e-11,-6.766577e-10,-1.541367e-11,1.421371e-08,0.0000,98.9621,1.0379,1.545985e+02
27500,1.009491e-06,1.735341e+01,1.030036e-11,3.411916e-04,0.000000e+00,3.416149e-04,2.524130e-04,0.000000e+00,1.425722e-08,-6.604571e-10,1.442096e-10,-1.202114e-11,-6.777749e-10,-1.537959e-11,1.426924e-08,0.0000,98.9670,1.0330,1.542807e+02
27600,1.013162e-06,1.789715e+01,1.062310e-11,3.446389e-04,0.000000e+00,3.397401e-04,2.567195e-04,0.000000e+00,1.415859e-08,-6.610551e-10,1.561272e-10,-1.150830e-11,-6.801503e-10,-1.533387e-11,1.417010e-08,0.0000,98.9654,1.0346,1.538384e+02
27700,1.016833e-06,1.836263e+01,1.089940e-11,3.413126e-04,0.000000e+00,3.413126e-04,2.660454e-04,0.000000e+00,1.421205e-08,-6.635557e-10,1.801710e-10,-1.130888e-11,-6.839750e-10,-1.543843e-11,1.422336e-08,0.0000,98.9698,1.0302,1.535859e+02
27800,1.020504e-06,1.876420e+01,1.113776e-11,3.433991e-04,0.000000e+00,3.417964e-04,2.784672e-04,0.000000e+00,1.422326e-08,-6.599714e-10,1.929164e-10,-1.111863e-11,-6.850900e-10,-1.542445e-11,1.423438e-08,0.0000,98.9721,1.0279,1.533811e+02
27900,1.024175e-06,1.901661e+01,1.128758e-11,3.429455e-04,0.000000e+00,3.415847e-04,3.021322e-04,0.000000e+00,1.419223e-08,-6.622381e-10,2.066391e-10,-1.112649e-11,-6.849370e-10,-1.546076e-11,1.420336e-08,0.0000,98.9748,1.0252,1.529206e+02
28000,1.027845e-06,1.913005e+01,1.135491e-11,3.434898e-04,0.000000e+00,3.412521e-04,3.251474e-04,0.000000e+00,1.417096e-08,-6.599384e-10,2.171874e-10,-1.115469e-11,-6.872876e-10,-1.554066e-11,1.418212e-08,0.0000,98.9764,1.0236,1.527514e+02
28100,1.031516e-06,1.905838e+01,1.131237e-11,3.418569e-04,0.000000e+00,3.427338e-04,3.534459e-04,0.000000e+00,1.423651e-08,-6.642346e-10,2.249004e-10,-1.114289e-11,-6.865296e-10,-1.556876e-11,1.424765e-08,0.0000,98.9817,1.0183,1.528558e+02
28200,1.035187e-06,1.880331e+01,1.116097e-11,3.421290e-04,0.000000e+00,3.440341e-04,3.833720e-04,0.000000e+00,1.427496e-08,-6.649209e-10,2.166583e-10,-1.129083e-11,-6.854954e-10,-1.552283e-11,1.428625e-08,0.0000,98.9882,1.0118,1.525184e+02
28300,1.038858e-06,1.838550e+01,1.091297e-11,3.399820e-04,0.000000e+00,3.421290e-04,4.075410e-04,0.000000e+00,1.419233e-08,-6.597448e-10,2.144162e-10,-1.113737e-11,-6.823982e-10,-1.531637e-11,1.420347e-08,0.0000,98.9950,1.0050,1.524370e+02
28400,1.042529e-06,1.787497e+01,1.060994e-11,3.413730e-04,0.000000e+00,3.423105e-04,4.239224e-04,0.000000e+00,1.421589e-08,-6.599721e-10,2.119367e-10,-1.105334e-11,-6.812319e-10,-1.512075e-11,1.422694e-08,0.0000,99.0002,0.9998,1.527768e+02
28500,1.046200e-06,1.728924e+01,1.026227e-11,3.394075e-04,0.000000e+00,3.395284e-04,4.341178e-04,0.000000e+00,1.411223e-08,-6.476006e-10,1.967294e-10,-1.126402e-11,-6.781131e-10,-1.510432e-11,1.412349e-08,0.0000,99.0044,0.9956,1.530273e+02
28600,1.049871e-06,1.670328e+01,9.914466e-12,3.444877e-04,0.000000e+00,3.437619e-04,4.392346e-04,0.000000e+00,1.430873e-08,-6.510517e-10,1.923113e-10,-1.188840e-11,-6.768423e-10,-1.523617e-11,1.432062e-08,0.0000,99.0077,0.9923,1.534687e+02
28700,1.053542e-06,1.614287e+01,9.581826e-12,3.428548e-04,0.000000e+00,3.419778e-04,4.334707e-04,0.000000e+00,1.425470e-08,-6.532761e-10,1.807550e-10,-1.237996e-11,-6.756463e-10,-1.516680e-11,1.426708e-08,0.0000,99.0106,0.9894,1.538902e+02
28800,1.057212e-06,1.565226e+01,9.290621e-12,3.453344e-04,0.000000e+00,3.423407e-04,4.246629e-04,0.000000e+00,1.429111e-08,-6.538894e-10,1.566795e-10,-1.286202e-11,-6.764201e-10,-1.528690e-11,1.430397e-08,0.0000,99.0111,0.9889,1.543593e+02
28900,1.060883e-06,1.524606e+01,9.049511e-12,3.410404e-04,0.000000e+00,3.432781e-04,4.067222e-04,0.000000e+00,1.433416e-08,-6.526305e-10,1.492475e-10,-1.362937e-11,-6.739566e-10,-1.544601e-11,1.434778e-08,0.0000,99.0178,0.9822,1.544416e+02
29000,1.064554e-06,1.496947e+01,8.885337e-12,3.425826e-04,0.000000e+00,3.466347e-04,3.873059e-04,0.000000e+00,1.449797e-08,-6.693896e-10,1.398641e-10,-1.406822e-11,-6.722929e-10,-1.539217e-11,1.451204e-08,0.0000,99.0265,0.9735,1.549495e+02
29100,1.068225e-06,1.482449e+01,8.799281e-12,3.430060e-04,0.000000e+00,3.400727e-04,3.664488e-04,0.000000e+00,1.423454e-08,-6.534392e-10,1.270431e-10,-1.430995e-11,-6.699552e-10,-1.521016e-11,1.424885e-08,0.0000,99.0269,0.9731,1.551730e+02
29200,1.071896e-06,1.478002e+01,8.772891e-12,3.398913e-04,0.000000e+00,3.453042e-04,3.470804e-04,0.000000e+00,1.446070e-08,-6.620671e-10,1.401620e-10,-1.471852e-11,-6.691963e-10,-1.540366e-11,1.447542e-08,0.0000,99.0371,0.9629,1.553420e+02
29300,1.075567e-06,1.488564e+01,8.835578e-12,3.411614e-04,0.000000e+00,3.426733e-04,3.240846e-04,0.000000e+00,1.435421e-08,-6.519456e-10,1.274037e-10,-1.471806e-11,-6.679014e-10,-1.531878e-11,1.436893e-08,0.0000,99.0426,0.9574,1.554100e+02
29400,1.079238e-06,1.511536e+01,8.971936e-12,3.430664e-04,0.000000e+00,3.401937e-04,3.059205e-04,0.000000e+00,1.424218e-08,-6.688842e-10,1.395573e-10,-1.466370e-11,-6.699708e-10,-1.534780e-11,1.425684e-08,0.0000,99.0431,0.9569,1.552512e+02
29500,1.082909e-06,1.544591e+01,9.168135e-12,3.420685e-04,0.000000e+00,3.415545e-04,2.886211e-04,0.000000e+00,1.430060e-08,-6.524072e-10,1.451265e-10,-1.438923e-11,-6.708815e-10,-1.533285e-11,1.431499e-08,0.0000,99.0463,0.9537,1.552718e+02
29600,1.086579e-06,1.585832e+01,9.412928e-12,3.433688e-04,0.000000e+00,3.443063e-04,2.766836e-04,0.000000e+00,1.440886e-08,-6.685267e-10,1.198334e-10,-1.413215e-11,-6.739055e-10,-1.540789e-11,1.442299e-08,0.0000,99.0511,0.9489,1.551260e+02
29700,1.090250e-06,1.635319e+01,9.706664e-12,3.435805e-04,0.000000e+00,3.394377e-04,2.635626e-04,0.000000e+00,1.419627e-08,-6.549601e-10,1.401202e-10,-1.371088e-11,-6.770676e-10,-1.541963e-11,1.420998e-08,0.0000,99.0501,0.9499,1.549309e+02
29800,1.093921e-06,1.689476e+01,1.002812e-11,3.437619e-04,0.000000e+00,3.448808e-04,2.561917e-04,0.000000e+00,1.439910e-08,-6.704642e-10,1.553313e-10,-1.334422e-11,-6.799837e-10,-1.553135e-11,1.441245e-08,0.0000,99.0551,0.9449,1.544155e+02
29900,1.097592e-06,1.746381e+01,1.036589e-11,3.448203e-04,0.000000e+00,3.417964e-04,2.528086e-04,0.000000e+00,1.425913e-08,-6.625100e-10,1.645064e-10,-1.253189e-11,-6.822384e-10,-1.526452e-11,1.427166e-08,0.0000,99.0554,0.9446,1.541643e+02
30000,1.101263e-06,1.801985e+01,1.069594e-11,3.430060e-04,0.000000e+00,3.410102e-04,2.530960e-04,0.000000e+00,1.420515e-08,-6.612130e-10,1.551925e-10,-1.206638e-11,-6.852164e-10,-1.527443e-11,1.421722e-08,0.0000,99.0568,0.9432,1.537138e+02
30100,1.104934e-06,1.853355e+01,1.100085e-11,3.411311e-04,0.000000e+00,3.454856e-04,2.580689e-04,0.000000e+00,1.438060e-08,-6.599269e-10,1.734738e-10,-1.200151e-11,-6.841423e-10,-1.540673e-11,1.439260e-08,0.0000,99.0653,0.9347,1.534735e+02
30200,1.108605e-06,1.901490e+01,1.128656e-11,3.419476e-04,0.000000e+00,3.426733e-04,2.641145e-04,0.000000e+00,1.424871e-08,-6.683466e-10,1.798822e-10,-1.176794e-11,-6.841080e-10,-1.543409e-11,1.426048e-08,0.0000,99.0697,0.9303,1.531732e+02
30300,1.112276e-06,1.941038e+01,1.152130e-11,3.405566e-04,0.000000e+00,3.400123e-04,2.766099e-04,0.000000e+00,1.411831e-08,-6.516660e-10,1.919512e-10,-1.157787e-11,-6.831568e-10,-1.537661e-11,1.412989e-08,0.0000,99.0726,0.9274,1.527316e+02
30400,1.115947e-06,1.971294e+01,1.170089e-11,3.427640e-04,0.000000e+00,3.428548e-04,2.938419e-04,0.000000e+00,1.422432e-08,-6.623843e-10,2.243192e-10,-1.174968e-11,-6.828865e-10,-1.535427e-11,1.423607e-08,0.0000,99.0762,0.9238,1.524911e+02
30500,1.119617e-06,1.986245e+01,1.178963e-11,3.429455e-04,0.000000e+00,3.389841e-04,3.187700e-04,0.000000e+00,1.405203e-08,-6.532014e-10,2.284727e-10,-1.195634e-11,-6.836334e-10,-1.534169e-11,1.406399e-08,0.0000,99.0753,0.9247,1.522215e+02
30600,1.123288e-06,1.983602e+01,1.177395e-11,3.406775e-04,0.000000e+00,3.410404e-04,3.449507e-04,0.000000e+00,1.413751e-08,-6.567610e-10,2.552224e-10,-1.231012e-11,-6.847981e-10,-1.542565e-11,1.414982e-08,0.0000,99.0792,0.9208,1.522357e+02
30700,1.126959e-06,1.962494e+01,1.164866e-11,3.414335e-04,0.000000e+00,3.405566e-04,3.755644e-04,0.000000e+00,1.411078e-08,-6.588739e-10,2.387755e-10,-1.242560e-11,-6.830385e-10,-1.533679e-11,1.412321e-08,0.0000,99.0817,0.9183,1.520985e+02
30800,1.130630e-06,1.925263e+01,1.142767e-11,3.427036e-04,0.000000e+00,3.427640e-04,4.029038e-04,0.000000e+00,1.419691e-08,-6.544338e-10,2.440981e-10,-1.238384e-11,-6.813782e-10,-1.524597e-11,1.420930e-08,0.0000,99.0852,0.9148,1.519788e+02
30900,1.134301e-06,1.872547e+01,1.111477e-11,3.380769e-04,0.000000e+00,3.410404e-04,4.233162e-04,0.000000e+00,1.412790e-08,-6.521623e-10,2.277093e-10,-1.251232e-11,-6.789783e-10,-1.526081e-11,1.414041e-08,0.0000,99.0918,0.9082,1.520255e+02
31000,1.137972e-06,1.813576e+01,1.076473e-11,3.396494e-04,0.000000e+00,3.419173e-04,4.350035e-04,0.000000e+00,1.418630e-08,-6.556138e-10,2.089111e-10,-1.266318e-11,-6.753164e-10,-1.523218e-11,1.419896e-08,0.0000,99.0976,0.9024,1.524966e+02
31100,1.141643e-06,1.752522e+01,1.040234e-11,3.419173e-04,0.000000e+00,3.427338e-04,4.406384e-04,0.000000e+00,1.422734e-08,-6.509419e-10,1.777107e-10,-1.298525e-11,-6.718886e-10,-1.519773e-11,1.424033e-08,0.0000,99.1019,0.8981,1.526465e+02
31200,1.145314e-06,1.695169e+01,1.006191e-11,3.425826e-04,0.000000e+00,3.406473e-04,4.353206e-04,0.000000e+00,1.417034e-08,-6.539927e-10,1.768027e-10,-1.350623e-11,-6.716981e-10,-1.520678e-11,1.418384e-08,0.0000,99.1031,0.8969,1.532903e+02
31300,1.148984e-06,1.642113e+01,9.746994e-12,3.404054e-04,0.000000e+00,3.420685e-04,4.261935e-04,0.000000e+00,1.425297e-08,-6.522000e-10,1.510631e-10,-1.382289e-11,-6.696657e-10,-1.526630e-11,1.426679e-08,0.0000,99.1081,0.8919,1.537878e+02
31400,1.152655e-06,1.603834e+01,9.519780e-12,3.457275e-04,0.000000e+00,3.416149e-04,4.076240e-04,0.000000e+00,1.425509e-08,-6.556078e-10,1.425917e-10,-1.427026e-11,-6.704362e-10,-1.532536e-11,1.426936e-08,0.0000,99.1070,0.8930,1.542402e+02
31500,1.156326e-06,1.572772e+01,9.335412e-12,3.397401e-04,0.000000e+00,3.417964e-04,3.899647e-04,0.000000e+00,1.426307e-08,-6.560232e-10,1.259312e-10,-1.445540e-11,-6.712865e-10,-1.536114e-11,1.427753e-08,0.0000,99.1125,0.8875,1.542548e+02
31600,1.159997e-06,1.555300e+01,9.231704e-12,3.419778e-04,0.000000e+00,3.456670e-04,3.702293e-04,0.000000e+00,1.445034e-08,-6.636386e-10,1.350483e-10,-1.467559e-11,-6.688517e-10,-1.543898e-11,1.446502e-08,0.0000,99.1196,0.8804,1.548040e+02
31700,1.163668e-06,1.550840e+01,9.205227e-12,3.413730e-04,0.000000e+00,3.429757e-04,3.485857e-04,0.000000e+00,1.433443e-08,-6.612836e-10,1.297438e-10,-1.449577e-11,-6.659006e-10,-1.532585e-11,1.434893e-08,0.0000,99.1245,0.8755,1.547349e+02
31800,1.167339e-06,1.560208e+01,9.260832e-12,3.422802e-04,0.000000e+00,3.401030e-04,3.271326e-04,0.000000e+00,1.421977e-08,-6.559359e-10,1.353406e-10,-1.448780e-11,-6.676922e-10,-1.540763e-11,1.423426e-08,0.0000,99.1254,0.8746,1.548327e+02
31900,1.171010e-06,1.583326e+01,9.398054e-12,3.453344e-04,0.000000e+00,3.417964e-04,3.079532e-04,0.000000e+00,1.427842e-08,-6.590928e-10,1.151925e-10,-1.433548e-11,-6.725854e-10,-1.551666e-11,1.429276e-08,0.0000,99.1248,0.8752,1.545782e+02
32000,1.174681e-06,1.613545e+01,9.577425e-12,3.421895e-04,0.000000e+00,3.415847e-04,2.933262e-04,0.000000e+00,1.427719e-08,-6.672454e-10,1.348069e-10,-1.383537e-11,-6.751186e-10,-1.539997e-11,1.429103e-08,0.0000,99.1273,0.8727,1.547423e+02
32100,1.178351e-06,1.655422e+01,9.825988e-12,3.444272e-04,0.000000e+00,3.454856e-04,2.767150e-04,0.000000e+00,1.442953e-08,-6.702163e-10,1.442832e-10,-1.340588e-11,-6.769362e-10,-1.543977e-11,1.444294e-08,0.0000,99.1316,0.8684,1.545153e+02
32200,1.182022e-06,1.703310e+01,1.011023e-11,3.424012e-04,0.000000e+00,3.425524e-04,2.649685e-04,0.000000e+00,1.429779e-08,-6.546464e-10,1.470996e-10,-1.329865e-11,-6.791587e-10,-1.549581e-11,1.431109e-08,0.0000,99.1348,0.8652,1.543128e+02
32300,1.185693e-06,1.753949e+01,1.041081e-11,3.428245e-04,0.000000e+00,3.418569e-04,2.609433e-04,0.000000e+00,1.425329e-08,-6.701634e-10,1.607460e-10,-1.295729e-11,-6.798102e-10,-1.562998e-11,1.426625e-08,0.0000,99.1369,0.8631,1.539990e+02
32400,1.189364e-06,1.806295e+01,1.072152e-11,3.411614e-04,0.000000e+00,3.436410e-04,2.565196e-04,0.000000e+00,1.430795e-08,-6.670056e-10,1.678445e-10,-1.257597e-11,-6.805609e-10,-1.561466e-11,1.432053e-08,0.0000,99.1425,0.8575,1.535716e+02
32500,1.193035e-06,1.860860e+01,1.104539e-11,3.420383e-04,0.000000e+00,3.394377e-04,2.538102e-04,0.000000e+00,1.412823e-08,-6.587295e-10,1.757353e-10,-1.210994e-11,-6.823385e-10,-1.554942e-11,1.414034e-08,0.0000,99.1428,0.8572,1.534632e+02
32600,1.196706e-06,1.911595e+01,1.134654e-11,3.400425e-04,0.000000e+00,3.427943e-04,2.580063e-04,0.000000e+00,1.424353e-08,-6.720801e-10,1.953949e-10,-1.181896e-11,-6.815092e-10,-1.542117e-11,1.425535e-08,0.0000,99.1486,0.8514,1.529666e+02
32700,1.200377e-06,1.959537e+01,1.163111e-11,3.424314e-04,0.000000e+00,3.410706e-04,2.649107e-04,0.000000e+00,1.415426e-08,-6.541723e-10,1.928733e-10,-1.173984e-11,-6.815103e-10,-1.533425e-11,1.416600e-08,0.0000,99.1502,0.8498,1.525696e+02
32800,1.204048e-06,1.999751e+01,1.186980e-11,3.398006e-04,0.000000e+00,3.389841e-04,2.747771e-04,0.000000e+00,1.405587e-08,-6.546034e-10,2.212422e-10,-1.191477e-11,-6.814512e-10,-1.539600e-11,1.406778e-08,0.0000,99.1523,0.8477,1.523016e+02
32900,1.207718e-06,2.032260e+01,1.206276e-11,3.442458e-04,0.000000e+00,3.424616e-04,2.916797e-04,0.000000e+00,1.419232e-08,-6.598590e-10,2.320923e-10,-1.223646e-11,-6.825435e-10,-1.551285e-11,1.420456e-08,0.0000,99.1535,0.8465,1.521504e+02
33000,1.211389e-06,2.048574e+01,1.215960e-11,3.406775e-04,0.000000e+00,3.382886e-04,3.142984e-04,0.000000e+00,1.402175e-08,-6.541316e-10,2.461480e-10,-1.223827e-11,-6.818450e-10,-1.540641e-11,1.403399e-08,0.0000,99.1540,0.8460,1.522068e+02
33100,1.215060e-06,2.047970e+01,1.215601e-11,3.400727e-04,0.000000e+00,3.421290e-04,3.410489e-04,0.000000e+00,1.415373e-08,-6.588264e-10,2.576049e-10,-1.259772e-11,-6.810206e-10,-1.549189e-11,1.416633e-08,0.0000,99.1589,0.8411,1.516202e+02
33200,1.218731e-06,2.028645e+01,1.204131e-11,3.381072e-04,0.000000e+00,3.423407e-04,3.693555e-04,0.000000e+00,1.415706e-08,-6.571239e-10,2.382226e-10,-1.279359e-11,-6.766050e-10,-1.541578e-11,1.416986e-08,0.0000,99.1661,0.8339,1.515126e+02
33300,1.222402e-06,1.995501e+01,1.184458e-11,3.439434e-04,0.000000e+00,3.389841e-04,3.975353e-04,0.000000e+00,1.403118e-08,-6.520640e-10,2.485333e-10,-1.310171e-11,-6.753581e-10,-1.527294e-11,1.404428e-08,0.0000,99.1640,0.8360,1.517881e+02
33400,1.226073e-06,1.950052e+01,1.157481e-11,3.453646e-04,0.000000e+00,3.388934e-04,4.188540e-04,0.000000e+00,1.402026e-08,-6.538552e-10,2.139882e-10,-1.335568e-11,-6.779591e-10,-1.543445e-11,1.403361e-08,0.0000,99.1604,0.8396,1.516279e+02
33500,1.229744e-06,1.893150e+01,1.123705e-11,3.411614e-04,0.000000e+00,3.431572e-04,4.331699e-04,0.000000e+00,1.421079e-08,-6.519688e-10,1.923097e-10,-1.343898e-11,-6.782504e-10,-1.550809e-11,1.422423e-08,0.0000,99.1652,0.8348,1.519262e+02
33600,1.233415e-06,1.832880e+01,1.087932e-11,3.410102e-04,0.000000e+00,3.452437e-04,4.384634e-04,0.000000e+00,1.431818e-08,-6.700533e-10,1.901569e-10,-1.370162e-11,-6.738653e-10,-1.546486e-11,1.433189e-08,0.0000,99.1722,0.8278,1.523811e+02
33700,1.237085e-06,1.774923e+01,1.053530e-11,3.413730e-04,0.000000e+00,3.432479e-04,4.350868e-04,0.000000e+00,1.424195e-08,-6.565788e-10,1.520149e-10,-1.390841e-11,-6.704078e-10,-1.540909e-11,1.425585e-08,0.0000,99.1769,0.8231,1.525119e+02
33800,1.240756e-06,1.725297e+01,1.024074e-11,3.433084e-04,0.000000e+00,3.412218e-04,4.235507e-04,0.000000e+00,1.417577e-08,-6.557563e-10,1.435329e-10,-1.403875e-11,-6.689914e-10,-1.534537e-11,1.418980e-08,0.0000,99.1776,0.8224,1.528908e+02
33900,1.244427e-06,1.683968e+01,9.995430e-12,3.423407e-04,0.000000e+00,3.433688e-04,4.091678e-04,0.000000e+00,1.428622e-08,-6.603636e-10,1.214910e-10,-1.394553e-11,-6.687212e-10,-1.530227e-11,1.430017e-08,0.0000,99.1814,0.8186,1.533494e+02
34000,1.248098e-06,1.651853e+01,9.804807e-12,3.394982e-04,0.000000e+00,3.431572e-04,3.914267e-04,0.000000e+00,1.430307e-08,-6.580288e-10,1.227576e-10,-1.384032e-11,-6.676971e-10,-1.528426e-11,1.431691e-08,0.0000,99.1877,0.8123,1.538898e+02
34100,1.251769e-06,1.633184e+01,9.693990e-12,3.417359e-04,0.000000e+00,3.436107e-04,3.719240e-04,0.000000e+00,1.431815e-08,-6.570634e-10,1.370050e-10,-1.381509e-11,-6.671324e-10,-1.538146e-11,1.433197e-08,0.0000,99.1922,0.8078,1.538130e+02
34200,1.255440e-06,1.626281e+01,9.653019e-12,3.396494e-04,0.000000e+00,3.404054e-04,3.508106e-04,0.000000e+00,1.419966e-08,-6.532734e-10,1.247082e-10,-1.359356e-11,-6.665775e-10,-1.548220e-11,1.421325e-08,0.0000,99.1956,0.8044,1.541377e+02
34300,1.259111e-06,1.632916e+01,9.692403e-12,3.405566e-04,0.000000e+00,3.417057e-04,3.298279e-04,0.000000e+00,1.425452e-08,-6.680417e-10,1.318895e-10,-1.350689e-11,-6.670463e-10,-1.556763e-11,1.426803e-08,0.0000,99.1993,0.8007,1.541612e+02
34400,1.262782e-06,1.651134e+01,9.800537e-12,3.403449e-04,0.000000e+00,3.411916e-04,3.108876e-04,0.000000e+00,1.422966e-08,-6.645814e-10,1.518161e-10,-1.301438e-11,-6.690211e-10,-1.555833e-11,1.424267e-08,0.0000,99.2028,0.7972,1.540806e+02
34500,1.266452e-06,1.681948e+01,9.983437e-12,3.431874e-04,0.000000e+00,3.390748e-04,2.933627e-04,0.000000e+00,1.414099e-08,-6.614445e-10,1.504360e-10,-1.247661e-11,-6.721132e-10,-1.542609e-11,1.415346e-08,0.0000,99.2015,0.7985,1.540788e+02
34600,1.270123e-06,1.720760e+01,1.021381e-11,3.443365e-04,0.000000e+00,3.403146e-04,2.815785e-04,0.000000e+00,1.419086e-08,-6.585270e-10,1.458055e-10,-1.220314e-11,-6.759102e-10,-1.528517e-11,1.420307e-08,0.0000,99.2003,0.7997,1.540249e+02
34700,1.273794e-06,1.764620e+01,1.047415e-11,3.426733e-04,0.000000e+00,3.425221e-04,2.717538e-04,0.000000e+00,1.426721e-08,-6.616357e-10,1.707902e-10,-1.203254e-11,-6.808767e-10,-1.538970e-11,1.427924e-08,0.0000,99.2027,0.7973,1.536960e+02
34800,1.277465e-06,1.813094e+01,1.076187e-11,3.429152e-04,0.000000e+00,3.416754e-04,2.645353e-04,0.000000e+00,1.421214e-08,-6.604623e-10,1.742366e-10,-1.202680e-11,-6.836275e-10,-1.548409e-11,1.422417e-08,0.0000,99.2041,0.7959,1.532714e+02
34900,1.281136e-06,1.864305e+01,1.106584e-11,3.415847e-04,0.000000e+00,3.453646e-04,2.587791e-04,0.000000e+00,1.436905e-08,-6.652724e-10,1.813334e-10,-1.197833e-11,-6.828815e-10,-1.551107e-11,1.438102e-08,0.0000,99.2103,0.7897,1.533468e+02
35000,1.284807e-06,1.915000e+01,1.136675e-11,3.395587e-04,0.000000e+00,3.430060e-04,2.575876e-04,0.000000e+00,1.425538e-08,-6.656501e-10,1.888633e-10,-1.173729e-11,-6.798685e-10,-1.539948e-11,1.426712e-08,0.0000,99.2161,0.7839,1.530292e+02
35100,1.288478e-06,1.965238e+01,1.166494e-11,3.403449e-04,0.000000e+00,3.389841e-04,2.591122e-04,0.000000e+00,1.406636e-08,-6.509854e-10,1.967649e-10,-1.148393e-11,-6.791576e-10,-1.514239e-11,1.407784e-08,0.0000,99.2173,0.7827,1.525384e+02
35200,1.292149e-06,2.011696e+01,1.194070e-11,3.409497e-04,0.000000e+00,3.391655e-04,2.658290e-04,0.000000e+00,1.405394e-08,-6.566041e-10,2.177996e-10,-1.157096e-11,-6.795988e-10,-1.527044e-11,1.406551e-08,0.0000,99.2182,0.7818,1.521177e+02
35300,1.295819e-06,2.051628e+01,1.217773e-11,3.416149e-04,0.000000e+00,3.410404e-04,2.770465e-04,0.000000e+00,1.412420e-08,-6.495373e-10,2.097884e-10,-1.189232e-11,-6.795070e-10,-1.529030e-11,1.413609e-08,0.0000,99.2201,0.7799,1.519543e+02
35400,1.299490e-06,2.084802e+01,1.237464e-11,3.451832e-04,0.000000e+00,3.391958e-04,2.915416e-04,0.000000e+00,1.404452e-08,-6.591874e-10,2.406992e-10,-1.204165e-11,-6.806848e-10,-1.526997e-11,1.405657e-08,0.0000,99.2171,0.7829,1.518861e+02
35500,1.303161e-06,2.102913e+01,1.248213e-11,3.427036e-04,0.000000e+00,3.405868e-04,3.134200e-04,0.000000e+00,1.408367e-08,-6.475395e-10,2.470581e-10,-1.217811e-11,-6.820302e-10,-1.533013e-11,1.409585e-08,0.0000,99.2176,0.7824,1.514800e+02
35600,1.306832e-06,2.106821e+01,1.250533e-11,3.436410e-04,0.000000e+00,3.410102e-04,3.373223e-04,0.000000e+00,1.409412e-08,-6.512362e-10,2.357548e-10,-1.265817e-11,-6.826687e-10,-1.548626e-11,1.410678e-08,0.0000,99.2176,0.7824,1.513367e+02
35700,1.310503e-06,2.093172e+01,1.242432e-11,3.418871e-04,0.000000e+00,3.437922e-04,3.639556e-04,0.000000e+00,1.420544e-08,-6.609774e-10,2.452860e-10,-1.302506e-11,-6.808295e-10,-1.556010e-11,1.421846e-08,0.0000,99.2219,0.7781,1.512663e+02
35800,1.314174e-06,2.062663e+01,1.224322e-11,3.421290e-04,0.000000e+00,3.437619e-04,3.914619e-04,0.000000e+00,1.420542e-08,-6.596466e-10,2.326529e-10,-1.359381e-11,-6.778611e-10,-1.559647e-11,1.421901e-08,0.0000,99.2258,0.7742,1.512925e+02
35900,1.317845e-06,2.016701e+01,1.197041e-11,3.403449e-04,0.000000e+00,3.424919e-04,4.146632e-04,0.000000e+00,1.415276e-08,-6.598396e-10,2.299527e-10,-1.336991e-11,-6.739246e-10,-1.550422e-11,1.416613e-08,0.0000,99.2302,0.7698,1.512827e+02
36000,1.321516e-06,1.964935e+01,1.166315e-11,3.451530e-04,0.000000e+00,3.420685e-04,4.288559e-04,0.000000e+00,1.413895e-08,-6.576397e-10,1.898193e-10,-1.341221e-11,-6.724077e-10,-1.553550e-11,1.415237e-08,0.0000,99.2298,0.7702,1.513716e+02
36100,1.325186e-06,1.908988e+01,1.133107e-11,3.430060e-04,0.000000e+00,3.420685e-04,4.334690e-04,0.000000e+00,1.415008e-08,-6.625322e-10,1.628687e-10,-1.309031e-11,-6.722390e-10,-1.549370e-11,1.416317e-08,0.0000,99.2314,0.7686,1.516066e+02
36200,1.328857e-06,1.852508e+01,1.099582e-11,3.407985e-04,0.000000e+00,3.432176e-04,4.321251e-04,0.000000e+00,1.421265e-08,-6.601785e-10,1.273486e-10,-1.309463e-11,-6.720462e-10,-1.546512e-11,1.422574e-08,0.0000,99.2360,0.7640,1.519112e+02
36300,1.332528e-06,1.803407e+01,1.070438e-11,3.426733e-04,0.000000e+00,3.469673e-04,4.220667e-04,0.000000e+00,1.438149e-08,-6.677869e-10,1.326749e-10,-1.327634e-11,-6.678229e-10,-1.546746e-11,1.439476e-08,0.0000,99.2422,0.7578,1.522066e+02
36400,1.336199e-06,1.760599e+01,1.045028e-11,3.404961e-04,0.000000e+00,3.411009e-04,4.097158e-04,0.000000e+00,1.415715e-08,-6.537023e-10,1.392028e-10,-1.330475e-11,-6.672681e-10,-1.564498e-11,1.417045e-08,0.0000,99.2451,0.7549,1.526115e+02
36500,1.339870e-06,1.730211e+01,1.026991e-11,3.411916e-04,0.000000e+00,3.415847e-04,3.903276e-04,0.000000e+00,1.418798e-08,-6.617798e-10,1.272797e-10,-1.302292e-11,-6.669168e-10,-1.566891e-11,1.420100e-08,0.0000,99.2478,0.7522,1.528357e+02
36600,1.343541e-06,1.710724e+01,1.015424e-11,3.406775e-04,0.000000e+00,3.436712e-04,3.721862e-04,0.000000e+00,1.429279e-08,-6.694859e-10,1.285080e-10,-1.270021e-11,-6.671988e-10,-1.554905e-11,1.430549e-08,0.0000,99.2528,0.7472,1.532273e+02
36700,1.347212e-06,1.704208e+01,1.011557e-11,3.400123e-04,0.000000e+00,3.402542e-04,3.505481e-04,0.000000e+00,1.415579e-08,-6.565317e-10,1.360208e-10,-1.232009e-11,-6.672857e-10,-1.545597e-11,1.416811e-08,0.0000,99.2553,0.7447,1.533223e+02
36800,1.350883e-06,1.708796e+01,1.014280e-11,3.400727e-04,0.000000e+00,3.436107e-04,3.326543e-04,0.000000e+00,1.430094e-08,-6.706531e-10,1.381534e-10,-1.165513e-11,-6.686959e-10,-1.526476e-11,1.431260e-08,0.0000,99.2607,0.7393,1.534597e+02
36900,1.354553e-06,1.725329e+01,1.024093e-11,3.429455e-04,0.000000e+00,3.400425e-04,3.162133e-04,0.000000e+00,1.415695e-08,-6.552155e-10,1.485561e-10,-1.131803e-11,-6.710346e-10,-1.520886e-11,1.416827e-08,0.0000,99.2604,0.7396,1.535478e+02
37000,1.358224e-06,1.749808e+01,1.038623e-11,3.408287e-04,0.000000e+00,3.403751e-04,3.012463e-04,0.000000e+00,1.416689e-08,-6.534586e-10,1.664732e-10,-1.135625e-11,-6.750648e-10,-1.529841e-11,1.417825e-08,0.0000,99.2622,0.7378,1.534593e+02
37100,1.361895e-06,1.786441e+01,1.060367e-11,3.440946e-04,0.000000e+00,3.419173e-04,2.848604e-04,0.000000e+00,1.423268e-08,-6.620275e-10,1.713043e-10,-1.112385e-11,-6.765099e-10,-1.525743e-11,1.424381e-08,0.0000,99.2626,0.7374,1.534906e+02
37200,1.365566e-06,1.825266e+01,1.083412e-11,3.397703e-04,0.000000e+00,3.417057e-04,2.769926e-04,0.000000e+00,1.421118e-08,-6.576933e-10,1.690857e-10,-1.133000e-11,-6.780061e-10,-1.540731e-11,1.422251e-08,0.0000,99.2665,0.7335,1.532219e+02
37300,1.369237e-06,1.871415e+01,1.110805e-11,3.433991e-04,0.000000e+00,3.409799e-04,2.687778e-04,0.000000e+00,1.417242e-08,-6.536162e-10,1.912090e-10,-1.145518e-11,-6.790910e-10,-1.548563e-11,1.418388e-08,0.0000,99.2666,0.7334,1.530379e+02
37400,1.372908e-06,1.920185e+01,1.139753e-11,3.444272e-04,0.000000e+00,3.419173e-04,2.655683e-04,0.000000e+00,1.420469e-08,-6.662426e-10,1.976347e-10,-1.142026e-11,-6.810864e-10,-1.535918e-11,1.421611e-08,0.0000,99.2666,0.7334,1.529164e+02
37500,1.376579e-06,1.967570e+01,1.167879e-11,3.400123e-04,0.000000e+00,3.411916e-04,2.633933e-04,0.000000e+00,1.415869e-08,-6.529309e-10,1.938003e-10,-1.142282e-11,-6.813193e-10,-1.531406e-11,1.417012e-08,0.0000,99.2698,0.7302,1.525535e+02
37600,1.380250e-06,2.015053e+01,1.196063e-11,3.444272e-04,0.000000e+00,3.432479e-04,2.676494e-04,0.000000e+00,1.423338e-08,-6.602600e-10,1.995146e-10,-1.144695e-11,-6.804179e-10,-1.533878e-11,1.424483e-08,0.0000,99.2710,0.7290,1.523278e+02
37700,1.383921e-06,2.062175e+01,1.224033e-11,3.446389e-04,0.000000e+00,3.404054e-04,2.684447e-04,0.000000e+00,1.408869e-08,-6.519486e-10,2.058496e-10,-1.127298e-11,-6.809611e-10,-1.540331e-11,1.409997e-08,0.0000,99.2695,0.7305,1.517587e+02
37800,1.387591e-06,2.098652e+01,1.245684e-11,3.412218e-04,0.000000e+00,3.415847e-04,2.822400e-04,0.000000e+00,1.413205e-08,-6.557594e-10,2.268374e-10,-1.166217e-11,-6.824082e-10,-1.552033e-11,1.414371e-08,0.0000,99.2719,0.7281,1.516428e+02
37900,1.391262e-06,2.129900e+01,1.264232e-11,3.455461e-04,0.000000e+00,3.422802e-04,2.950194e-04,0.000000e+00,1.415081e-08,-6.582764e-10,2.251762e-10,-1.157205e-11,-6.819476e-10,-1.548793e-11,1.416238e-08,0.0000,99.2713,0.7287,1.514280e+02
38000,1.394933e-06,2.149411e+01,1.275813e-11,3.444877e-04,0.000000e+00,3.432479e-04,3.129400e-04,0.000000e+00,1.418378e-08,-6.613425e-10,2.568698e-10,-1.176579e-11,-6.794648e-10,-1.555895e-11,1.419555e-08,0.0000,99.2724,0.7276,1.512763e+02
38100,1.398604e-06,2.152245e+01,1.277495e-11,3.404356e-04,0.000000e+00,3.438829e-04,3.358525e-04,0.000000e+00,1.420391e-08,-6.559089e-10,2.439465e-10,-1.206095e-11,-6.785842e-10,-1.568632e-11,1.421597e-08,0.0000,99.2775,0.7225,1.511491e+02
38200,1.402275e-06,2.142561e+01,1.271747e-11,3.434596e-04,0.000000e+00,3.417057e-04,3.591185e-04,0.000000e+00,1.409653e-08,-6.626303e-10,2.379500e-10,-1.271644e-11,-6.749002e-10,-1.585995e-11,1.410925e-08,0.0000,99.2781,0.7219,1.507943e+02
38300,1.405946e-06,2.115898e+01,1.255921e-11,3.435200e-04,0.000000e+00,3.449413e-04,3.866328e-04,0.000000e+00,1.423153e-08,-6.689897e-10,2.405457e-10,-1.262164e-11,-6.743338e-10,-1.565264e-11,1.424416e-08,0.0000,99.2814,0.7186,1.508218e+02
38400,1.409617e-06,2.078139e+01,1.233509e-11,3.441551e-04,0.000000e+00,3.406473e-04,4.052098e-04,0.000000e+00,1.406177e-08,-6.661901e-10,2.012496e-10,-1.249265e-11,-6.745992e-10,-1.562987e-11,1.407426e-08,0.0000,99.2805,0.7195,1.509768e+02
38500,1.413288e-06,2.028022e+01,1.203761e-11,3.384398e-04,0.000000e+00,3.443970e-04,4.194765e-04,0.000000e+00,1.421401e-08,-6.589797e-10,1.849113e-10,-1.194590e-11,-6.724951e-10,-1.554323e-11,1.422595e-08,0.0000,99.2877,0.7123,1.509104e+02
38600,1.416958e-06,1.976188e+01,1.172994e-11,3.447598e-04,0.000000e+00,3.432781e-04,4.285733e-04,0.000000e+00,1.417533e-08,-6.652741e-10,1.539621e-10,-1.137808e-11,-6.691383e-10,-1.545235e-11,1.418671e-08,0.0000,99.2885,0.7115,1.510846e+02
38700,1.420629e-06,1.925199e+01,1.142729e-11,3.419173e-04,0.000000e+00,3.433688e-04,4.243648e-04,0.000000e+00,1.418874e-08,-6.591890e-10,1.438771e-10,-1.108205e-11,-6.683802e-10,-1.540293e-11,1.419982e-08,0.0000,99.2918,0.7082,1.512825e+02
38800,1.424300e-06,1.878811e+01,1.115195e-11,3.420685e-04,0.000000e+00,3.418569e-04,4.170753e-04,0.000000e+00,1.415563e-08,-6.563102e-10,1.433096e-10,-1.100796e-11,-6.688375e-10,-1.572185e-11,1.416663e-08,0.0000,99.2936,0.7064,1.519100e+02
38900,1.427971e-06,1.841650e+01,1.093137e-11,3.432176e-04,0.000000e+00,3.438224e-04,4.033045e-04,0.000000e+00,1.424715e-08,-6.631057e-10,1.379766e-10,-1.098108e-11,-6.682442e-10,-1.592252e-11,1.425813e-08,0.0000,99.2962,0.7038,1.521236e+02
39000,1.431642e-06,1.814721e+01,1.077153e-11,3.442760e-04,0.000000e+00,3.423709e-04,3.878191e-04,0.000000e+00,1.419009e-08,-6.704403e-10,1.235710e-10,-1.094503e-11,-6.705043e-10,-1.598700e-11,1.420103e-08,0.0000,99.2966,0.7034,1.522122e+02
39100,1.435313e-06,1.796183e+01,1.066150e-11,3.416149e-04,0.000000e+00,3.444877e-04,3.715907e-04,0.000000e+00,1.430113e-08,-6.738396e-10,1.444747e-10,-1.064815e-11,-6.723899e-10,-1.583838e-11,1.431178e-08,0.0000,99.3010,0.6990,1.526948e+02
39200,1.438984e-06,1.787580e+01,1.061043e-11,3.400727e-04,0.000000e+00,3.425221e-04,3.539837e-04,0.000000e+00,1.422013e-08,-6.683272e-10,1.321193e-10,-1.041109e-11,-6.722832e-10,-1.559745e-11,1.423054e-08,0.0000,99.3050,0.6950,1.527089e+02
39300,1.442655e-06,1.793344e+01,1.064464e-11,3.453042e-04,0.000000e+00,3.453042e-04,3.359842e-04,0.000000e+00,1.434015e-08,-6.678990e-10,1.669288e-10,-1.017124e-11,-6.727503e-10,-1.542863e-11,1.435032e-08,0.0000,99.3070,0.6930,1.527942e+02
39400,1.446325e-06,1.807145e+01,1.072656e-11,3.433084e-04,0.000000e+00,3.424919e-04,3.209928e-04,0.000000e+00,1.423283e-08,-6.624705e-10,1.735793e-10,-1.030916e-11,-6.747917e-10,-1.539714e-11,1.424314e-08,0.0000,99.3083,0.6917,1.529950e+02
39500,1.449996e-06,1.830283e+01,1.086390e-11,3.433084e-04,0.000000e+00,3.430362e-04,3.058953e-04,0.000000e+00,1.425821e-08,-6.590765e-10,1.758739e-10,-1.008281e-11,-6.785123e-10,-1.539120e-11,1.426829e-08,0.0000,99.3101,0.6899,1.530519e+02
39600,1.453667e-06,1.858584e+01,1.103189e-11,3.394679e-04,0.000000e+00,3.420081e-04,2.937057e-04,0.000000e+00,1.420857e-08,-6.605724e-10,1.864570e-10,-9.981309e-12,-6.778449e-10,-1.531379e-11,1.421855e-08,0.0000,99.3141,0.6859,1.529013e+02
39700,1.457338e-06,1.894898e+01,1.124744e-11,3.428850e-04,0.000000e+00,3.430967e-04,2.841664e-04,0.000000e+00,1.424555e-08,-6.558828e-10,1.953955e-10,-1.014971e-11,-6.768660e-10,-1.523523e-11,1.425570e-08,0.0000,99.3162,0.6838,1.527210e+02
39800,1.461009e-06,1.935635e+01,1.148923e-11,3.424012e-04,0.000000e+00,3.412521e-04,2.765314e-04,0.000000e+00,1.415460e-08,-6.556936e-10,1.947099e-10,-1.042880e-11,-6.768587e-10,-1.515670e-11,1.416503e-08,0.0000,99.3172,0.6828,1.524112e+02
39900,1.464680e-06,1.976343e+01,1.173086e-11,3.412521e-04,0.000000e+00,3.408287e-04,2.754298e-04,0.000000e+00,1.413669e-08,-6.517469e-10,2.053868e-10,-1.069093e-11,-6.780834e-10,-1.522739e-11,1.414738e-08,0.0000,99.3187,0.6813,1.524019e+02
40000,1.468351e-06,2.019764e+01,1.198859e-11,3.410404e-04,0.000000e+00,3.424919e-04,2.708307e-04,0.000000e+00,1.419281e-08,-6.513251e-10,1.991040e-10,-1.096455e-11,-6.764816e-10,-1.535863e-11,1.420378e-08,0.0000,99.3218,0.6782,1.521247e+02
40100,1.472022e-06,2.061167e+01,1.223435e-11,3.422500e-04,0.000000e+00,3.399518e-04,2.753027e-04,0.000000e+00,1.408336e-08,-6.514447e-10,2.074587e-10,-1.109514e-11,-6.761973e-10,-1.544563e-11,1.409446e-08,0.0000,99.3218,0.6782,1.520434e+02
40200,1.475692e-06,2.099171e+01,1.245992e-11,3.412823e-04,0.000000e+00,3.406473e-04,2.798326e-04,0.000000e+00,1.408801e-08,-6.577964e-10,2.193419e-10,-1.114227e-11,-6.758976e-10,-1.559639e-11,1.409916e-08,0.0000,99.3232,0.6768,1.515386e+02
40300,1.479363e-06,2.134637e+01,1.267043e-11,3.431572e-04,0.000000e+00,3.419476e-04,2.858102e-04,0.000000e+00,1.413320e-08,-6.587539e-10,2.303869e-10,-1.112742e-11,-6.746467e-10,-1.556782e-11,1.414433e-08,0.0000,99.3241,0.6759,1.513505e+02
40400,1.483034e-06,2.159664e+01,1.281899e-11,3.401030e-04,0.000000e+00,3.407380e-04,2.996345e-04,0.000000e+00,1.408274e-08,-6.611619e-10,2.385567e-10,-1.128332e-11,-6.728726e-10,-1.550037e-11,1.409403e-08,0.0000,99.3264,0.6736,1.513434e+02
40500,1.486705e-06,2.174429e+01,1.290663e-11,3.425826e-04,0.000000e+00,3.404356e-04,3.187092e-04,0.000000e+00,1.404864e-08,-6.539084e-10,2.413206e-10,-1.130014e-11,-6.724815e-10,-1.565494e-11,1.405994e-08,0.0000,99.3266,0.6734,1.508800e+02
40600,1.490376e-06,2.176522e+01,1.291905e-11,3.386515e-04,0.000000e+00,3.417359e-04,3.352670e-04,0.000000e+00,1.409955e-08,-6.573032e-10,2.305822e-10,-1.128608e-11,-6.694693e-10,-1.570583e-11,1.411083e-08,0.0000,99.3308,0.6692,1.508161e+02
40700,1.494047e-06,2.169304e+01,1.287621e-11,3.416452e-04,0.000000e+00,3.405566e-04,3.533155e-04,0.000000e+00,1.404248e-08,-6.661076e-10,2.229761e-10,-1.135626e-11,-6.679451e-10,-1.577621e-11,1.405384e-08,0.0000,99.3318,0.6682,1.506516e+02
40800,1.497718e-06,2.144029e+01,1.272618e-11,3.399215e-04,0.000000e+00,3.407078e-04,3.807906e-04,0.000000e+00,1.404343e-08,-6.557634e-10,1.909096e-10,-1.133782e-11,-6.661752e-10,-1.573290e-11,1.405476e-08,0.0000,99.3342,0.6658,1.505323e+02
40900,1.501389e-06,2.109759e+01,1.252277e-11,3.407380e-04,0.000000e+00,3.386817e-04,3.961514e-04,0.000000e+00,1.395540e-08,-6.629520e-10,2.032327e-10,-1.109343e-11,-6.664788e-10,-1.563424e-11,1.396649e-08,0.0000,99.3344,0.6656,1.504423e+02
41000,1.505059e-06,2.072212e+01,1.229991e-11,3.429152e-04,0.000000e+00,3.406775e-04,4.036260e-04,0.000000e+00,1.403335e-08,-6.595608e-10,1.729936e-10,-1.055935e-11,-6.668346e-10,-1.550601e-11,1.404391e-08,0.0000,99.3344,0.6656,1.503464e+02
41100,1.508730e-06,2.028021e+01,1.203760e-11,3.406775e-04,0.000000e+00,3.426431e-04,4.121333e-04,0.000000e+00,1.412972e-08,-6.676517e-10,1.301713e-10,-9.754994e-12,-6.676770e-10,-1.539945e-11,1.413947e-08,0.0000,99.3378,0.6622,1.506789e+02
41200,1.512401e-06,1.986312e+01,1.179004e-11,3.420081e-04,0.000000e+00,3.408892e-04,4.094484e-04,0.000000e+00,1.407949e-08,-6.523096e-10,1.466616e-10,-9.275496e-12,-6.685609e-10,-1.550938e-11,1.408876e-08,0.0000,99.3387,0.6613,1.511412e+02
41300,1.516072e-06,1.946440e+01,1.155337e-11,3.411009e-04,0.000000e+00,3.438527e-04,4.055728e-04,0.000000e+00,1.420339e-08,-6.605405e-10,1.181967e-10,-9.193710e-12,-6.685920e-10,-1.559764e-11,1.421259e-08,0.0000,99.3426,0.6574,1.511703e+02
41400,1.519743e-06,1.914738e+01,1.136519e-11,3.435503e-04,0.000000e+00,3.430967e-04,3.948114e-04,0.000000e+00,1.419684e-08,-6.636752e-10,1.216027e-10,-8.834304e-12,-6.682676e-10,-1.549239e-11,1.420567e-08,0.0000,99.3440,0.6560,1.517003e+02
41500,1.523414e-06,1.889401e+01,1.121480e-11,3.407682e-04,0.000000e+00,3.420988e-04,3.817369e-04,0.000000e+00,1.415715e-08,-6.646191e-10,1.665379e-10,-8.297651e-12,-6.706836e-10,-1.527698e-11,1.416545e-08,0.0000,99.3468,0.6532,1.517341e+02
41600,1.527085e-06,1.875503e+01,1.113231e-11,3.429455e-04,0.000000e+00,3.411009e-04,3.654178e-04,0.000000e+00,1.413872e-08,-6.559839e-10,1.480550e-10,-8.313683e-12,-6.717697e-10,-1.540334e-11,1.414703e-08,0.0000,99.3471,0.6529,1.522067e+02
41700,1.530756e-06,1.868880e+01,1.109300e-11,3.401937e-04,0.000000e+00,3.449110e-04,3.509020e-04,0.000000e+00,1.428864e-08,-6.559907e-10,1.641832e-10,-8.545558e-12,-6.709604e-10,-1.550874e-11,1.429719e-08,0.0000,99.3525,0.6475,1.520417e+02
41800,1.534426e-06,1.874155e+01,1.112431e-11,3.436107e-04,0.000000e+00,3.429757e-04,3.350817e-04,0.000000e+00,1.422291e-08,-6.683820e-10,1.732662e-10,-8.505970e-12,-6.727911e-10,-1.549021e-11,1.423141e-08,0.0000,99.3538,0.6462,1.523605e+02
41900,1.538097e-06,1.887794e+01,1.120526e-11,3.433688e-04,0.000000e+00,3.373209e-04,3.213161e-04,0.000000e+00,1.397755e-08,-6.461611e-10,1.824383e-10,-8.509105e-12,-6.755802e-10,-1.544577e-11,1.398606e-08,0.0000,99.3508,0.6492,1.521152e+02
42000,1.541768e-06,1.907725e+01,1.132357e-11,3.424314e-04,0.000000e+00,3.459997e-04,3.102027e-04,0.000000e+00,1.435162e-08,-6.681743e-10,1.988238e-10,-8.387180e-12,-6.777437e-10,-1.528222e-11,1.436001e-08,0.0000,99.3553,0.6447,1.524214e+02
42100,1.545439e-06,1.932818e+01,1.147251e-11,3.406473e-04,0.000000e+00,3.420685e-04,3.000742e-04,0.000000e+00,1.418108e-08,-6.575354e-10,1.951273e-10,-8.790143e-12,-6.768649e-10,-1.533368e-11,1.418987e-08,0.0000,99.3580,0.6420,1.522579e+02
42200,1.549110e-06,1.964514e+01,1.166065e-11,3.426431e-04,0.000000e+00,3.426431e-04,2.913921e-04,0.000000e+00,1.420324e-08,-6.463513e-10,1.985647e-10,-9.013931e-12,-6.766084e-10,-1.547328e-11,1.421225e-08,0.0000,99.3597,0.6403,1.522277e+02
42300,1.552781e-06,2.001558e+01,1.188053e-11,3.450622e-04,0.000000e+00,3.418871e-04,2.851632e-04,0.000000e+00,1.415523e-08,-6.631510e-10,2.172323e-10,-9.094886e-12,-6.778695e-10,-1.541614e-11,1.416432e-08,0.0000,99.3590,0.6410,1.518822e+02
42400,1.556452e-06,2.038497e+01,1.209979e-11,3.415847e-04,0.000000e+00,3.410706e-04,2.818552e-04,0.000000e+00,1.412853e-08,-6.539288e-10,2.103971e-10,-9.113463e-12,-6.774331e-10,-1.531201e-11,1.413764e-08,0.0000,99.3603,0.6397,1.520207e+02
42500,1.560123e-06,2.077087e+01,1.232884e-11,3.451530e-04,0.000000e+00,3.439736e-04,2.827550e-04,0.000000e+00,1.422962e-08,-6.576447e-10,2.122794e-10,-9.343042e-12,-6.792430e-10,-1.545886e-11,1.423896e-08,0.0000,99.3611,0.6389,1.516175e+02
42600,1.563793e-06,2.112726e+01,1.254038e-11,3.421593e-04,0.000000e+00,3.412521e-04,2.845336e-04,0.000000e+00,1.410686e-08,-6.508290e-10,2.288792e-10,-9.301836e-12,-6.783634e-10,-1.547688e-11,1.411616e-08,0.0000,99.3620,0.6380,1.513999e+02
42700,1.567464e-06,2.145363e+01,1.273410e-11,3.416149e-04,0.000000e+00,3.420988e-04,2.888417e-04,0.000000e+00,1.414290e-08,-6.597957e-10,2.216320e-10,-9.023945e-12,-6.765337e-10,-1.540829e-11,1.415192e-08,0.0000,99.3640,0.6360,1.514332e+02
42800,1.571135e-06,2.172494e+01,1.289514e-11,3.424616e-04,0.000000e+00,3.444272e-04,2.985921e-04,0.000000e+00,1.421554e-08,-6.612862e-10,2.183670e-10,-8.887726e-12,-6.736492e-10,-1.537112e-11,1.422442e-08,0.0000,99.3672,0.6328,1.509307e+02
42900,1.574806e-06,2.193959e+01,1.302255e-11,3.430967e-04,0.000000e+00,3.405868e-04,3.083887e-04,0.000000e+00,1.404160e-08,-6.506993e-10,2.340144e-10,-8.580714e-12,-6.728702e-10,-1.535304e-11,1.405018e-08,0.0000,99.3669,0.6331,1.505970e+02
43000,1.578477e-06,2.207278e+01,1.310161e-11,3.428245e-04,0.000000e+00,3.424314e-04,3.212888e-04,0.000000e+00,1.411664e-08,-6.592411e-10,2.052640e-10,-8.431328e-12,-6.725332e-10,-1.557728e-11,1.412507e-08,0.0000,99.3682,0.6318,1.505797e+02
43100,1.582148e-06,2.207027e+01,1.310012e-11,3.384700e-04,0.000000e+00,3.407985e-04,3.388763e-04,0.000000e+00,1.404617e-08,-6.517700e-10,2.319034e-10,-8.653841e-12,-6.702435e-10,-1.582378e-11,1.405482e-08,0.0000,99.3716,0.6284,1.505178e+02
43200,1.585819e-06,2.199165e+01,1.305345e-11,3.447901e-04,0.000000e+00,3.432479e-04,3.575012e-04,0.000000e+00,1.413300e-08,-6.724211e-10,2.188366e-10,-8.490284e-12,-6.689570e-10,-1.571748e-11,1.414149e-08,0.0000,99.3721,0.6279,1.502250e+02
43300,1.589490e-06,2.180166e+01,1.294068e-11,3.400123e-04,0.000000e+00,3.392865e-04,3.707331e-04,0.000000e+00,1.397725e-08,-6.577172e-10,1.812037e-10,-8.497669e-12,-6.692285e-10,-1.566547e-11,1.398575e-08,0.0000,99.3731,0.6269,1.503694e+02
43400,1.593160e-06,2.151877e+01,1.277277e-11,3.412218e-04,0.000000e+00,3.415242e-04,3.869634e-04,0.000000e+00,1.407108e-08,-6.591387e-10,1.867566e-10,-8.513118e-12,-6.694034e-10,-1.571687e-11,1.407959e-08,0.0000,99.3749,0.6251,1.504117e+02
43500,1.596831e-06,2.118197e+01,1.257286e-11,3.416754e-04,0.000000e+00,3.428245e-04,3.961345e-04,0.000000e+00,1.411952e-08,-6.666386e-10,1.643678e-10,-8.238727e-12,-6.686561e-10,-1.567816e-11,1.412776e-08,0.0000,99.3774,0.6226,1.503064e+02
43600,1.600502e-06,2.082952e+01,1.236365e-11,3.428850e-04,0.000000e+00,3.399820e-04,3.998754e-04,0.000000e+00,1.402063e-08,-6.594917e-10,1.291981e-10,-7.601514e-12,-6.700124e-10,-1.566243e-11,1.402823e-08,0.0000,99.3768,0.6232,1.506951e+02
43700,1.604173e-06,2.048748e+01,1.216063e-11,3.435503e-04,0.000000e+00,3.423407e-04,3.988561e-04,0.000000e+00,1.411264e-08,-6.631733e-10,1.599316e-10,-6.940587e-12,-6.726906e-10,-1.571505e-11,1.411958e-08,0.0000,99.3775,0.6225,1.505810e+02
43800,1.607844e-06,2.018019e+01,1.197824e-11,3.420685e-04,0.000000e+00,3.419173e-04,3.917561e-04,0.000000e+00,1.410288e-08,-6.617565e-10,1.437853e-10,-6.464496e-12,-6.738776e-10,-1.573943e-11,1.410934e-08,0.0000,99.3789,0.6211,1.507388e+02
43900,1.611515e-06,1.990342e+01,1.181395e-11,3.412218e-04,0.000000e+00,3.469673e-04,3.859744e-04,0.000000e+00,1.432998e-08,-6.739621e-10,1.269566e-10,-6.384458e-12,-6.732499e-10,-1.569333e-11,1.433637e-08,0.0000,99.3847,0.6153,1.511463e+02
44000,1.615186e-06,1.969435e+01,1.168986e-11,3.417661e-04,0.000000e+00,3.417359e-04,3.755710e-04,0.000000e+00,1.411641e-08,-6.578471e-10,1.478521e-10,-6.397070e-12,-6.726696e-10,-1.562018e-11,1.412281e-08,0.0000,99.3862,0.6138,1.511904e+02
44100,1.618857e-06,1.955530e+01,1.160732e-11,3.417661e-04,0.000000e+00,3.437619e-04,3.642507e-04,0.000000e+00,1.421030e-08,-6.680087e-10,2.004953e-10,-6.204444e-12,-6.729231e-10,-1.544169e-11,1.421651e-08,0.0000,99.3892,0.6108,1.514025e+02
44200,1.622527e-06,1.952235e+01,1.158777e-11,3.429455e-04,0.000000e+00,3.398611e-04,3.482725e-04,0.000000e+00,1.405697e-08,-6.527324e-10,1.829660e-10,-6.217525e-12,-6.738509e-10,-1.525364e-11,1.406319e-08,0.0000,99.3885,0.6115,1.515704e+02
44300,1.626198e-06,1.957953e+01,1.162171e-11,3.456368e-04,0.000000e+00,3.451227e-04,3.363916e-04,0.000000e+00,1.428062e-08,-6.592069e-10,1.897002e-10,-6.524269e-12,-6.770329e-10,-1.526901e-11,1.428714e-08,0.0000,99.3897,0.6103,1.516822e+02
44400,1.629869e-06,1.968471e+01,1.168413e-11,3.432176e-04,0.000000e+00,3.409799e-04,3.262111e-04,0.000000e+00,1.411458e-08,-6.536282e-10,1.850883e-10,-6.673299e-12,-6.795294e-10,-1.526975e-11,1.412126e-08,0.0000,99.3896,0.6104,1.518089e+02
44500,1.633540e-06,1.985378e+01,1.178449e-11,3.427338e-04,0.000000e+00,3.444575e-04,3.153956e-04,0.000000e+00,1.425757e-08,-6.567571e-10,2.069547e-10,-6.764221e-12,-6.794586e-10,-1.532983e-11,1.426433e-08,0.0000,99.3923,0.6077,1.517819e+02
44600,1.637211e-06,2.007951e+01,1.191848e-11,3.442155e-04,0.000000e+00,3.440946e-04,3.077156e-04,0.000000e+00,1.423796e-08,-6.551878e-10,1.952035e-10,-7.012712e-12,-6.781780e-10,-1.529729e-11,1.424497e-08,0.0000,99.3937,0.6063,1.516852e+02
44700,1.640882e-06,2.034467e+01,1.207587e-11,3.436712e-04,0.000000e+00,3.418266e-04,3.007957e-04,0.000000e+00,1.413914e-08,-6.500501e-10,2.222255e-10,-7.273100e-12,-6.796304e-10,-1.537404e-11,1.414642e-08,0.0000,99.3939,0.6061,1.515783e+02
44800,1.644553e-06,2.060624e+01,1.223112e-11,3.385910e-04,0.000000e+00,3.449715e-04,2.962969e-04,0.000000e+00,1.426790e-08,-6.642343e-10,2.082230e-10,-7.581296e-12,-6.772788e-10,-1.546214e-11,1.427549e-08,0.0000,99.4000,0.6000,1.515657e+02
44900,1.648224e-06,2.089991e+01,1.240544e-11,3.400727e-04,0.000000e+00,3.428548e-04,2.925876e-04,0.000000e+00,1.417231e-08,-6.542995e-10,2.037417e-10,-7.697522e-12,-6.724651e-10,-1.542088e-11,1.418000e-08,0.0000,99.4034,0.5966,1.513823e+02
45000,1.651895e-06,2.121564e+01,1.259284e-11,3.438829e-04,0.000000e+00,3.425524e-04,2.928309e-04,0.000000e+00,1.414883e-08,-6.571645e-10,2.323909e-10,-7.734132e-12,-6.721943e-10,-1.548725e-11,1.415656e-08,0.0000,99.4039,0.5961,1.511522e+02
45100,1.655565e-06,2.151721e+01,1.277184e-11,3.424314e-04,0.000000e+00,3.366557e-04,2.936691e-04,0.000000e+00,1.391263e-08,-6.495773e-10,2.181388e-10,-7.966382e-12,-6.741600e-10,-1.558712e-11,1.392060e-08,0.0000,99.4013,0.5987,1.513121e+02
45200,1.659236e-06,2.179158e+01,1.293470e-11,3.445179e-04,0.000000e+00,3.423105e-04,3.001527e-04,0.000000e+00,1.412405e-08,-6.622282e-10,2.260960e-10,-7.698925e-12,-6.764049e-10,-1.555445e-11,1.413174e-08,0.0000,99.4012,0.5988,1.508470e+02
45300,1.662907e-06,2.202566e+01,1.307364e-11,3.439736e-04,0.000000e+00,3.415242e-04,3.061241e-04,0.000000e+00,1.407578e-08,-6.590318e-10,2.185866e-10,-7.341894e-12,-6.754974e-10,-1.545392e-11,1.408313e-08,0.0000,99.4009,0.5991,1.505122e+02
45400,1.666578e-06,2.219499e+01,1.317415e-11,3.421895e-04,0.000000e+00,3.429455e-04,3.148097e-04,0.000000e+00,1.412892e-08,-6.570353e-10,2.294084e-10,-7.030182e-12,-6.764038e-10,-1.556224e-11,1.413595e-08,0.0000,99.4029,0.5971,1.503846e+02
45500,1.670249e-06,2.228291e+01,1.322633e-11,3.407078e-04,0.000000e+00,3.442458e-04,3.264919e-04,0.000000e+00,1.417461e-08,-6.613358e-10,2.243926e-10,-6.898846e-12,-6.733017e-10,-1.571764e-11,1.418151e-08,0.0000,99.4068,0.5932,1.502270e+02
45600,1.673920e-06,2.229122e+01,1.323127e-11,3.427640e-04,0.000000e+00,3.424314e-04,3.414205e-04,0.000000e+00,1.410007e-08,-6.637173e-10,2.078029e-10,-6.555847e-12,-6.698026e-10,-1.559648e-11,1.410663e-08,0.0000,99.4080,0.5920,1.502368e+02
45700,1.677591e-06,2.223431e+01,1.319749e-11,3.423709e-04,0.000000e+00,3.413126e-04,3.515729e-04,0.000000e+00,1.403280e-08,-6.627694e-10,2.107899e-10,-6.253477e-12,-6.704907e-10,-1.552608e-11,1.403905e-08,0.0000,99.4087,0.5913,1.497818e+02
45800,1.681262e-06,2.207841e+01,1.310495e-11,3.401937e-04,0.000000e+00,3.396494e-04,3.654017e-04,0.000000e+00,1.396494e-08,-6.534328e-10,2.023234e-10,-6.153596e-12,-6.714705e-10,-1.572362e-11,1.397109e-08,0.0000,99.4097,0.5903,1.497858e+02
45900,1.684932e-06,2.188144e+01,1.298804e-11,3.423709e-04,0.000000e+00,3.444877e-04,3.742198e-04,0.000000e+00,1.417035e-08,-6.653056e-10,1.632706e-10,-6.221596e-12,-6.701222e-10,-1.581271e-11,1.417657e-08,0.0000,99.4126,0.5874,1.499387e+02
46000,1.688603e-06,2.165267e+01,1.285225e-11,3.440039e-04,0.000000e+00,3.413126e-04,3.809952e-04,0.000000e+00,1.404114e-08,-6.627727e-10,1.521903e-10,-6.127789e-12,-6.710049e-10,-1.570476e-11,1.404727e-08,0.0000,99.4121,0.5879,1.499671e+02
46100,1.692274e-06,2.136138e+01,1.267935e-11,3.394982e-04,0.000000e+00,3.399215e-04,3.865984e-04,0.000000e+00,1.399446e-08,-6.637607e-10,1.631416e-10,-6.017643e-12,-6.733205e-10,-1.574135e-11,1.400048e-08,0.0000,99.4138,0.5862,1.501904e+02
46200,1.695945e-06,2.111549e+01,1.253340e-11,3.440039e-04,0.000000e+00,3.450622e-04,3.837630e-04,0.000000e+00,1.420361e-08,-6.646511e-10,1.595418e-10,-5.686318e-12,-6.738686e-10,-1.568790e-11,1.420930e-08,0.0000,99.4160,0.5840,1.501306e+02
46300,1.699616e-06,2.084448e+01,1.237253e-11,3.398006e-04,0.000000e+00,3.423407e-04,3.836223e-04,0.000000e+00,1.409974e-08,-6.618659e-10,1.676306e-10,-5.084242e-12,-6.733865e-10,-1.543056e-11,1.410482e-08,0.0000,99.4191,0.5809,1.503140e+02
46400,1.703287e-06,2.066737e+01,1.226740e-11,3.455763e-04,0.000000e+00,3.422500e-04,3.742148e-04,0.000000e+00,1.411035e-08,-6.618609e-10,1.776649e-10,-4.748736e-12,-6.740135e-10,-1.535204e-11,1.411509e-08,0.0000,99.4182,0.5818,1.506025e+02
46500,1.706958e-06,2.049788e+01,1.216680e-11,3.400425e-04,0.000000e+00,3.435503e-04,3.674484e-04,0.000000e+00,1.416495e-08,-6.537542e-10,1.690195e-10,-4.971154e-12,-6.746398e-10,-1.535150e-11,1.416992e-08,0.0000,99.4220,0.5780,1.506230e+02
46600,1.710629e-06,2.038606e+01,1.210043e-11,3.391051e-04,0.000000e+00,3.417057e-04,3.571854e-04,0.000000e+00,1.411194e-08,-6.524207e-10,1.926533e-10,-5.175455e-12,-6.731775e-10,-1.542289e-11,1.411711e-08,0.0000,99.4251,0.5749,1.511159e+02
46700,1.714299e-06,2.033444e+01,1.206979e-11,3.400727e-04,0.000000e+00,3.425221e-04,3.484198e-04,0.000000e+00,1.414357e-08,-6.559635e-10,2.036415e-10,-5.447651e-12,-6.702173e-10,-1.532834e-11,1.414902e-08,0.0000,99.4281,0.5719,1.510654e+02
46800,1.717970e-06,2.034065e+01,1.207348e-11,3.410102e-04,0.000000e+00,3.404961e-04,3.400060e-04,0.000000e+00,1.405662e-08,-6.513920e-10,1.932330e-10,-5.513184e-12,-6.703123e-10,-1.517268e-11,1.406213e-08,0.0000,99.4291,0.5709,1.509954e+02
46900,1.721641e-06,2.043859e+01,1.213161e-11,3.443667e-04,0.000000e+00,3.397401e-04,3.285299e-04,0.000000e+00,1.403803e-08,-6.519994e-10,2.031957e-10,-5.361346e-12,-6.738650e-10,-1.504461e-11,1.404339e-08,0.0000,99.4273,0.5727,1.512644e+02
47000,1.725312e-06,2.055654e+01,1.220163e-11,3.420988e-04,0.000000e+00,3.394377e-04,3.230258e-04,0.000000e+00,1.402712e-08,-6.447972e-10,2.025964e-10,-5.841612e-12,-6.752637e-10,-1.503397e-11,1.403297e-08,0.0000,99.4268,0.5732,1.512893e+02
47100,1.728983e-06,2.072384e+01,1.230093e-11,3.412521e-04,0.000000e+00,3.461509e-04,3.142010e-04,0.000000e+00,1.429087e-08,-6.552719e-10,2.062722e-10,-6.340746e-12,-6.751519e-10,-1.523284e-11,1.429721e-08,0.0000,99.4315,0.5685,1.510065e+02
47200,1.732654e-06,2.090733e+01,1.240984e-11,3.392260e-04,0.000000e+00,3.404961e-04,3.095558e-04,0.000000e+00,1.406492e-08,-6.434950e-10,2.442226e-10,-6.455902e-12,-6.722571e-10,-1.532794e-11,1.407137e-08,0.0000,99.4336,0.5664,1.511626e+02
47300,1.736325e-06,2.114556e+01,1.255124e-11,3.433386e-04,0.000000e+00,3.410102e-04,3.048190e-04,0.000000e+00,1.408160e-08,-6.539718e-10,2.325011e-10,-6.043174e-12,-6.718838e-10,-1.518694e-11,1.408765e-08,0.0000,99.4334,0.5666,1.510743e+02
47400,1.739996e-06,2.138846e+01,1.269542e-11,3.431269e-04,0.000000e+00,3.411009e-04,3.038508e-04,0.000000e+00,1.407360e-08,-6.575225e-10,2.174923e-10,-6.438459e-12,-6.737808e-10,-1.530091e-11,1.408004e-08,0.0000,99.4333,0.5667,1.508345e+02
47500,1.743666e-06,2.164890e+01,1.285001e-11,3.443365e-04,0.000000e+00,3.413428e-04,3.022242e-04,0.000000e+00,1.408284e-08,-6.444945e-10,2.188356e-10,-6.758787e-12,-6.755162e-10,-1.550536e-11,1.408960e-08,0.0000,99.4326,0.5674,1.507982e+02
47600,1.747337e-06,2.186044e+01,1.297557e-11,3.389236e-04,0.000000e+00,3.424616e-04,3.047181e-04,0.000000e+00,1.412705e-08,-6.601934e-10,2.126480e-10,-6.653006e-12,-6.740014e-10,-1.549115e-11,1.413370e-08,0.0000,99.4363,0.5637,1.507693e+02
47700,1.751008e-06,2.207166e+01,1.310094e-11,3.430362e-04,0.000000e+00,3.415242e-04,3.088839e-04,0.000000e+00,1.408105e-08,-6.584225e-10,2.248316e-10,-6.698128e-12,-6.724632e-10,-1.546995e-11,1.408775e-08,0.0000,99.4366,0.5634,1.506213e+02
47800,1.754679e-06,2.222722e+01,1.319328e-11,3.413126e-04,0.000000e+00,3.413126e-04,3.161583e-04,0.000000e+00,1.405309e-08,-6.540234e-10,2.226027e-10,-6.512744e-12,-6.717813e-10,-1.557136e-11,1.405960e-08,0.0000,99.4379,0.5621,1.502063e+02
47900,1.758350e-06,2.235195e+01,1.326732e-11,3.404054e-04,0.000000e+00,3.422802e-04,3.202373e-04,0.000000e+00,1.408952e-08,-6.604709e-10,2.142618e-10,-6.596150e-12,-6.717726e-10,-1.571087e-11,1.409611e-08,0.0000,99.4404,0.5596,1.501397e+02
48000,1.762021e-06,2.244405e+01,1.332198e-11,3.423407e-04,0.000000e+00,3.420988e-04,3.274496e-04,0.000000e+00,1.408180e-08,-6.673909e-10,2.190937e-10,-6.298325e-12,-6.695454e-10,-1.567731e-11,1.408810e-08,0.0000,99.4415,0.5585,1.501490e+02
48100,1.765692e-06,2.245172e+01,1.332653e-11,3.387724e-04,0.000000e+00,3.397703e-04,3.375323e-04,0.000000e+00,1.397234e-08,-6.564592e-10,1.767383e-10,-6.076529e-12,-6.699943e-10,-1.575586e-11,1.397841e-08,0.0000,99.4434,0.5566,1.498441e+02
48200,1.769363e-06,2.241498e+01,1.330473e-11,3.407985e-04,0.000000e+00,3.396191e-04,3.467384e-04,0.000000e+00,1.396276e-08,-6.576358e-10,1.960930e-10,-5.634236e-12,-6.700217e-10,-1.579580e-11,1.396839e-08,0.0000,99.4439,0.5561,1.497726e+02
48300,1.773033e-06,2.232045e+01,1.324862e-11,3.427943e-04,0.000000e+00,3.418569e-04,3.580794e-04,0.000000e+00,1.405261e-08,-6.686782e-10,1.707166e-10,-5.211567e-12,-6.687739e-10,-1.555493e-11,1.405782e-08,0.0000,99.4445,0.5555,1.497405e+02
48400,1.776704e-06,2.222366e+01,1.319117e-11,3.453949e-04,0.000000e+00,3.401332e-04,3.610454e-04,0.000000e+00,1.398602e-08,-6.586767e-10,1.900070e-10,-5.264634e-12,-6.724722e-10,-1.558191e-11,1.399129e-08,0.0000,99.4423,0.5577,1.498209e+02
48500,1.780375e-06,2.205848e+01,1.309312e-11,3.397703e-04,0.000000e+00,3.412218e-04,3.664795e-04,0.000000e+00,1.403263e-08,-6.545247e-10,1.759185e-10,-5.252952e-12,-6.742540e-10,-1.557354e-11,1.403789e-08,0.0000,99.4445,0.5555,1.498588e+02
48600,1.784046e-06,2.186797e+01,1.298004e-11,3.403751e-04,0.000000e+00,3.439131e-04,3.711790e-04,0.000000e+00,1.414451e-08,-6.664111e-10,1.556436e-10,-5.386619e-12,-6.737969e-10,-1.559440e-11,1.414990e-08,0.0000,99.4481,0.5519,1.498930e+02
48700,1.787717e-06,2.167660e+01,1.286645e-11,3.400727e-04,0.000000e+00,3.439736e-04,3.710173e-04,0.000000e+00,1.414523e-08,-6.610596e-10,1.867114e-10,-5.286114e-12,-6.710400e-10,-1.561198e-11,1.415051e-08,0.0000,99.4519,0.5481,1.498503e+02
48800,1.791388e-06,2.151041e+01,1.276780e-11,3.421290e-04,0.000000e+00,3.413126e-04,3.690013e-04,0.000000e+00,1.403848e-08,-6.605762e-10,1.885986e-10,-5.258223e-12,-6.709984e-10,-1.557780e-11,1.404374e-08,0.0000,99.4526,0.5474,1.499049e+02
48900,1.795059e-06,2.137613e+01,1.268810e-11,3.423709e-04,0.000000e+00,3.390144e-04,3.640835e-04,0.000000e+00,1.395736e-08,-6.521667e-10,1.616021e-10,-5.113807e-12,-6.728569e-10,-1.549572e-11,1.396247e-08,0.0000,99.4516,0.5484,1.501930e+02
49000,1.798730e-06,2.127372e+01,1.262731e-11,3.458182e-04,0.000000e+00,3.428245e-04,3.623772e-04,0.000000e+00,1.411655e-08,-6.646093e-10,1.869962e-10,-5.021671e-12,-6.773044e-10,-1.537986e-11,1.412157e-08,0.0000,99.4509,0.5491,1.502386e+02
49100,1.802400e-06,2.122432e+01,1.259800e-11,3.445784e-04,0.000000e+00,3.421895e-04,3.525652e-04,0.000000e+00,1.410685e-08,-6.569222e-10,1.970402e-10,-4.987097e-12,-6.777575e-10,-1.526133e-11,1.411183e-08,0.0000,99.4506,0.5494,1.505847e+02
49200,1.806071e-06,2.118427e+01,1.257422e-11,3.399518e-04,0.000000e+00,3.440039e-04,3.464283e-04,0.000000e+00,1.417856e-08,-6.522213e-10,2.013168e-10,-5.031061e-12,-6.775876e-10,-1.530660e-11,1.418359e-08,0.0000,99.4544,0.5456,1.505166e+02
49300,1.809742e-06,2.118308e+01,1.257351e-11,3.436712e-04,0.000000e+00,3.443365e-04,3.438639e-04,0.000000e+00,1.419322e-08,-6.528152e-10,2.113992e-10,-5.145163e-12,-6.753987e-10,-1.528434e-11,1.419837e-08,0.0000,99.4560,0.5440,1.505299e+02
49400,1.813413e-06,2.124904e+01,1.261266e-11,3.432479e-04,0.000000e+00,3.417359e-04,3.325829e-04,0.000000e+00,1.408974e-08,-6.553604e-10,2.248706e-10,-5.434978e-12,-6.740997e-10,-1.542651e-11,1.409517e-08,0.0000,99.4563,0.5437,1.506170e+02
49500,1.817084e-06,2.133650e+01,1.266458e-11,3.412823e-04,0.000000e+00,3.432781e-04,3.271401e-04,0.000000e+00,1.415198e-08,-6.510308e-10,2.044399e-10,-5.556679e-12,-6.742678e-10,-1.534499e-11,1.415754e-08,0.0000,99.4588,0.5412,1.505763e+02
49600,1.820755e-06,2.142632e+01,1.271789e-11,3.398308e-04,0.000000e+00,3.433991e-04,3.253075e-04,0.000000e+00,1.415581e-08,-6.605852e-10,2.349098e-10,-5.651217e-12,-6.733951e-10,-1.532715e-11,1.416146e-08,0.0000,99.4622,0.5378,1.505605e+02
49700,1.824426e-06,2.157790e+01,1.280787e-11,3.433688e-04,0.000000e+00,3.401635e-04,3.188582e-04,0.000000e+00,1.401598e-08,-6.451042e-10,2.262137e-10,-5.675198e-12,-6.724591e-10,-1.531494e-11,1.402166e-08,0.0000,99.4614,0.5386,1.504208e+02
49800,1.828097e-06,2.173220e+01,1.289945e-11,3.421593e-04,0.000000e+00,3.432479e-04,3.172092e-04,0.000000e+00,1.414894e-08,-6.627670e-10,2.124228e-10,-5.598398e-12,-6.729904e-10,-1.529371e-11,1.415454e-08,0.0000,99.4632,0.5368,1.505581e+02
49900,1.831767e-06,2.190067e+01,1.299945e-11,3.440341e-04,0.000000e+00,3.408590e-04,3.167933e-04,0.000000e+00,1.404752e-08,-6.535953e-10,2.295508e-10,-5.746522e-12,-6.739623e-10,-1.551845e-11,1.405327e-08,0.0000,99.4624,0.5376,1.504873e+02
50000,1.835438e-06,2.206566e+01,1.309738e-11,3.407985e-04,0.000000e+00,3.427338e-04,3.141210e-04,0.000000e+00,1.411280e-08,-6.511971e-10,2.036369e-10,-5.899647e-12,-6.741949e-10,-1.570059e-11,1.411870e-08,0.0000,99.4648,0.5352,1.502306e+02
50100,1.839109e-06,2.222068e+01,1.318940e-11,3.421290e-04,0.000000e+00,3.413428e-04,3.170628e-04,0.000000e+00,1.404108e-08,-6.623806e-10,2.212213e-10,-6.047504e-12,-6.730494e-10,-1.579132e-11,1.404713e-08,0.0000,99.4654,0.5346,1.499330e+02
50200,1.842780e-06,2.237458e+01,1.328075e-11,3.436410e-04,0.000000e+00,3.433991e-04,3.187559e-04,0.000000e+00,1.412411e-08,-6.621752e-10,2.091116e-10,-6.023220e-12,-6.731187e-10,-1.580289e-11,1.413014e-08,0.0000,99.4665,0.5335,1.498996e+02
50300,1.846451e-06,2.248879e+01,1.334854e-11,3.403751e-04,0.000000e+00,3.416452e-04,3.219084e-04,0.000000e+00,1.405238e-08,-6.655103e-10,2.010931e-10,-6.203942e-12,-6.734117e-10,-1.603053e-11,1.405858e-08,0.0000,99.4684,0.5316,1.499172e+02
50400,1.850122e-06,2.258663e+01,1.340661e-11,3.423709e-04,0.000000e+00,3.429757e-04,3.265506e-04,0.000000e+00,1.411138e-08,-6.657018e-10,2.065955e-10,-6.067526e-12,-6.722847e-10,-1.601003e-11,1.411745e-08,0.0000,99.4699,0.5301,1.500024e+02
50500,1.853793e-06,2.266898e+01,1.345549e-11,3.450622e-04,0.000000e+00,3.393167e-04,3.317463e-04,0.000000e+00,1.394573e-08,-6.664567e-10,2.053650e-10,-5.874572e-12,-6.730535e-10,-1.599846e-11,1.395160e-08,0.0000,99.4675,0.5325,1.496834e+02
50600,1.857464e-06,2.269595e+01,1.347150e-11,3.419778e-04,0.000000e+00,3.424616e-04,3.376176e-04,0.000000e+00,1.407581e-08,-6.692716e-10,1.907550e-10,-5.644755e-12,-6.753167e-10,-1.601874e-11,1.408146e-08,0.0000,99.4689,0.5311,1.497012e+02
50700,1.861134e-06,2.269708e+01,1.347217e-11,3.427943e-04,0.000000e+00,3.431269e-04,3.426116e-04,0.000000e+00,1.409912e-08,-6.749581e-10,1.931445e-10,-5.324038e-12,-6.755574e-10,-1.600713e-11,1.410444e-08,0.0000,99.4703,0.5297,1.496347e+02
50800,1.864805e-06,2.267633e+01,1.345985e-11,3.456973e-04,0.000000e+00,3.410102e-04,3.490524e-04,0.000000e+00,1.400959e-08,-6.602230e-10,1.800639e-10,-4.809553e-12,-6.753332e-10,-1.572879e-11,1.401440e-08,0.0000,99.4685,0.5315,1.495631e+02
50900,1.868476e-06,2.260354e+01,1.341665e-11,3.432479e-04,0.000000e+00,3.437015e-04,3.550167e-04,0.000000e+00,1.411992e-08,-6.752675e-10,1.791899e-10,-4.466788e-12,-6.764099e-10,-1.563468e-11,1.412438e-08,0.0000,99.4699,0.5301,1.495650e+02
51000,1.872147e-06,2.251068e+01,1.336153e-11,3.446389e-04,0.000000e+00,3.446086e-04,3.596543e-04,0.000000e+00,1.414833e-08,-6.573429e-10,2.032360e-10,-4.673232e-12,-6.782345e-10,-1.568955e-11,1.415300e-08,0.0000,99.4710,0.5290,1.493590e+02
51100,1.875818e-06,2.239692e+01,1.329401e-11,3.390144e-04,0.000000e+00,3.444877e-04,3.574085e-04,0.000000e+00,1.415159e-08,-6.652901e-10,1.820114e-10,-4.695430e-12,-6.763425e-10,-1.570549e-11,1.415629e-08,0.0000,99.4755,0.5245,1.495395e+02
51200,1.879489e-06,2.229328e+01,1.323249e-11,3.428245e-04,0.000000e+00,3.449715e-04,3.595836e-04,0.000000e+00,1.417864e-08,-6.655044e-10,1.890514e-10,-4.791662e-12,-6.735063e-10,-1.564750e-11,1.418343e-08,0.0000,99.4780,0.5220,1.496922e+02
51300,1.883160e-06,2.218542e+01,1.316847e-11,3.434293e-04,0.000000e+00,3.422500e-04,3.608697e-04,0.000000e+00,1.406372e-08,-6.588275e-10,2.074058e-10,-4.698250e-12,-6.731103e-10,-1.562763e-11,1.406842e-08,0.0000,99.4784,0.5216,1.496259e+02
51400,1.886831e-06,2.209068e+01,1.311223e-11,3.418569e-04,0.000000e+00,3.412521e-04,3.571756e-04,0.000000e+00,1.402974e-08,-6.583483e-10,2.078902e-10,-4.590007e-12,-6.751649e-10,-1.564461e-11,1.403433e-08,0.0000,99.4791,0.5209,1.497658e+02
51500,1.890501e-06,2.202267e+01,1.307187e-11,3.425524e-04,0.000000e+00,3.433386e-04,3.535484e-04,0.000000e+00,1.411861e-08,-6.650041e-10,1.978947e-10,-4.844580e-12,-6.757117e-10,-1.568344e-11,1.412345e-08,0.0000,99.4807,0.5193,1.498499e+02
51600,1.894172e-06,2.197916e+01,1.304604e-11,3.415242e-04,0.000000e+00,3.424314e-04,3.485599e-04,0.000000e+00,1.408482e-08,-6.564030e-10,1.981963e-10,-4.480341e-12,-6.736284e-10,-1.548838e-11,1.408930e-08,0.0000,99.4823,0.5177,1.499090e+02
51700,1.897843e-06,2.195587e+01,1.303221e-11,3.423407e-04,0.000000e+00,3.435503e-04,3.461068e-04,0.000000e+00,1.413369e-08,-6.625578e-10,2.047022e-10,-4.513633e-12,-6.739143e-10,-1.542719e-11,1.413820e-08,0.0000,99.4842,0.5158,1.499648e+02
51800,1.901514e-06,2.193645e+01,1.302069e-11,3.397401e-04,0.000000e+00,3.411009e-04,3.428797e-04,0.000000e+00,1.404003e-08,-6.522923e-10,2.083680e-10,-4.271962e-12,-6.716375e-10,-1.542321e-11,1.404430e-08,0.0000,99.4861,0.5139,1.501133e+02
51900,1.905185e-06,2.197939e+01,1.304618e-11,3.442760e-04,0.000000e+00,3.416149e-04,3.373327e-04,0.000000e+00,1.404879e-08,-6.538216e-10,2.237740e-10,-4.515165e-12,-6.730280e-10,-1.552437e-11,1.405331e-08,0.0000,99.4855,0.5145,1.498636e+02
52000,1.908856e-06,2.200745e+01,1.306283e-11,3.399518e-04,0.000000e+00,3.405566e-04,3.354154e-04,0.000000e+00,1.400802e-08,-6.565483e-10,2.067020e-10,-4.549000e-12,-6.722840e-10,-1.538419e-11,1.401257e-08,0.0000,99.4870,0.5130,1.499225e+02
52100,1.912527e-06,2.208546e+01,1.310913e-11,3.420383e-04,0.000000e+00,3.420081e-04,3.294247e-04,0.000000e+00,1.407406e-08,-6.583431e-10,2.151146e-10,-4.544146e-12,-6.727454e-10,-1.546727e-11,1.407861e-08,0.0000,99.4880,0.5120,1.500552e+02
52200,1.916198e-06,2.217826e+01,1.316421e-11,3.437317e-04,0.000000e+00,3.413126e-04,3.287268e-04,0.000000e+00,1.404075e-08,-6.483750e-10,2.251060e-10,-4.187281e-12,-6.731234e-10,-1.544608e-11,1.404494e-08,0.0000,99.4876,0.5124,1.499424e+02
52300,1.919869e-06,2.227595e+01,1.322220e-11,3.424616e-04,0.000000e+00,3.427036e-04,3.266655e-04,0.000000e+00,1.410095e-08,-6.605343e-10,1.983807e-10,-4.313643e-12,-6.750554e-10,-1.541836e-11,1.410527e-08,0.0000,99.4888,0.5112,1.500216e+02
52400,1.923539e-06,2.236938e+01,1.327766e-11,3.400123e-04,0.000000e+00,3.430967e-04,3.249043e-04,0.000000e+00,1.410627e-08,-6.569521e-10,2.297137e-10,-4.388065e-12,-6.732976e-10,-1.559817e-11,1.411066e-08,0.0000,99.4917,0.5083,1.497887e+02
52500,1.927210e-06,2.248012e+01,1.334339e-11,3.420081e-04,0.000000e+00,3.430664e-04,3.241023e-04,0.000000e+00,1.410413e-08,-6.579682e-10,2.132507e-10,-4.338238e-12,-6.716705e-10,-1.577008e-11,1.410846e-08,0.0000,99.4934,0.5066,1.497694e+02
52600,1.930881e-06,2.260547e+01,1.341779e-11,3.445482e-04,0.000000e+00,3.410706e-04,3.242793e-04,0.000000e+00,1.403139e-08,-6.640688e-10,1.999758e-10,-4.236555e-12,-6.720450e-10,-1.558717e-11,1.403562e-08,0.0000,99.4924,0.5076,1.499775e+02
52700,1.934552e-06,2.269205e+01,1.346919e-11,3.407380e-04,0.000000e+00,3.395284e-04,3.267380e-04,0.000000e+00,1.395811e-08,-6.579662e-10,1.959981e-10,-4.383454e-12,-6.739653e-10,-1.551038e-11,1.396249e-08,0.0000,99.4927,0.5073,1.497545e+02
52800,1.938223e-06,2.278152e+01,1.352229e-11,3.423105e-04,0.000000e+00,3.443365e-04,3.278441e-04,0.000000e+00,1.414658e-08,-6.601424e-10,2.056255e-10,-4.515870e-12,-6.742396e-10,-1.554691e-11,1.415109e-08,0.0000,99.4950,0.5050,1.495574e+02
52900,1.941894e-06,2.286451e+01,1.357155e-11,3.434596e-04,0.000000e+00,3.404961e-04,3.300408e-04,0.000000e+00,1.398745e-08,-6.576369e-10,1.994904e-10,-4.571170e-12,-6.730644e-10,-1.559594e-11,1.399202e-08,0.0000,99.4942,0.5058,1.495297e+02
53000,1.945565e-06,2.288646e+01,1.358458e-11,3.398611e-04,0.000000e+00,3.426128e-04,3.363109e-04,0.000000e+00,1.407448e-08,-6.581956e-10,1.924951e-10,-4.724814e-12,-6.737181e-10,-1.579606e-11,1.407920e-08,0.0000,99.4969,0.5031,1.495322e+02
53100,1.949236e-06,2.292343e+01,1.360652e-11,3.438224e-04,0.000000e+00,3.421290e-04,3.378453e-04,0.000000e+00,1.405031e-08,-6.606246e-10,1.974245e-10,-4.789616e-12,-6.747400e-10,-1.586080e-11,1.405510e-08,0.0000,99.4969,0.5031,1.494492e+02
53200,1.952906e-06,2.294704e+01,1.362054e-11,3.441551e-04,0.000000e+00,3.406775e-04,3.403369e-04,0.000000e+00,1.398490e-08,-6.670225e-10,1.937403e-10,-4.484847e-12,-6.754176e-10,-1.584053e-11,1.398939e-08,0.0000,99.4959,0.5041,1.493359e+02
53300,1.956577e-06,2.293444e+01,1.361306e-11,3.424919e-04,0.000000e+00,3.445179e-04,3.445295e-04,0.000000e+00,1.414740e-08,-6.671852e-10,2.000208e-10,-4.211362e-12,-6.776491e-10,-1.583279e-11,1.415161e-08,0.0000,99.4981,0.5019,1.494332e+02
53400,1.960248e-06,2.291371e+01,1.360075e-11,3.420081e-04,0.000000e+00,3.418871e-04,3.453598e-04,0.000000e+00,1.403646e-08,-6.598037e-10,1.972645e-10,-4.004555e-12,-6.767006e-10,-1.586371e-11,1.404046e-08,0.0000,99.4991,0.5009,1.493635e+02
53500,1.963919e-06,2.286184e+01,1.356996e-11,3.391353e-04,0.000000e+00,3.444272e-04,3.475229e-04,0.000000e+00,1.413445e-08,-6.709266e-10,2.068455e-10,-3.921161e-12,-6.735256e-10,-1.577533e-11,1.413838e-08,0.0000,99.5032,0.4968,1.492452e+02
53600,1.967590e-06,2.280610e+01,1.353688e-11,3.386515e-04,0.000000e+00,3.417964e-04,3.476638e-04,0.000000e+00,1.402735e-08,-6.630302e-10,1.862892e-10,-3.515501e-12,-6.695890e-10,-1.565875e-11,1.403086e-08,0.0000,99.5060,0.4940,1.492529e+02
53700,1.971261e-06,2.275646e+01,1.350742e-11,3.433991e-04,0.000000e+00,3.405566e-04,3.514256e-04,0.000000e+00,1.397137e-08,-6.532117e-10,1.891398e-10,-3.370263e-12,-6.694246e-10,-1.550495e-11,1.397474e-08,0.0000,99.5054,0.4946,1.491441e+02
53800,1.974932e-06,2.271308e+01,1.348167e-11,3.433386e-04,0.000000e+00,3.388934e-04,3.503533e-04,0.000000e+00,1.391596e-08,-6.547251e-10,2.050152e-10,-3.358085e-12,-6.723508e-10,-1.547583e-11,1.391932e-08,0.0000,99.5037,0.4963,1.494114e+02
53900,1.978603e-06,2.268473e+01,1.346484e-11,3.434293e-04,0.000000e+00,3.395587e-04,3.480137e-04,0.000000e+00,1.394766e-08,-6.540351e-10,2.167057e-10,-3.618065e-12,-6.763249e-10,-1.555455e-11,1.395128e-08,0.0000,99.5025,0.4975,1.495025e+02
54000,1.982273e-06,2.264659e+01,1.344220e-11,3.411009e-04,0.000000e+00,3.438829e-04,3.472676e-04,0.000000e+00,1.412529e-08,-6.586629e-10,2.064169e-10,-3.802965e-12,-6.762242e-10,-1.559577e-11,1.412909e-08,0.0000,99.5051,0.4949,1.495071e+02
54100,1.985944e-06,2.263834e+01,1.343730e-11,3.431269e-04,0.000000e+00,3.450320e-04,3.444612e-04,0.000000e+00,1.418214e-08,-6.683547e-10,2.119100e-10,-3.687130e-12,-6.739641e-10,-1.552330e-11,1.418583e-08,0.0000,99.5072,0.4928,1.497132e+02
54200,1.989615e-06,2.261733e+01,1.342483e-11,3.414940e-04,0.000000e+00,3.418871e-04,3.448915e-04,0.000000e+00,1.404773e-08,-6.543061e-10,2.116779e-10,-3.875031e-12,-6.747711e-10,-1.545197e-11,1.405161e-08,0.0000,99.5084,0.4916,1.495896e+02
54300,1.993286e-06,2.261274e+01,1.342211e-11,3.425524e-04,0.000000e+00,3.433084e-04,3.432942e-04,0.000000e+00,1.410109e-08,-6.577957e-10,2.248207e-10,-3.923364e-12,-6.734976e-10,-1.552441e-11,1.410502e-08,0.0000,99.5098,0.4902,1.494904e+02
54400,1.996957e-06,2.263218e+01,1.343365e-11,3.411916e-04,0.000000e+00,3.419476e-04,3.380475e-04,0.000000e+00,1.404083e-08,-6.571404e-10,2.093488e-10,-3.958875e-12,-6.733647e-10,-1.554527e-11,1.404479e-08,0.0000,99.5112,0.4888,1.494045e+02
54500,2.000628e-06,2.266456e+01,1.345287e-11,3.426733e-04,0.000000e+00,3.402239e-04,3.374378e-04,0.000000e+00,1.396811e-08,-6.513686e-10,2.080275e-10,-4.094490e-12,-6.730571e-10,-1.559861e-11,1.397220e-08,0.0000,99.5108,0.4892,1.493594e+02
54600,2.004299e-06,2.271134e+01,1.348064e-11,3.436410e-04,0.000000e+00,3.433991e-04,3.360765e-04,0.000000e+00,1.411271e-08,-6.652305e-10,2.005107e-10,-4.161046e-12,-6.743259e-10,-1.570419e-11,1.411687e-08,0.0000,99.5116,0.4884,1.496665e+02
54700,2.007970e-06,2.275875e+01,1.350877e-11,3.438224e-04,0.000000e+00,3.417964e-04,3.361576e-04,0.000000e+00,1.404838e-08,-6.578108e-10,2.139684e-10,-4.193171e-12,-6.754066e-10,-1.569661e-11,1.405257e-08,0.0000,99.5114,0.4886,1.496924e+02
54800,2.011640e-06,2.280029e+01,1.353343e-11,3.386515e-04,0.000000e+00,3.427640e-04,3.319334e-04,0.000000e+00,1.408104e-08,-6.646367e-10,2.240516e-10,-4.247224e-12,-6.754907e-10,-1.565767e-11,1.408529e-08,0.0000,99.5148,0.4852,1.495493e+02
54900,2.015311e-06,2.285638e+01,1.356672e-11,3.401332e-04,0.000000e+00,3.428850e-04,3.310644e-04,0.000000e+00,1.407765e-08,-6.603623e-10,2.095610e-10,-4.004213e-12,-6.722346e-10,-1.554769e-11,1.408165e-08,0.0000,99.5173,0.4827,1.493710e+02
55000,2.018982e-06,2.292851e+01,1.360954e-11,3.430967e-04,0.000000e+00,3.433386e-04,3.314333e-04,0.000000e+00,1.410247e-08,-6.585436e-10,2.174935e-10,-4.093930e-12,-6.698191e-10,-1.550483e-11,1.410657e-08,0.0000,99.5184,0.4816,1.494916e+02
55100,2.022653e-06,2.297899e+01,1.363950e-11,3.411614e-04,0.000000e+00,3.388934e-04,3.329997e-04,0.000000e+00,1.392604e-08,-6.561876e-10,2.085244e-10,-4.337070e-12,-6.717723e-10,-1.567762e-11,1.393038e-08,0.0000,99.5180,0.4820,1.496256e+02
55200,2.026324e-06,2.301970e+01,1.366366e-11,3.400727e-04,0.000000e+00,3.391655e-04,3.334902e-04,0.000000e+00,1.392754e-08,-6.530955e-10,2.105180e-10,-4.413235e-12,-6.723639e-10,-1.586935e-11,1.393196e-08,0.0000,99.5184,0.4816,1.494283e+02
55300,2.029995e-06,2.307171e+01,1.369454e-11,3.418871e-04,0.000000e+00,3.428850e-04,3.334770e-04,0.000000e+00,1.406668e-08,-6.679971e-10,2.023872e-10,-4.376849e-12,-6.719664e-10,-1.574957e-11,1.407106e-08,0.0000,99.5199,0.4801,1.491479e+02
55400,2.033666e-06,2.310879e+01,1.371655e-11,3.404961e-04,0.000000e+00,3.413428e-04,3.344993e-04,0.000000e+00,1.400533e-08,-6.639339e-10,2.227951e-10,-4.455968e-12,-6.725693e-10,-1.561997e-11,1.400978e-08,0.0000,99.5214,0.4786,1.491807e+02
55500,2.037337e-06,2.313372e+01,1.373135e-11,3.394679e-04,0.000000e+00,3.398913e-04,3.354373e-04,0.000000e+00,1.395393e-08,-6.557003e-10,2.100871e-10,-4.691046e-12,-6.716032e-10,-1.565966e-11,1.395862e-08,0.0000,99.5225,0.4775,1.493493e+02
55600,2.041007e-06,2.318270e+01,1.376041e-11,3.434596e-04,0.000000e+00,3.416149e-04,3.355406e-04,0.000000e+00,1.401619e-08,-6.587194e-10,1.902318e-10,-4.621560e-12,-6.721906e-10,-1.569307e-11,1.402081e-08,0.0000,99.5224,0.4776,1.491714e+02
55700,2.044678e-06,2.318722e+01,1.376310e-11,3.404961e-04,0.000000e+00,3.398913e-04,3.397645e-04,0.000000e+00,1.394758e-08,-6.600392e-10,2.047081e-10,-4.475567e-12,-6.722058e-10,-1.565313e-11,1.395205e-08,0.0000,99.5230,0.4770,1.492126e+02
55800,2.048349e-06,2.319008e+01,1.376480e-11,3.397099e-04,0.000000e+00,3.405566e-04,3.392472e-04,0.000000e+00,1.397584e-08,-6.594874e-10,2.056837e-10,-4.615647e-12,-6.726403e-10,-1.575012e-11,1.398046e-08,0.0000,99.5244,0.4756,1.492370e+02
55900,2.052020e-06,2.318614e+01,1.376246e-11,3.404054e-04,0.000000e+00,3.416754e-04,3.410424e-04,0.000000e+00,1.401830e-08,-6.571778e-10,2.013953e-10,-4.678999e-12,-6.700031e-10,-1.573801e-11,1.402298e-08,0.0000,99.5260,0.4740,1.491676e+02
56000,2.055691e-06,2.321003e+01,1.377664e-11,3.427338e-04,0.000000e+00,3.409799e-04,3.388708e-04,0.000000e+00,1.398345e-08,-6.605794e-10,2.168855e-10,-4.652986e-12,-6.706068e-10,-1.568189e-11,1.398810e-08,0.0000,99.5259,0.4741,1.490385e+02
56100,2.059362e-06,2.318716e+01,1.376307e-11,3.399215e-04,0.000000e+00,3.392563e-04,3.436196e-04,0.000000e+00,1.391930e-08,-6.580786e-10,2.075541e-10,-4.845192e-12,-6.724518e-10,-1.563071e-11,1.392415e-08,0.0000,99.5265,0.4735,1.491628e+02
56200,2.063033e-06,2.318692e+01,1.376292e-11,3.431874e-04,0.000000e+00,3.419778e-04,3.432274e-04,0.000000e+00,1.403678e-08,-6.580467e-10,2.087699e-10,-4.792651e-12,-6.734603e-10,-1.565801e-11,1.404158e-08,0.0000,99.5267,0.4733,1.492910e+02
56300,2.066704e-06,2.319734e+01,1.376911e-11,3.431874e-04,0.000000e+00,3.407380e-04,3.415017e-04,0.000000e+00,1.397793e-08,-6.585544e-10,2.146547e-10,-4.693449e-12,-6.736696e-10,-1.566004e-11,1.398263e-08,0.0000,99.5262,0.4738,1.491322e+02
56400,2.070374e-06,2.320377e+01,1.377293e-11,3.428245e-04,0.000000e+00,3.430664e-04,3.417844e-04,0.000000e+00,1.407454e-08,-6.631106e-10,2.159779e-10,-4.555485e-12,-6.746533e-10,-1.557065e-11,1.407909e-08,0.0000,99.5273,0.4727,1.491435e+02
56500,2.074045e-06,2.321084e+01,1.377712e-11,3.454554e-04,0.000000e+00,3.428548e-04,3.443129e-04,0.000000e+00,1.405803e-08,-6.594387e-10,2.148387e-10,-4.583645e-12,-6.759369e-10,-1.558542e-11,1.406262e-08,0.0000,99.5267,0.4733,1.489860e+02
56600,2.077716e-06,2.321980e+01,1.378244e-11,3.430664e-04,0.000000e+00,3.427943e-04,3.416176e-04,0.000000e+00,1.406330e-08,-6.554812e-10,2.097988e-10,-4.629651e-12,-6.763768e-10,-1.577855e-11,1.406793e-08,0.0000,99.5275,0.4725,1.491472e+02
56700,2.081387e-06,2.323556e+01,1.379179e-11,3.433688e-04,0.000000e+00,3.453949e-04,3.408200e-04,0.000000e+00,1.416263e-08,-6.691883e-10,2.189907e-10,-4.659893e-12,-6.766044e-10,-1.591458e-11,1.416729e-08,0.0000,99.5295,0.4705,1.489988e+02
56800,2.085058e-06,2.324932e+01,1.379996e-11,3.420383e-04,0.000000e+00,3.413126e-04,3.398140e-04,0.000000e+00,1.400331e-08,-6.568836e-10,2.249088e-10,-4.638959e-12,-6.747974e-10,-1.581505e-11,1.400795e-08,0.0000,99.5300,0.4700,1.491639e+02
56900,2.088729e-06,2.328062e+01,1.381854e-11,3.443063e-04,0.000000e+00,3.440946e-04,3.392445e-04,0.000000e+00,1.411100e-08,-6.690656e-10,2.092425e-10,-4.766671e-12,-6.753193e-10,-1.581549e-11,1.411576e-08,0.0000,99.5308,0.4692,1.490410e+02
57000,2.092400e-06,2.331942e+01,1.384157e-11,3.446086e-04,0.000000e+00,3.442155e-04,3.383360e-04,0.000000e+00,1.411536e-08,-6.636176e-10,1.968109e-10,-4.630163e-12,-6.759868e-10,-1.570917e-11,1.411999e-08,0.0000,99.5315,0.4685,1.490157e+02
57100,2.096071e-06,2.336386e+01,1.386794e-11,3.442458e-04,0.000000e+00,3.425826e-04,3.370600e-04,0.000000e+00,1.404667e-08,-6.607182e-10,2.063614e-10,-4.578976e-12,-6.775443e-10,-1.573969e-11,1.405125e-08,0.0000,99.5314,0.4686,1.489725e+02
57200,2.099741e-06,2.337664e+01,1.387553e-11,3.416452e-04,0.000000e+00,3.460299e-04,3.395777e-04,0.000000e+00,1.419101e-08,-6.688274e-10,1.967415e-10,-4.396343e-12,-6.773634e-10,-1.571558e-11,1.419541e-08,0.0000,99.5347,0.4653,1.490466e+02
57300,2.103412e-06,2.342362e+01,1.390342e-11,3.449110e-04,0.000000e+00,3.427640e-04,3.373144e-04,0.000000e+00,1.406156e-08,-6.603523e-10,2.141052e-10,-4.257712e-12,-6.757562e-10,-1.567229e-11,1.406582e-08,0.0000,99.5344,0.4656,1.491355e+02
57400,2.107083e-06,2.344897e+01,1.391847e-11,3.423105e-04,0.000000e+00,3.428245e-04,3.382119e-04,0.000000e+00,1.405460e-08,-6.584706e-10,2.167369e-10,-4.190457e-12,-6.752992e-10,-1.578246e-11,1.405879e-08,0.0000,99.5356,0.4644,1.489333e+02
57500,2.110754e-06,2.348390e+01,1.393920e-11,3.441853e-04,0.000000e+00,3.435503e-04,3.385374e-04,0.000000e+00,1.408417e-08,-6.625728e-10,1.990160e-10,-4.221971e-12,-6.758274e-10,-1.589263e-11,1.408839e-08,0.0000,99.5361,0.4639,1.489397e+02
57600,2.114425e-06,2.352058e+01,1.396097e-11,3.436410e-04,0.000000e+00,3.431572e-04,3.377105e-04,0.000000e+00,1.406981e-08,-6.673264e-10,2.107139e-10,-4.027854e-12,-6.757538e-10,-1.590513e-11,1.407384e-08,0.0000,99.5367,0.4633,1.489714e+02
57700,2.118096e-06,2.354929e+01,1.397801e-11,3.420988e-04,0.000000e+00,3.431874e-04,3.374561e-04,0.000000e+00,1.406143e-08,-6.656741e-10,2.124774e-10,-3.817897e-12,-6.772931e-10,-1.587475e-11,1.406524e-08,0.0000,99.5382,0.4618,1.487707e+02
57800,2.121767e-06,2.357397e+01,1.399266e-11,3.414335e-04,0.000000e+00,3.424012e-04,3.374432e-04,0.000000e+00,1.403865e-08,-6.660042e-10,2.156199e-10,-3.841010e-12,-6.756393e-10,-1.569707e-11,1.404249e-08,0.0000,99.5396,0.4604,1.489662e+02
57900,2.125438e-06,2.360310e+01,1.400995e-11,3.436410e-04,0.000000e+00,3.449413e-04,3.389298e-04,0.000000e+00,1.413338e-08,-6.646728e-10,2.167234e-10,-3.887118e-12,-6.744782e-10,-1.566591e-11,1.413727e-08,0.0000,99.5411,0.4589,1.487645e+02
58000,2.129108e-06,2.359902e+01,1.400753e-11,3.395284e-04,0.000000e+00,3.406473e-04,3.401883e-04,0.000000e+00,1.396733e-08,-6.541234e-10,2.194018e-10,-3.739556e-12,-6.735174e-10,-1.556494e-11,1.397107e-08,0.0000,99.5426,0.4574,1.489701e+02
58100,2.132779e-06,2.360912e+01,1.401352e-11,3.425221e-04,0.000000e+00,3.418266e-04,3.408897e-04,0.000000e+00,1.400514e-08,-6.620250e-10,2.130483e-10,-3.440541e-12,-6.736165e-10,-1.556004e-11,1.400858e-08,0.0000,99.5431,0.4569,1.487642e+02
58200,2.136450e-06,2.361642e+01,1.401786e-11,3.411614e-04,0.000000e+00,3.426431e-04,3.399806e-04,0.000000e+00,1.403688e-08,-6.570523e-10,2.195411e-10,-3.297420e-12,-6.725224e-10,-1.546149e-11,1.404017e-08,0.0000,99.5447,0.4553,1.487214e+02
58300,2.140121e-06,2.360960e+01,1.401381e-11,3.415242e-04,0.000000e+00,3.419778e-04,3.426266e-04,0.000000e+00,1.401528e-08,-6.514687e-10,2.149186e-10,-3.284141e-12,-6.728848e-10,-1.542799e-11,1.401857e-08,0.0000,99.5458,0.4542,1.488412e+02
58400,2.143792e-06,2.360706e+01,1.401230e-11,3.420988e-04,0.000000e+00,3.401635e-04,3.425103e-04,0.000000e+00,1.393634e-08,-6.583363e-10,2.139050e-10,-3.506858e-12,-6.724511e-10,-1.545483e-11,1.393985e-08,0.0000,99.5456,0.4544,1.487404e+02
58500,2.147463e-06,2.360366e+01,1.401028e-11,3.417661e-04,0.000000e+00,3.432479e-04,3.423153e-04,0.000000e+00,1.407029e-08,-6.562897e-10,1.939491e-10,-3.738620e-12,-6.726024e-10,-1.564261e-11,1.407403e-08,0.0000,99.5472,0.4528,1.488984e+02
58600,2.151134e-06,2.362914e+01,1.402541e-11,3.442155e-04,0.000000e+00,3.409194e-04,3.400955e-04,0.000000e+00,1.397892e-08,-6.572031e-10,1.929592e-10,-3.926840e-12,-6.727644e-10,-1.570818e-11,1.398284e-08,0.0000,99.5463,0.4537,1.489921e+02
58700,2.154805e-06,2.362067e+01,1.402038e-11,3.399518e-04,0.000000e+00,3.434596e-04,3.413224e-04,0.000000e+00,1.407445e-08,-6.634786e-10,2.169508e-10,-4.159444e-12,-6.731496e-10,-1.585157e-11,1.407861e-08,0.0000,99.5490,0.4510,1.488106e+02
58800,2.158475e-06,2.362630e+01,1.402372e-11,3.421593e-04,0.000000e+00,3.403449e-04,3.412488e-04,0.000000e+00,1.393944e-08,-6.571040e-10,2.153202e-10,-4.074979e-12,-6.725578e-10,-1.588906e-11,1.394351e-08,0.0000,99.5488,0.4512,1.486437e+02
58900,2.162146e-06,2.361652e+01,1.401792e-11,3.401030e-04,0.000000e+00,3.420081e-04,3.416833e-04,0.000000e+00,1.400034e-08,-6.618851e-10,2.173828e-10,-3.974016e-12,-6.714369e-10,-1.582934e-11,1.400432e-08,0.0000,99.5507,0.4493,1.484972e+02
59000,2.165817e-06,2.360837e+01,1.401308e-11,3.388632e-04,0.000000e+00,3.422197e-04,3.401808e-04,0.000000e+00,1.402861e-08,-6.626317e-10,2.240505e-10,-3.887738e-12,-6.696665e-10,-1.582352e-11,1.403250e-08,0.0000,99.5533,0.4467,1.489253e+02
59100,2.169488e-06,2.360280e+01,1.400978e-11,3.403449e-04,0.000000e+00,3.411311e-04,3.412455e-04,0.000000e+00,1.397009e-08,-6.610046e-10,2.120927e-10,-3.881739e-12,-6.680363e-10,-1.576153e-11,1.397397e-08,0.0000,99.5545,0.4455,1.486198e+02
59200,2.173159e-06,2.363699e+01,1.403007e-11,3.440341e-04,0.000000e+00,3.390748e-04,3.385065e-04,0.000000e+00,1.389520e-08,-6.571085e-10,2.081381e-10,-3.894823e-12,-6.686495e-10,-1.578590e-11,1.389910e-08,0.0000,99.5527,0.4473,1.488224e+02
59300,2.176830e-06,2.365333e+01,1.403977e-11,3.418266e-04,0.000000e+00,3.395889e-04,3.391840e-04,0.000000e+00,1.391126e-08,-6.594376e-10,1.971944e-10,-4.059533e-12,-6.724219e-10,-1.600447e-11,1.391532e-08,0.0000,99.5523,0.4477,1.487043e+02
59400,2.180501e-06,2.368491e+01,1.405851e-11,3.432781e-04,0.000000e+00,3.420988e-04,3.381719e-04,0.000000e+00,1.402628e-08,-6.658859e-10,2.015379e-10,-4.146540e-12,-6.738740e-10,-1.604273e-11,1.403042e-08,0.0000,99.5525,0.4475,1.489764e+02
59500,2.184172e-06,2.371462e+01,1.407614e-11,3.427943e-04,0.000000e+00,3.425524e-04,3.379909e-04,0.000000e+00,1.404044e-08,-6.675238e-10,2.063857e-10,-3.982616e-12,-6.732046e-10,-1.590228e-11,1.404442e-08,0.0000,99.5532,0.4468,1.488805e+02
59600,2.187843e-06,2.375366e+01,1.409932e-11,3.430664e-04,0.000000e+00,3.417057e-04,3.367537e-04,0.000000e+00,1.399589e-08,-6.654388e-10,2.154094e-10,-3.953031e-12,-6.755439e-10,-1.581863e-11,1.399985e-08,0.0000,99.5533,0.4467,1.486782e+02
59700,2.191513e-06,2.378391e+01,1.411727e-11,3.429455e-04,0.000000e+00,3.432176e-04,3.380544e-04,0.000000e+00,1.405601e-08,-6.669913e-10,2.031898e-10,-3.898137e-12,-6.752330e-10,-1.579966e-11,1.405990e-08,0.0000,99.5542,0.4458,1.486442e+02
59800,2.195184e-06,2.381846e+01,1.413778e-11,3.429757e-04,0.000000e+00,3.443063e-04,3.373891e-04,0.000000e+00,1.410278e-08,-6.624170e-10,1.992641e-10,-3.956417e-12,-6.749413e-10,-1.566663e-11,1.410673e-08,0.0000,99.5557,0.4443,1.486793e+02
59900,2.198855e-06,2.384608e+01,1.415417e-11,3.437317e-04,0.000000e+00,3.425524e-04,3.392657e-04,0.000000e+00,1.402911e-08,-6.620561e-10,2.042761e-10,-3.930076e-12,-6.743981e-10,-1.564519e-11,1.403304e-08,0.0000,99.5559,0.4441,1.486392e+02
60000,2.202526e-06,2.389134e+01,1.418104e-11,3.453646e-04,0.000000e+00,3.440039e-04,3.380454e-04,0.000000e+00,1.408949e-08,-6.617601e-10,2.029345e-10,-4.006210e-12,-6.762092e-10,-1.585948e-11,1.409350e-08,0.0000,99.5560,0.4440,1.486563e+02
60100,2.206197e-06,2.392049e+01,1.419834e-11,3.412521e-04,0.000000e+00,3.406775e-04,3.365394e-04,0.000000e+00,1.395273e-08,-6.587986e-10,1.974970e-10,-4.026230e-12,-6.768640e-10,-1.594327e-11,1.395676e-08,0.0000,99.5565,0.4435,1.486454e+02
60200,2.209868e-06,2.397553e+01,1.423101e-11,3.441551e-04,0.000000e+00,3.456973e-04,3.352554e-04,0.000000e+00,1.415115e-08,-6.751072e-10,2.281291e-10,-3.898040e-12,-6.754983e-10,-1.583650e-11,1.415504e-08,0.0000,99.5581,0.4419,1.485135e+02
60300,2.213539e-06,2.399595e+01,1.424313e-11,3.410706e-04,0.000000e+00,3.429455e-04,3.377680e-04,0.000000e+00,1.403908e-08,-6.614438e-10,1.876979e-10,-3.701740e-12,-6.734295e-10,-1.572082e-11,1.404278e-08,0.0000,99.5598,0.4402,1.485091e+02
60400,2.217210e-06,2.401985e+01,1.425732e-11,3.426431e-04,0.000000e+00,3.432479e-04,3.387793e-04,0.000000e+00,1.405106e-08,-6.633065e-10,2.178462e-10,-3.649329e-12,-6.734757e-10,-1.575396e-11,1.405471e-08,0.0000,99.5609,0.4391,1.485079e+02
60500,2.220880e-06,2.403973e+01,1.426912e-11,3.437619e-04,0.000000e+00,3.418871e-04,3.405477e-04,0.000000e+00,1.399349e-08,-6.576608e-10,1.976059e-10,-3.590256e-12,-6.728754e-10,-1.567589e-11,1.399708e-08,0.0000,99.5607,0.4393,1.484678e+02
60600,2.224551e-06,2.407210e+01,1.428833e-11,3.441551e-04,0.000000e+00,3.419173e-04,3.389200e-04,0.000000e+00,1.399034e-08,-6.604997e-10,2.171303e-10,-3.388068e-12,-6.753785e-10,-1.568533e-11,1.399373e-08,0.0000,99.5604,0.4396,1.483728e+02
60700,2.228222e-06,2.408882e+01,1.429826e-11,3.416452e-04,0.000000e+00,3.444575e-04,3.389427e-04,0.000000e+00,1.410303e-08,-6.652011e-10,2.208241e-10,-3.594680e-12,-6.759005e-10,-1.571391e-11,1.410663e-08,0.0000,99.5626,0.4374,1.485492e+02
60800,2.231893e-06,2.409576e+01,1.430238e-11,3.418569e-04,0.000000e+00,3.422197e-04,3.407340e-04,0.000000e+00,1.400627e-08,-6.569914e-10,1.934514e-10,-3.593937e-12,-6.729777e-10,-1.567380e-11,1.400986e-08,0.0000,99.5635,0.4365,1.484445e+02
60900,2.235564e-06,2.408831e+01,1.429795e-11,3.405566e-04,0.000000e+00,3.440039e-04,3.417619e-04,0.000000e+00,1.407359e-08,-6.597641e-10,2.332273e-10,-3.673272e-12,-6.711989e-10,-1.570641e-11,1.407726e-08,0.0000,99.5661,0.4339,1.483185e+02
61000,2.239235e-06,2.408819e+01,1.429788e-11,3.394377e-04,0.000000e+00,3.409799e-04,3.394566e-04,0.000000e+00,1.395830e-08,-6.559304e-10,2.070398e-10,-3.773774e-12,-6.693844e-10,-1.572251e-11,1.396207e-08,0.0000,99.5676,0.4324,1.484983e+02
61100,2.242906e-06,2.407984e+01,1.429293e-11,3.412218e-04,0.000000e+00,3.417661e-04,3.425722e-04,0.000000e+00,1.398975e-08,-6.634661e-10,2.411148e-10,-3.899638e-12,-6.691433e-10,-1.570549e-11,1.399365e-08,0.0000,99.5687,0.4313,1.484869e+02
61200,2.246577e-06,2.408180e+01,1.429409e-11,3.418871e-04,0.000000e+00,3.401937e-04,3.415702e-04,0.000000e+00,1.392809e-08,-6.537562e-10,1.955128e-10,-3.946468e-12,-6.693081e-10,-1.587073e-11,1.393204e-08,0.0000,99.5686,0.4314,1.485305e+02
61300,2.250247e-06,2.406782e+01,1.428579e-11,3.419476e-04,0.000000e+00,3.387120e-04,3.442072e-04,0.000000e+00,1.386382e-08,-6.564583e-10,2.202134e-10,-3.890682e-12,-6.714496e-10,-1.589969e-11,1.386771e-08,0.0000,99.5677,0.4323,1.484619e+02
61400,2.253918e-06,2.407787e+01,1.429175e-11,3.426431e-04,0.000000e+00,3.423407e-04,3.410193e-04,0.000000e+00,1.401435e-08,-6.707660e-10,2.180123e-10,-3.602850e-12,-6.715940e-10,-1.572520e-11,1.401795e-08,0.0000,99.5683,0.4317,1.485151e+02
61500,2.257589e-06,2.408674e+01,1.429702e-11,3.437015e-04,0.000000e+00,3.423709e-04,3.422661e-04,0.000000e+00,1.401127e-08,-6.607210e-10,2.104279e-10,-3.573606e-12,-6.731218e-10,-1.573153e-11,1.401484e-08,0.0000,99.5683,0.4317,1.484159e+02
61600,2.261260e-06,2.410080e+01,1.430537e-11,3.433084e-04,0.000000e+00,3.415242e-04,3.410360e-04,0.000000e+00,1.397739e-08,-6.583558e-10,2.126960e-10,-3.728635e-12,-6.745576e-10,-1.570505e-11,1.398112e-08,0.0000,99.5682,0.4318,1.484276e+02
61700,2.264931e-06,2.412217e+01,1.431805e-11,3.438224e-04,0.000000e+00,3.447598e-04,3.403667e-04,0.000000e+00,1.411451e-08,-6.684422e-10,2.120055e-10,-3.666922e-12,-6.752215e-10,-1.566251e-11,1.411817e-08,0.0000,99.5694,0.4306,1.485393e+02
61800,2.268602e-06,2.411507e+01,1.431384e-11,3.417964e-04,0.000000e+00,3.414940e-04,3.429447e-04,0.000000e+00,1.398133e-08,-6.553439e-10,2.075246e-10,-3.586101e-12,-6.751133e-10,-1.566282e-11,1.398492e-08,0.0000,99.5700,0.4300,1.485426e+02
61900,2.272273e-06,2.415638e+01,1.433836e-11,3.465137e-04,0.000000e+00,3.453344e-04,3.398333e-04,0.000000e+00,1.412736e-08,-6.679438e-10,2.217131e-10,-3.675031e-12,-6.757313e-10,-1.576602e-11,1.413103e-08,0.0000,99.5702,0.4298,1.483179e+02
62000,2.275944e-06,2.416621e+01,1.434419e-11,3.408892e-04,0.000000e+00,3.435805e-04,3.392999e-04,0.000000e+00,1.405578e-08,-6.593548e-10,2.190230e-10,-3.630128e-12,-6.756153e-10,-1.581766e-11,1.405941e-08,0.0000,99.5723,0.4277,1.483156e+02
62100,2.279614e-06,2.417718e+01,1.435071e-11,3.398308e-04,0.000000e+00,3.419778e-04,3.380566e-04,0.000000e+00,1.399680e-08,-6.639653e-10,2.246820e-10,-3.687189e-12,-6.742879e-10,-1.582539e-11,1.400049e-08,0.0000,99.5741,0.4259,1.484541e+02
62200,2.283285e-06,2.419019e+01,1.435843e-11,3.414940e-04,0.000000e+00,3.442155e-04,3.393901e-04,0.000000e+00,1.408759e-08,-6.653172e-10,2.045633e-10,-3.501715e-12,-6.702692e-10,-1.573511e-11,1.409109e-08,0.0000,99.5762,0.4238,1.484334e+02
62300,2.286956e-06,2.420514e+01,1.436730e-11,3.417964e-04,0.000000e+00,3.411614e-04,3.393795e-04,0.000000e+00,1.396767e-08,-6.588529e-10,2.150481e-10,-3.518832e-12,-6.709099e-10,-1.581172e-11,1.397119e-08,0.0000,99.5766,0.4234,1.485479e+02
62400,2.290627e-06,2.423735e+01,1.438642e-11,3.438527e-04,0.000000e+00,3.381676e-04,3.386442e-04,0.000000e+00,1.383737e-08,-6.586472e-10,2.256062e-10,-3.371387e-12,-6.728241e-10,-1.585600e-11,1.384074e-08,0.0000,99.5745,0.4255,1.483857e+02
62500,2.294298e-06,2.424170e+01,1.438900e-11,3.391958e-04,0.000000e+00,3.447598e-04,3.384935e-04,0.000000e+00,1.410109e-08,-6.694925e-10,2.037712e-10,-3.255128e-12,-6.721790e-10,-1.581773e-11,1.410435e-08,0.0000,99.5780,0.4220,1.482590e+02
62600,2.297969e-06,2.425249e+01,1.439540e-11,3.412823e-04,0.000000e+00,3.407682e-04,3.395377e-04,0.000000e+00,1.394349e-08,-6.611504e-10,2.140205e-10,-3.274843e-12,-6.714793e-10,-1.579880e-11,1.394676e-08,0.0000,99.5784,0.4216,1.483672e+02
62700,2.301640e-06,2.430035e+01,1.442381e-11,3.443667e-04,0.000000e+00,3.412823e-04,3.366268e-04,0.000000e+00,1.396655e-08,-6.583121e-10,2.074106e-10,-3.152655e-12,-6.710678e-10,-1.565067e-11,1.396970e-08,0.0000,99.5776,0.4224,1.484139e+02
62800,2.305311e-06,2.431288e+01,1.443125e-11,3.401635e-04,0.000000e+00,3.418266e-04,3.381371e-04,0.000000e+00,1.399122e-08,-6.618135e-10,2.269238e-10,-3.277412e-12,-6.724927e-10,-1.559524e-11,1.399450e-08,0.0000,99.5792,0.4208,1.484651e+02
62900,2.308981e-06,2.432197e+01,1.443665e-11,3.393470e-04,0.000000e+00,3.433386e-04,3.378782e-04,0.000000e+00,1.405170e-08,-6.574327e-10,2.244487e-10,-3.105294e-12,-6.709817e-10,-1.544886e-11,1.405481e-08,0.0000,99.5818,0.4182,1.484307e+02
63000,2.312652e-06,2.434940e+01,1.445293e-11,3.413730e-04,0.000000e+00,3.394377e-04,3.369382e-04,0.000000e+00,1.388839e-08,-6.508708e-10,2.055527e-10,-2.924199e-12,-6.683148e-10,-1.546969e-11,1.389131e-08,0.0000,99.5816,0.4184,1.483458e+02
63100,2.316323e-06,2.437636e+01,1.446893e-11,3.422197e-04,0.000000e+00,3.419173e-04,3.378590e-04,0.000000e+00,1.398367e-08,-6.540132e-10,2.209649e-10,-3.159437e-12,-6.699340e-10,-1.569579e-11,1.398683e-08,0.0000,99.5822,0.4178,1.482315e+02
63200,2.319994e-06,2.439379e+01,1.447927e-11,3.418569e-04,0.000000e+00,3.392563e-04,3.390398e-04,0.000000e+00,1.387542e-08,-6.531352e-10,2.186739e-10,-3.437707e-12,-6.715995e-10,-1.589323e-11,1.387886e-08,0.0000,99.5816,0.4184,1.482322e+02
63300,2.323665e-06,2.442536e+01,1.449801e-11,3.426733e-04,0.000000e+00,3.430967e-04,3.375681e-04,0.000000e+00,1.403618e-08,-6.716783e-10,2.183281e-10,-3.323268e-12,-6.727999e-10,-1.587889e-11,1.403950e-08,0.0000,99.5825,0.4175,1.483348e+02
63400,2.327336e-06,2.444293e+01,1.450845e-11,3.429152e-04,0.000000e+00,3.412218e-04,3.400736e-04,0.000000e+00,1.394707e-08,-6.579665e-10,2.193198e-10,-3.526120e-12,-6.727950e-10,-1.589184e-11,1.395059e-08,0.0000,99.5824,0.4176,1.480490e+02
63500,2.331007e-06,2.444493e+01,1.450963e-11,3.418569e-04,0.000000e+00,3.425826e-04,3.415347e-04,0.000000e+00,1.401275e-08,-6.600647e-10,2.258754e-10,-3.402858e-12,-6.729552e-10,-1.592769e-11,1.401616e-08,0.0000,99.5834,0.4166,1.482719e+02
63600,2.334678e-06,2.447108e+01,1.452516e-11,3.431269e-04,0.000000e+00,3.422197e-04,3.388973e-04,0.000000e+00,1.398955e-08,-6.703076e-10,2.105548e-10,-3.345037e-12,-6.734553e-10,-1.591955e-11,1.399290e-08,0.0000,99.5837,0.4163,1.481037e+02
63700,2.338348e-06,2.447960e+01,1.453021e-11,3.417964e-04,0.000000e+00,3.426733e-04,3.404201e-04,0.000000e+00,1.400732e-08,-6.612233e-10,2.305006e-10,-3.471165e-12,-6.729314e-10,-1.591482e-11,1.401079e-08,0.0000,99.5848,0.4152,1.480778e+02
63800,2.342019e-06,2.448871e+01,1.453562e-11,3.409799e-04,0.000000e+00,3.430362e-04,3.395059e-04,0.000000e+00,1.403877e-08,-6.687604e-10,2.087659e-10,-3.523003e-12,-6.719998e-10,-1.577527e-11,1.404229e-08,0.0000,99.5865,0.4135,1.484337e+02
63900,2.345690e-06,2.447247e+01,1.452598e-11,3.389236e-04,0.000000e+00,3.416452e-04,3.415505e-04,0.000000e+00,1.397710e-08,-6.617114e-10,2.167925e-10,-3.259590e-12,-6.700708e-10,-1.567074e-11,1.398036e-08,0.0000,99.5885,0.4115,1.483278e+02
64000,2.349361e-06,2.449105e+01,1.453701e-11,3.425826e-04,0.000000e+00,3.410404e-04,3.395771e-04,0.000000e+00,1.394816e-08,-6.571561e-10,2.340798e-10,-2.968537e-12,-6.688663e-10,-1.567160e-11,1.395113e-08,0.0000,99.5885,0.4115,1.482275e+02
64100,2.353032e-06,2.452207e+01,1.455542e-11,3.442155e-04,0.000000e+00,3.401937e-04,3.391994e-04,0.000000e+00,1.391484e-08,-6.569885e-10,2.057234e-10,-2.859930e-12,-6.707306e-10,-1.565379e-11,1.391770e-08,0.0000,99.5872,0.4128,1.482604e+02
64200,2.356703e-06,2.454601e+01,1.456963e-11,3.444575e-04,0.000000e+00,3.404658e-04,3.405865e-04,0.000000e+00,1.391901e-08,-6.614069e-10,2.036670e-10,-2.677614e-12,-6.749933e-10,-1.568430e-11,1.392169e-08,0.0000,99.5859,0.4141,1.481218e+02
64300,2.360374e-06,2.456825e+01,1.458283e-11,3.417057e-04,0.000000e+00,3.425524e-04,3.381095e-04,0.000000e+00,1.400116e-08,-6.565612e-10,2.132959e-10,-2.625584e-12,-6.768876e-10,-1.574691e-11,1.400379e-08,0.0000,99.5870,0.4130,1.480464e+02
64400,2.364045e-06,2.458625e+01,1.459351e-11,3.443365e-04,0.000000e+00,3.453344e-04,3.414274e-04,0.000000e+00,1.411815e-08,-6.682632e-10,2.136898e-10,-2.389387e-12,-6.752370e-10,-1.563447e-11,1.412054e-08,0.0000,99.5882,0.4118,1.481257e+02
64500,2.367715e-06,2.459297e+01,1.459750e-11,3.417057e-04,0.000000e+00,3.451530e-04,3.406178e-04,0.000000e+00,1.411886e-08,-6.653297e-10,2.118026e-10,-2.529449e-12,-6.738224e-10,-1.563191e-11,1.412139e-08,0.0000,99.5906,0.4094,1.482832e+02
64600,2.371386e-06,2.459726e+01,1.460005e-11,3.405868e-04,0.000000e+00,3.416452e-04,3.398931e-04,0.000000e+00,1.396428e-08,-6.489726e-10,2.209920e-10,-2.425321e-12,-6.729692e-10,-1.570428e-11,1.396671e-08,0.0000,99.5917,0.4083,1.480426e+02
64700,2.375057e-06,2.461720e+01,1.461188e-11,3.413730e-04,0.000000e+00,3.438829e-04,3.381494e-04,0.000000e+00,1.404838e-08,-6.669620e-10,2.039761e-10,-2.623021e-12,-6.701742e-10,-1.582487e-11,1.405101e-08,0.0000,99.5936,0.4064,1.479111e+02
64800,2.378728e-06,2.461829e+01,1.461253e-11,3.401937e-04,0.000000e+00,3.403449e-04,3.400170e-04,0.000000e+00,1.390845e-08,-6.542072e-10,2.251290e-10,-2.410388e-12,-6.693135e-10,-1.578465e-11,1.391086e-08,0.0000,99.5944,0.4056,1.479882e+02
64900,2.382399e-06,2.463009e+01,1.461953e-11,3.418569e-04,0.000000e+00,3.398006e-04,3.399494e-04,0.000000e+00,1.388502e-08,-6.627299e-10,2.098393e-10,-2.356496e-12,-6.697050e-10,-1.576018e-11,1.388737e-08,0.0000,99.5940,0.4060,1.479813e+02
65000,2.386070e-06,2.464051e+01,1.462572e-11,3.406170e-04,0.000000e+00,3.402542e-04,3.389321e-04,0.000000e+00,1.389835e-08,-6.568760e-10,2.043924e-10,-2.262167e-12,-6.697017e-10,-1.546754e-11,1.390061e-08,0.0000,99.5945,0.4055,1.478602e+02
65100,2.389741e-06,2.466313e+01,1.463915e-11,3.423105e-04,0.000000e+00,3.424012e-04,3.386529e-04,0.000000e+00,1.399197e-08,-6.600734e-10,2.018818e-10,-2.298173e-12,-6.709636e-10,-1.541176e-11,1.399426e-08,0.0000,99.5952,0.4048,1.479823e+02
65200,2.393412e-06,2.468582e+01,1.465262e-11,3.430967e-04,0.000000e+00,3.407682e-04,3.394275e-04,0.000000e+00,1.392288e-08,-6.486532e-10,2.120891e-10,-2.592679e-12,-6.725067e-10,-1.558420e-11,1.392548e-08,0.0000,99.5948,0.4052,1.479286e+02
65300,2.397082e-06,2.469218e+01,1.465639e-11,3.416149e-04,0.000000e+00,3.417057e-04,3.405868e-04,0.000000e+00,1.396584e-08,-6.558619e-10,2.214043e-10,-2.561251e-12,-6.727633e-10,-1.578038e-11,1.396840e-08,0.0000,99.5955,0.4045,1.480229e+02
65400,2.400753e-06,2.471551e+01,1.467024e-11,3.417057e-04,0.000000e+00,3.438224e-04,3.379331e-04,0.000000e+00,1.404984e-08,-6.636109e-10,2.318743e-10,-2.558760e-12,-6.716080e-10,-1.571879e-11,1.405240e-08,0.0000,99.5972,0.4028,1.479833e+02
65500,2.404424e-06,2.473607e+01,1.468244e-11,3.417661e-04,0.000000e+00,3.400123e-04,3.384422e-04,0.000000e+00,1.389716e-08,-6.564256e-10,2.202082e-10,-2.276349e-12,-6.709975e-10,-1.556367e-11,1.389944e-08,0.0000,99.5970,0.4030,1.480456e+02
65600,2.408095e-06,2.474790e+01,1.468946e-11,3.408287e-04,0.000000e+00,3.424616e-04,3.389165e-04,0.000000e+00,1.399222e-08,-6.624320e-10,2.181291e-10,-2.431484e-12,-6.706418e-10,-1.561074e-11,1.399465e-08,0.0000,99.5984,0.4016,1.479481e+02
65700,2.411766e-06,2.476243e+01,1.469809e-11,3.411311e-04,0.000000e+00,3.433084e-04,3.387803e-04,0.000000e+00,1.401915e-08,-6.541465e-10,2.426848e-10,-2.669264e-12,-6.689613e-10,-1.567572e-11,1.402182e-08,0.0000,99.6001,0.3999,1.477728e+02
65800,2.415437e-06,2.478868e+01,1.471367e-11,3.442458e-04,0.000000e+00,3.396191e-04,3.400028e-04,0.000000e+00,1.387297e-08,-6.566882e-10,2.148236e-10,-2.532076e-12,-6.696173e-10,-1.561169e-11,1.387551e-08,0.0000,99.5986,0.4014,1.478725e+02
65900,2.419108e-06,2.478875e+01,1.471371e-11,3.394075e-04,0.000000e+00,3.390144e-04,3.393948e-04,0.000000e+00,1.384606e-08,-6.508948e-10,2.151576e-10,-2.529506e-12,-6.723455e-10,-1.574019e-11,1.384859e-08,0.0000,99.5990,0.4010,1.478182e+02
66000,2.422779e-06,2.479841e+01,1.471944e-11,3.413730e-04,0.000000e+00,3.446691e-04,3.398123e-04,0.000000e+00,1.408021e-08,-6.681122e-10,2.214876e-10,-2.604107e-12,-6.718335e-10,-1.572943e-11,1.408281e-08,0.0000,99.6012,0.3988,1.478936e+02
66100,2.426449e-06,2.482723e+01,1.473655e-11,3.446994e-04,0.000000e+00,3.406170e-04,3.400389e-04,0.000000e+00,1.390725e-08,-6.596722e-10,2.394318e-10,-2.725198e-12,-6.710981e-10,-1.573294e-11,1.390998e-08,0.0000,99.5999,0.4001,1.477357e+02
66200,2.430120e-06,2.486319e+01,1.475789e-11,3.448808e-04,0.000000e+00,3.422802e-04,3.390664e-04,0.000000e+00,1.398435e-08,-6.569030e-10,2.412478e-10,-2.810688e-12,-6.737966e-10,-1.589885e-11,1.398716e-08,0.0000,99.5994,0.4006,1.479257e+02
66300,2.433791e-06,2.488563e+01,1.477121e-11,3.429152e-04,0.000000e+00,3.428548e-04,3.392868e-04,0.000000e+00,1.401475e-08,-6.653663e-10,2.100101e-10,-2.219764e-12,-6.753233e-10,-1.587405e-11,1.401697e-08,0.0000,99.6000,0.4000,1.480773e+02
66400,2.437462e-06,2.489564e+01,1.477716e-11,3.420081e-04,0.000000e+00,3.442155e-04,3.403890e-04,0.000000e+00,1.405780e-08,-6.693245e-10,2.053044e-10,-2.100656e-12,-6.745340e-10,-1.575795e-11,1.405990e-08,0.0000,99.6017,0.3983,1.478225e+02
66500,2.441133e-06,2.491472e+01,1.478848e-11,3.407682e-04,0.000000e+00,3.427338e-04,3.376829e-04,0.000000e+00,1.399589e-08,-6.554464e-10,2.074094e-10,-2.088926e-12,-6.717267e-10,-1.575608e-11,1.399798e-08,0.0000,99.6032,0.3968,1.477844e+02
66600,2.444804e-06,2.492676e+01,1.479563e-11,3.424616e-04,0.000000e+00,3.434898e-04,3.405158e-04,0.000000e+00,1.402796e-08,-6.666326e-10,2.164577e-10,-2.139628e-12,-6.713100e-10,-1.577246e-11,1.403010e-08,0.0000,99.6043,0.3957,1.478072e+02
66700,2.448475e-06,2.493694e+01,1.480167e-11,3.417964e-04,0.000000e+00,3.411009e-04,3.401500e-04,0.000000e+00,1.392716e-08,-6.582697e-10,2.180919e-10,-2.187249e-12,-6.704809e-10,-1.579220e-11,1.392935e-08,0.0000,99.6046,0.3954,1.477463e+02
66800,2.452146e-06,2.497522e+01,1.482439e-11,3.459392e-04,0.000000e+00,3.419476e-04,3.397498e-04,0.000000e+00,1.396450e-08,-6.589644e-10,2.058623e-10,-1.944211e-12,-6.728778e-10,-1.581517e-11,1.396644e-08,0.0000,99.6034,0.3966,1.477964e+02
66900,2.455817e-06,2.499996e+01,1.483908e-11,3.427338e-04,0.000000e+00,3.417359e-04,3.387327e-04,0.000000e+00,1.395865e-08,-6.616391e-10,2.147357e-10,-2.226021e-12,-6.751235e-10,-1.586983e-11,1.396087e-08,0.0000,99.6036,0.3964,1.478638e+02
67000,2.459487e-06,2.501550e+01,1.484830e-11,3.425826e-04,0.000000e+00,3.443667e-04,3.400700e-04,0.000000e+00,1.406269e-08,-6.647730e-10,2.298188e-10,-2.190780e-12,-6.754419e-10,-1.580206e-11,1.406488e-08,0.0000,99.6050,0.3950,1.477880e+02
67100,2.463158e-06,2.502583e+01,1.485443e-11,3.421895e-04,0.000000e+00,3.443970e-04,3.405188e-04,0.000000e+00,1.406426e-08,-6.661332e-10,2.350302e-10,-1.953071e-12,-6.720779e-10,-1.572070e-11,1.406621e-08,0.0000,99.6067,0.3933,1.477916e+02
67200,2.466829e-06,2.504570e+01,1.486622e-11,3.423407e-04,0.000000e+00,3.415545e-04,3.391287e-04,0.000000e+00,1.394986e-08,-6.559686e-10,2.010996e-10,-1.853717e-12,-6.727640e-10,-1.584943e-11,1.395171e-08,0.0000,99.6070,0.3930,1.478350e+02
67300,2.470500e-06,2.505012e+01,1.486885e-11,3.419173e-04,0.000000e+00,3.431572e-04,3.412017e-04,0.000000e+00,1.400554e-08,-6.654358e-10,2.221157e-10,-1.608748e-12,-6.715794e-10,-1.596562e-11,1.400715e-08,0.0000,99.6081,0.3919,1.476319e+02
67400,2.474171e-06,2.506053e+01,1.487503e-11,3.409497e-04,0.000000e+00,3.430664e-04,3.392668e-04,0.000000e+00,1.401188e-08,-6.695450e-10,2.367555e-10,-1.255122e-12,-6.708620e-10,-1.563789e-11,1.401313e-08,0.0000,99.6097,0.3903,1.478393e+02
67500,2.477842e-06,2.507158e+01,1.488159e-11,3.418871e-04,0.000000e+00,3.395284e-04,3.401003e-04,0.000000e+00,1.385698e-08,-6.558830e-10,2.211695e-10,-1.392988e-12,-6.700285e-10,-1.554745e-11,1.385837e-08,0.0000,99.6093,0.3907,1.476141e+02
67600,2.481513e-06,2.507243e+01,1.488209e-11,3.405263e-04,0.000000e+00,3.433084e-04,3.403890e-04,0.000000e+00,1.401175e-08,-6.535637e-10,2.316536e-10,-1.178581e-12,-6.704146e-10,-1.552391e-11,1.401293e-08,0.0000,99.6112,0.3888,1.476127e+02
67700,2.485184e-06,2.508709e+01,1.489079e-11,3.419173e-04,0.000000e+00,3.394982e-04,3.395474e-04,0.000000e+00,1.386305e-08,-6.563841e-10,2.134050e-10,-1.471262e-12,-6.689749e-10,-1.572011e-11,1.386452e-08,0.0000,99.6107,0.3893,1.477637e+02
67800,2.488854e-06,2.511817e+01,1.490924e-11,3.446691e-04,0.000000e+00,3.436107e-04,3.396423e-04,0.000000e+00,1.402973e-08,-6.579083e-10,2.226842e-10,-1.601119e-12,-6.716834e-10,-1.585942e-11,1.403133e-08,0.0000,99.6108,0.3892,1.477427e+02
67900,2.492525e-06,2.512412e+01,1.491277e-11,3.423105e-04,0.000000e+00,3.402844e-04,3.413494e-04,0.000000e+00,1.389719e-08,-6.634961e-10,2.171374e-10,-1.427329e-12,-6.735658e-10,-1.579396e-11,1.389861e-08,0.0000,99.6105,0.3895,1.478256e+02
68000,2.496196e-06,2.514592e+01,1.492571e-11,3.447296e-04,0.000000e+00,3.453949e-04,3.412049e-04,0.000000e+00,1.410194e-08,-6.703964e-10,2.215515e-10,-1.413628e-12,-6.752313e-10,-1.577513e-11,1.410335e-08,0.0000,99.6114,0.3886,1.477367e+02
68100,2.499867e-06,2.516135e+01,1.493487e-11,3.410404e-04,0.000000e+00,3.413730e-04,3.385447e-04,0.000000e+00,1.393572e-08,-6.538721e-10,2.281496e-10,-9.279214e-13,-6.722655e-10,-1.561728e-11,1.393665e-08,0.0000,99.6122,0.3878,1.476719e+02
68200,2.503538e-06,2.514359e+01,1.492433e-11,3.402844e-04,0.000000e+00,3.451227e-04,3.431555e-04,0.000000e+00,1.408194e-08,-6.677576e-10,2.383786e-10,-9.214106e-13,-6.709693e-10,-1.556605e-11,1.408286e-08,0.0000,99.6150,0.3850,1.475448e+02
68300,2.507209e-06,2.516325e+01,1.493600e-11,3.421593e-04,0.000000e+00,3.400123e-04,3.389807e-04,0.000000e+00,1.387268e-08,-6.488604e-10,2.188601e-10,-8.687285e-13,-6.696455e-10,-1.547571e-11,1.387355e-08,0.0000,99.6146,0.3854,1.475130e+02
68400,2.510880e-06,2.517185e+01,1.494111e-11,3.420081e-04,0.000000e+00,3.421290e-04,3.406174e-04,0.000000e+00,1.395627e-08,-6.611861e-10,2.297705e-10,-1.091780e-12,-6.707571e-10,-1.571390e-11,1.395736e-08,0.0000,99.6152,0.3848,1.474738e+02
68500,2.514551e-06,2.518806e+01,1.495073e-11,3.420081e-04,0.000000e+00,3.418871e-04,3.393877e-04,0.000000e+00,1.395526e-08,-6.556293e-10,2.134121e-10,-1.040949e-12,-6.726997e-10,-1.581899e-11,1.395630e-08,0.0000,99.6158,0.3842,1.476534e+02
68600,2.518221e-06,2.519358e+01,1.495401e-11,3.424616e-04,0.000000e+00,3.411311e-04,3.415680e-04,0.000000e+00,1.391892e-08,-6.608030e-10,2.157696e-10,-1.198170e-12,-6.729338e-10,-1.588023e-11,1.392012e-08,0.0000,99.6158,0.3842,1.475389e+02
68700,2.521892e-06,2.519878e+01,1.495709e-11,3.420081e-04,0.000000e+00,3.443063e-04,3.411680e-04,0.000000e+00,1.405320e-08,-6.644904e-10,2.319847e-10,-1.355682e-12,-6.705743e-10,-1.592198e-11,1.405455e-08,0.0000,99.6174,0.3826,1.476405e+02
68800,2.525563e-06,2.521453e+01,1.496644e-11,3.430967e-04,0.000000e+00,3.413730e-04,3.405497e-04,0.000000e+00,1.393800e-08,-6.591714e-10,2.050286e-10,-1.417305e-12,-6.709780e-10,-1.595169e-11,1.393941e-08,0.0000,99.6172,0.3828,1.477404e+02
68900,2.529234e-06,2.521462e+01,1.496649e-11,3.413126e-04,0.000000e+00,3.401332e-04,3.412988e-04,0.000000e+00,1.387143e-08,-6.657026e-10,2.196249e-10,-1.342906e-12,-6.716398e-10,-1.602805e-11,1.387277e-08,0.0000,99.6173,0.3827,1.474007e+02
69000,2.532905e-06,2.523818e+01,1.498047e-11,3.423709e-04,0.000000e+00,3.429152e-04,3.385611e-04,0.000000e+00,1.399816e-08,-6.632372e-10,2.208433e-10,-1.109200e-12,-6.711040e-10,-1.586377e-11,1.399927e-08,0.0000,99.6181,0.3819,1.476849e+02
69100,2.536576e-06,2.525999e+01,1.499342e-11,3.427338e-04,0.000000e+00,3.421895e-04,3.392070e-04,0.000000e+00,1.395071e-08,-6.652059e-10,2.053440e-10,-1.123506e-12,-6.722225e-10,-1.561989e-11,1.395184e-08,0.0000,99.6185,0.3815,1.473125e+02
69200,2.540247e-06,2.525543e+01,1.499072e-11,3.402239e-04,0.000000e+00,3.408590e-04,3.409610e-04,0.000000e+00,1.390394e-08,-6.600166e-10,2.386658e-10,-1.030004e-12,-6.716271e-10,-1.554334e-11,1.390497e-08,0.0000,99.6193,0.3807,1.474531e+02
69300,2.543918e-06,2.527903e+01,1.500472e-11,3.427943e-04,0.000000e+00,3.452134e-04,3.389791e-04,0.000000e+00,1.408306e-08,-6.550026e-10,2.099475e-10,-8.812178e-13,-6.703967e-10,-1.554713e-11,1.408394e-08,0.0000,99.6210,0.3790,1.474880e+02
69400,2.547588e-06,2.530639e+01,1.502096e-11,3.433386e-04,0.000000e+00,3.388329e-04,3.389143e-04,0.000000e+00,1.381786e-08,-6.550726e-10,2.112120e-10,-8.119887e-13,-6.711179e-10,-1.549729e-11,1.381867e-08,0.0000,99.6196,0.3804,1.473864e+02
69500,2.551259e-06,2.532485e+01,1.503192e-11,3.414033e-04,0.000000e+00,3.408287e-04,3.384186e-04,0.000000e+00,1.390783e-08,-6.530046e-10,2.358918e-10,-9.189334e-13,-6.723094e-10,-1.564776e-11,1.390875e-08,0.0000,99.6199,0.3801,1.475651e+02
69600,2.554930e-06,2.533195e+01,1.503613e-11,3.402844e-04,0.000000e+00,3.442155e-04,3.391364e-04,0.000000e+00,1.404285e-08,-6.623654e-10,2.246496e-10,-1.248320e-12,-6.718835e-10,-1.589844e-11,1.404409e-08,0.0000,99.6222,0.3778,1.475061e+02
69700,2.558601e-06,2.533944e+01,1.504058e-11,3.415242e-04,0.000000e+00,3.430664e-04,3.403133e-04,0.000000e+00,1.400015e-08,-6.621735e-10,2.220382e-10,-1.428865e-12,-6.700490e-10,-1.598157e-11,1.400158e-08,0.0000,99.6235,0.3765,1.475987e+02
69800,2.562272e-06,2.535064e+01,1.504723e-11,3.404054e-04,0.000000e+00,3.400727e-04,3.385937e-04,0.000000e+00,1.387111e-08,-6.586376e-10,2.355747e-10,-1.334431e-12,-6.693402e-10,-1.588519e-11,1.387244e-08,0.0000,99.6239,0.3761,1.474458e+02
69900,2.565943e-06,2.535677e+01,1.505087e-11,3.406473e-04,0.000000e+00,3.411009e-04,3.396560e-04,0.000000e+00,1.391880e-08,-6.656991e-10,2.264714e-10,-1.082577e-12,-6.689383e-10,-1.573073e-11,1.391989e-08,0.0000,99.6247,0.3753,1.475698e+02
70000,2.569614e-06,2.537761e+01,1.506324e-11,3.418871e-04,0.000000e+00,3.430664e-04,3.385169e-04,0.000000e+00,1.400055e-08,-6.616122e-10,2.259493e-10,-1.071019e-12,-6.690452e-10,-1.573707e-11,1.400162e-08,0.0000,99.6258,0.3742,1.476020e+02
70100,2.573285e-06,2.540887e+01,1.508179e-11,3.445482e-04,0.000000e+00,3.392260e-04,3.394946e-04,0.000000e+00,1.383973e-08,-6.503319e-10,2.266848e-10,-1.089391e-12,-6.710420e-10,-1.580774e-11,1.384082e-08,0.0000,99.6240,0.3760,1.475053e+02
70200,2.576955e-06,2.543497e+01,1.509728e-11,3.418871e-04,0.000000e+00,3.414335e-04,3.376671e-04,0.000000e+00,1.392250e-08,-6.636538e-10,2.054200e-10,-9.159547e-13,-6.733941e-10,-1.587926e-11,1.392342e-08,0.0000,99.6243,0.3757,1.473638e+02
70300,2.580626e-06,2.544417e+01,1.510274e-11,3.425221e-04,0.000000e+00,3.430967e-04,3.410337e-04,0.000000e+00,1.401119e-08,-6.648735e-10,2.356680e-10,-1.047360e-12,-6.734205e-10,-1.587432e-11,1.401224e-08,0.0000,99.6252,0.3748,1.477963e+02
70400,2.584297e-06,2.546516e+01,1.511520e-11,3.416754e-04,0.000000e+00,3.421290e-04,3.382817e-04,0.000000e+00,1.395365e-08,-6.607299e-10,2.262925e-10,-1.219996e-12,-6.716531e-10,-1.601853e-11,1.395487e-08,0.0000,99.6259,0.3741,1.474167e+02
70500,2.587968e-06,2.548423e+01,1.512652e-11,3.427943e-04,0.000000e+00,3.424012e-04,3.397108e-04,0.000000e+00,1.396456e-08,-6.654438e-10,2.059698e-10,-1.391804e-12,-6.721837e-10,-1.600146e-11,1.396596e-08,0.0000,99.6263,0.3737,1.474183e+02
70600,2.591639e-06,2.546638e+01,1.511593e-11,3.382886e-04,0.000000e+00,3.430060e-04,3.411749e-04,0.000000e+00,1.398052e-08,-6.737096e-10,2.455117e-10,-1.326156e-12,-6.699371e-10,-1.592404e-11,1.398184e-08,0.0000,99.6289,0.3711,1.472417e+02
70700,2.595310e-06,2.547403e+01,1.512047e-11,3.393470e-04,0.000000e+00,3.423105e-04,3.381099e-04,0.000000e+00,1.396756e-08,-6.604640e-10,2.081031e-10,-1.176849e-12,-6.680023e-10,-1.581756e-11,1.396873e-08,0.0000,99.6308,0.3692,1.475563e+02
70800,2.598981e-06,2.549177e+01,1.513100e-11,3.417661e-04,0.000000e+00,3.392865e-04,3.388980e-04,0.000000e+00,1.383212e-08,-6.594093e-10,2.253866e-10,-7.869238e-13,-6.668710e-10,-1.575973e-11,1.383290e-08,0.0000,99.6303,0.3697,1.472967e+02
70900,2.602652e-06,2.550397e+01,1.513824e-11,3.426733e-04,0.000000e+00,3.392563e-04,3.407001e-04,0.000000e+00,1.383761e-08,-6.614134e-10,2.095222e-10,-9.397284e-13,-6.690762e-10,-1.569754e-11,1.383855e-08,0.0000,99.6293,0.3707,1.474363e+02
71000,2.606322e-06,2.550468e+01,1.513866e-11,3.401635e-04,0.000000e+00,3.389841e-04,3.400485e-04,0.000000e+00,1.381663e-08,-6.527142e-10,2.056896e-10,-9.184433e-13,-6.712514e-10,-1.579884e-11,1.381755e-08,0.0000,99.6294,0.3706,1.472283e+02
71100,2.609993e-06,2.550560e+01,1.513921e-11,3.402239e-04,0.000000e+00,3.449413e-04,3.400747e-04,0.000000e+00,1.406384e-08,-6.671644e-10,2.250906e-10,-9.813993e-13,-6.698265e-10,-1.581982e-11,1.406483e-08,0.0000,99.6320,0.3680,1.473218e+02
71200,2.613664e-06,2.551795e+01,1.514654e-11,3.404054e-04,0.000000e+00,3.411311e-04,3.384088e-04,0.000000e+00,1.391043e-08,-6.612415e-10,2.162454e-10,-9.706615e-13,-6.669180e-10,-1.573649e-11,1.391140e-08,0.0000,99.6328,0.3672,1.473720e+02
71300,2.617335e-06,2.553631e+01,1.515744e-11,3.424012e-04,0.000000e+00,3.402844e-04,3.394326e-04,0.000000e+00,1.387123e-08,-6.578034e-10,2.239339e-10,-8.711339e-13,-6.688229e-10,-1.566458e-11,1.387210e-08,0.0000,99.6325,0.3675,1.472533e+02
71400,2.621006e-06,2.556822e+01,1.517638e-11,3.447296e-04,0.000000e+00,3.396191e-04,3.395696e-04,0.000000e+00,1.384845e-08,-6.608244e-10,2.182908e-10,-9.156475e-13,-6.709962e-10,-1.560913e-11,1.384936e-08,0.0000,99.6308,0.3692,1.473705e+02
71500,2.624677e-06,2.557350e+01,1.517951e-11,3.412218e-04,0.000000e+00,3.416452e-04,3.403690e-04,0.000000e+00,1.392879e-08,-6.534874e-10,2.231246e-10,-9.445451e-13,-6.728399e-10,-1.559589e-11,1.392973e-08,0.0000,99.6315,0.3685,1.473068e+02
71600,2.628348e-06,2.557952e+01,1.518308e-11,3.413428e-04,0.000000e+00,3.425524e-04,3.403690e-04,0.000000e+00,1.396814e-08,-6.615601e-10,2.384501e-10,-1.030288e-12,-6.719296e-10,-1.570340e-11,1.396917e-08,0.0000,99.6326,0.3674,1.473655e+02
71700,2.632019e-06,2.559642e+01,1.519312e-11,3.416754e-04,0.000000e+00,3.429455e-04,3.389425e-04,0.000000e+00,1.397221e-08,-6.559911e-10,2.190586e-10,-5.717440e-13,-6.698694e-10,-1.554668e-11,1.397278e-08,0.0000,99.6337,0.3663,1.471021e+02
71800,2.635689e-06,2.561577e+01,1.520460e-11,3.423407e-04,0.000000e+00,3.409194e-04,3.392115e-04,0.000000e+00,1.389721e-08,-6.578126e-10,2.078925e-10,-4.018990e-13,-6.706733e-10,-1.566979e-11,1.389761e-08,0.0000,99.6336,0.3664,1.472669e+02
71900,2.639360e-06,2.562462e+01,1.520985e-11,3.405263e-04,0.000000e+00,3.408892e-04,3.390958e-04,0.000000e+00,1.389729e-08,-6.562572e-10,2.230978e-10,-3.565055e-13,-6.699094e-10,-1.574696e-11,1.389764e-08,0.0000,99.6343,0.3657,1.472966e+02
72000,2.643031e-06,2.563966e+01,1.521878e-11,3.408590e-04,0.000000e+00,3.432781e-04,3.384268e-04,0.000000e+00,1.398595e-08,-6.617841e-10,2.117218e-10,-3.969918e-13,-6.694999e-10,-1.583726e-11,1.398635e-08,0.0000,99.6359,0.3641,1.471150e+02
72100,2.646702e-06,2.563360e+01,1.521518e-11,3.407380e-04,0.000000e+00,3.406170e-04,3.417179e-04,0.000000e+00,1.388010e-08,-6.587352e-10,2.414477e-10,-2.614126e-13,-6.688644e-10,-1.574436e-11,1.388036e-08,0.0000,99.6364,0.3636,1.471695e+02
72200,2.650373e-06,2.567665e+01,1.524073e-11,3.426431e-04,0.000000e+00,3.416149e-04,3.356827e-04,0.000000e+00,1.392626e-08,-6.636206e-10,2.212570e-10,2.772220e-15,-6.688858e-10,-1.569176e-11,1.392625e-08,0.0000,99.6365,0.3635,1.472879e+02
72300,2.654044e-06,2.570754e+01,1.525907e-11,3.425826e-04,0.000000e+00,3.405566e-04,3.375881e-04,0.000000e+00,1.388148e-08,-6.570558e-10,2.108958e-10,4.163031e-14,-6.703788e-10,-1.560160e-11,1.388144e-08,0.0000,99.6361,0.3639,1.472526e+02
72400,2.657715e-06,2.571282e+01,1.526221e-11,3.403751e-04,0.000000e+00,3.413126e-04,3.395207e-04,0.000000e+00,1.390581e-08,-6.586972e-10,2.364334e-10,-1.949140e-13,-6.716856e-10,-1.581375e-11,1.390600e-08,0.0000,99.6370,0.3630,1.471193e+02
72500,2.661386e-06,2.572367e+01,1.526864e-11,3.418871e-04,0.000000e+00,3.432479e-04,3.401336e-04,0.000000e+00,1.398475e-08,-6.585879e-10,2.076681e-10,-1.308098e-13,-6.699653e-10,-1.573669e-11,1.398488e-08,0.0000,99.6382,0.3618,1.471160e+02
72600,2.665056e-06,2.573223e+01,1.527373e-11,3.397703e-04,0.000000e+00,3.411916e-04,3.383854e-04,0.000000e+00,1.390670e-08,-6.627653e-10,2.225524e-10,-1.675077e-13,-6.686166e-10,-1.564137e-11,1.390686e-08,0.0000,99.6393,0.3607,1.472369e+02
72700,2.668727e-06,2.574840e+01,1.528332e-11,3.425524e-04,0.000000e+00,3.412823e-04,3.399376e-04,0.000000e+00,1.389768e-08,-6.541439e-10,2.220470e-10,9.058113e-14,-6.693754e-10,-1.546093e-11,1.389759e-08,0.0000,99.6393,0.3607,1.469625e+02
72800,2.672398e-06,2.577199e+01,1.529733e-11,3.424919e-04,0.000000e+00,3.393772e-04,3.386773e-04,0.000000e+00,1.383123e-08,-6.537231e-10,2.294294e-10,3.213605e-13,-6.707003e-10,-1.553999e-11,1.383091e-08,0.0000,99.6385,0.3615,1.471991e+02
72900,2.676069e-06,2.578568e+01,1.530545e-11,3.419173e-04,0.000000e+00,3.416452e-04,3.397044e-04,0.000000e+00,1.392857e-08,-6.526633e-10,2.153433e-10,1.979988e-13,-6.719626e-10,-1.568206e-11,1.392837e-08,0.0000,99.6389,0.3611,1.472997e+02
73000,2.679740e-06,2.581419e+01,1.532237e-11,3.435200e-04,0.000000e+00,3.429152e-04,3.389104e-04,0.000000e+00,1.396889e-08,-6.572717e-10,2.137274e-10,3.044175e-13,-6.718619e-10,-1.572622e-11,1.396858e-08,0.0000,99.6392,0.3608,1.470649e+02
73100,2.683411e-06,2.583137e+01,1.533257e-11,3.433991e-04,0.000000e+00,3.440039e-04,3.406203e-04,0.000000e+00,1.401139e-08,-6.635336e-10,2.250290e-10,4.161944e-13,-6.729153e-10,-1.568524e-11,1.401098e-08,0.0000,99.6399,0.3601,1.470359e+02
73200,2.687082e-06,2.583717e+01,1.533602e-11,3.409194e-04,0.000000e+00,3.420988e-04,3.399817e-04,0.000000e+00,1.393151e-08,-6.608055e-10,2.222479e-10,6.015431e-13,-6.722956e-10,-1.566638e-11,1.393091e-08,0.0000,99.6410,0.3590,1.469905e+02
73300,2.690753e-06,2.584946e+01,1.534331e-11,3.398006e-04,0.000000e+00,3.429455e-04,3.378137e-04,0.000000e+00,1.396785e-08,-6.591358e-10,2.090863e-10,4.823658e-13,-6.698508e-10,-1.573308e-11,1.396737e-08,0.0000,99.6428,0.3572,1.470166e+02
73400,2.694423e-06,2.586039e+01,1.534980e-11,3.427640e-04,0.000000e+00,3.407682e-04,3.409962e-04,0.000000e+00,1.387621e-08,-6.567458e-10,2.217476e-10,1.391298e-13,-6.688277e-10,-1.575574e-11,1.387607e-08,0.0000,99.6425,0.3575,1.469585e+02
73500,2.698094e-06,2.587018e+01,1.535561e-11,3.421895e-04,0.000000e+00,3.398006e-04,3.406063e-04,0.000000e+00,1.383130e-08,-6.575400e-10,2.246906e-10,-8.147433e-14,-6.709879e-10,-1.579190e-11,1.383138e-08,0.0000,99.6420,0.3580,1.468465e+02
73600,2.701765e-06,2.588107e+01,1.536207e-11,3.415847e-04,0.000000e+00,3.432176e-04,3.398243e-04,0.000000e+00,1.398062e-08,-6.635407e-10,2.193491e-10,-1.218951e-13,-6.714769e-10,-1.586008e-11,1.398074e-08,0.0000,99.6432,0.3568,1.470516e+02
73700,2.705436e-06,2.589683e+01,1.537143e-11,3.409799e-04,0.000000e+00,3.425524e-04,3.384311e-04,0.000000e+00,1.394974e-08,-6.605945e-10,2.142266e-10,1.316998e-14,-6.705921e-10,-1.596213e-11,1.394973e-08,0.0000,99.6444,0.3556,1.469725e+02
73800,2.709107e-06,2.588594e+01,1.536496e-11,3.401937e-04,0.000000e+00,3.407078e-04,3.419554e-04,0.000000e+00,1.388188e-08,-6.577733e-10,2.239332e-10,1.107785e-13,-6.697790e-10,-1.592733e-11,1.388176e-08,0.0000,99.6451,0.3549,1.471348e+02
73900,2.712778e-06,2.588767e+01,1.536599e-11,3.415847e-04,0.000000e+00,3.416754e-04,3.413047e-04,0.000000e+00,1.392034e-08,-6.673381e-10,2.250034e-10,1.765492e-13,-6.684893e-10,-1.585168e-11,1.392017e-08,0.0000,99.6456,0.3544,1.471168e+02
74000,2.716449e-06,2.590145e+01,1.537417e-11,3.418266e-04,0.000000e+00,3.425524e-04,3.395983e-04,0.000000e+00,1.395994e-08,-6.636230e-10,2.084200e-10,2.380620e-13,-6.688670e-10,-1.578977e-11,1.395970e-08,0.0000,99.6464,0.3536,1.471929e+02
74100,2.720120e-06,2.591864e+01,1.538437e-11,3.422197e-04,0.000000e+00,3.369581e-04,3.394411e-04,0.000000e+00,1.372970e-08,-6.495180e-10,2.196451e-10,2.486002e-13,-6.703208e-10,-1.581052e-11,1.372946e-08,0.0000,99.6447,0.3553,1.471316e+02
74200,2.723791e-06,2.594628e+01,1.540078e-11,3.466347e-04,0.000000e+00,3.431269e-04,3.421641e-04,0.000000e+00,1.397265e-08,-6.678348e-10,2.382179e-10,2.940703e-13,-6.736783e-10,-1.585306e-11,1.397236e-08,0.0000,99.6438,0.3562,1.469801e+02
74300,2.727461e-06,2.594871e+01,1.540222e-11,3.392260e-04,0.000000e+00,3.428245e-04,3.388339e-04,0.000000e+00,1.396544e-08,-6.598037e-10,2.241211e-10,1.127173e-13,-6.730476e-10,-1.602672e-11,1.396533e-08,0.0000,99.6458,0.3542,1.470740e+02
74400,2.731132e-06,2.596433e+01,1.541149e-11,3.407985e-04,0.000000e+00,3.442458e-04,3.382732e-04,0.000000e+00,1.401984e-08,-6.651611e-10,2.024812e-10,9.260890e-14,-6.700439e-10,-1.596634e-11,1.401975e-08,0.0000,99.6477,0.3523,1.470072e+02
74500,2.734803e-06,2.598441e+01,1.542341e-11,3.439434e-04,0.000000e+00,3.425826e-04,3.406958e-04,0.000000e+00,1.394664e-08,-6.696932e-10,2.274450e-10,2.483827e-13,-6.701862e-10,-1.584031e-11,1.394639e-08,0.0000,99.6477,0.3523,1.469023e+02
74600,2.738474e-06,2.597325e+01,1.541679e-11,3.388027e-04,0.000000e+00,3.395587e-04,3.406068e-04,0.000000e+00,1.383537e-08,-6.560701e-10,2.455815e-10,2.274330e-13,-6.703043e-10,-1.584590e-11,1.383515e-08,0.0000,99.6485,0.3515,1.471335e+02
74700,2.742145e-06,2.597861e+01,1.541997e-11,3.389539e-04,0.000000e+00,3.452134e-04,3.380883e-04,0.000000e+00,1.406190e-08,-6.672738e-10,2.262882e-10,4.065265e-13,-6.678663e-10,-1.576460e-11,1.406149e-08,0.0000,99.6516,0.3484,1.470598e+02
74800,2.745816e-06,2.597950e+01,1.542050e-11,3.401937e-04,0.000000e+00,3.394982e-04,3.400487e-04,0.000000e+00,1.382123e-08,-6.560790e-10,2.281863e-10,9.331509e-13,-6.651680e-10,-1.560785e-11,1.382030e-08,0.0000,99.6518,0.3482,1.468905e+02
74900,2.749487e-06,2.600705e+01,1.543685e-11,3.426128e-04,0.000000e+00,3.389841e-04,3.381589e-04,0.000000e+00,1.380665e-08,-6.517454e-10,2.217590e-10,6.338378e-13,-6.674188e-10,-1.576497e-11,1.380601e-08,0.0000,99.6508,0.3492,1.470178e+02
75000,2.753158e-06,2.601359e+01,1.544073e-11,3.408287e-04,0.000000e+00,3.386817e-04,3.397715e-04,0.000000e+00,1.378795e-08,-6.517786e-10,2.279322e-10,1.602886e-13,-6.697184e-10,-1.600616e-11,1.378779e-08,0.0000,99.6504,0.3496,1.468891e+02
75100,2.756828e-06,2.600407e+01,1.543508e-11,3.402542e-04,0.000000e+00,3.424314e-04,3.417938e-04,0.000000e+00,1.393932e-08,-6.705617e-10,2.098951e-10,-1.108454e-13,-6.690132e-10,-1.601841e-11,1.393943e-08,0.0000,99.6517,0.3483,1.468660e+02
75200,2.760499e-06,2.602421e+01,1.544703e-11,3.407380e-04,0.000000e+00,3.417661e-04,3.374807e-04,0.000000e+00,1.391579e-08,-6.637784e-10,2.296621e-10,1.704615e-13,-6.677179e-10,-1.572601e-11,1.391562e-08,0.0000,99.6527,0.3473,1.469475e+02
75300,2.764170e-06,2.604346e+01,1.545846e-11,3.422802e-04,0.000000e+00,3.385910e-04,3.391680e-04,0.000000e+00,1.378295e-08,-6.585602e-10,2.226036e-10,2.986313e-13,-6.683176e-10,-1.573177e-11,1.378265e-08,0.0000,99.6516,0.3484,1.468687e+02
75400,2.767841e-06,2.606992e+01,1.547417e-11,3.437922e-04,0.000000e+00,3.427640e-04,3.395127e-04,0.000000e+00,1.395538e-08,-6.616143e-10,2.167256e-10,2.460731e-13,-6.695605e-10,-1.574253e-11,1.395514e-08,0.0000,99.6517,0.3483,1.469221e+02
75500,2.771512e-06,2.608397e+01,1.548251e-11,3.405566e-04,0.000000e+00,3.391958e-04,3.382855e-04,0.000000e+00,1.381353e-08,-6.546204e-10,2.214741e-10,3.263947e-13,-6.719608e-10,-1.575004e-11,1.381320e-08,0.0000,99.6516,0.3484,1.469763e+02
75600,2.775183e-06,2.609457e+01,1.548880e-11,3.410706e-04,0.000000e+00,3.435200e-04,3.393561e-04,0.000000e+00,1.398677e-08,-6.660711e-10,2.165179e-10,2.078263e-13,-6.715116e-10,-1.573252e-11,1.398656e-08,0.0000,99.6531,0.3469,1.469326e+02
75700,2.778854e-06,2.610289e+01,1.549374e-11,3.413730e-04,0.000000e+00,3.437317e-04,3.400284e-04,0.000000e+00,1.399780e-08,-6.646539e-10,2.291919e-10,-9.290445e-14,-6.695530e-10,-1.578213e-11,1.399790e-08,0.0000,99.6546,0.3454,1.469864e+02
75800,2.782525e-06,2.614790e+01,1.552045e-11,3.455763e-04,0.000000e+00,3.401937e-04,3.382978e-04,0.000000e+00,1.385393e-08,-6.526471e-10,2.161816e-10,-1.811610e-13,-6.699446e-10,-1.575499e-11,1.385411e-08,0.0000,99.6529,0.3471,1.469678e+02
75900,2.786195e-06,2.615935e+01,1.552725e-11,3.411009e-04,0.000000e+00,3.414637e-04,3.392492e-04,0.000000e+00,1.389067e-08,-6.644693e-10,2.277696e-10,-4.283489e-14,-6.738018e-10,-1.587862e-11,1.389072e-08,0.0000,99.6535,0.3465,1.466791e+02
76000,2.789866e-06,2.618668e+01,1.554347e-11,3.430664e-04,0.000000e+00,3.418569e-04,3.386482e-04,0.000000e+00,1.390951e-08,-6.595896e-10,2.366069e-10,1.086969e-13,-6.731139e-10,-1.585476e-11,1.390940e-08,0.0000,99.6535,0.3465,1.467272e+02
76100,2.793537e-06,2.620711e+01,1.555560e-11,3.431269e-04,0.000000e+00,3.465742e-04,3.398224e-04,0.000000e+00,1.409990e-08,-6.695684e-10,2.411375e-10,1.078920e-13,-6.717807e-10,-1.572255e-11,1.409979e-08,0.0000,99.6554,0.3446,1.466963e+02
76200,2.797208e-06,2.621272e+01,1.555893e-11,3.406170e-04,0.000000e+00,3.385003e-04,3.397108e-04,0.000000e+00,1.378129e-08,-6.539637e-10,2.246206e-10,5.141345e-14,-6.718268e-10,-1.570541e-11,1.378124e-08,0.0000,99.6550,0.3450,1.469068e+02
76300,2.800879e-06,2.622689e+01,1.556734e-11,3.424616e-04,0.000000e+00,3.446691e-04,3.401703e-04,0.000000e+00,1.402666e-08,-6.615840e-10,2.435518e-10,1.779330e-13,-6.709291e-10,-1.574431e-11,1.402649e-08,0.0000,99.6563,0.3437,1.467881e+02
76400,2.804550e-06,2.622851e+01,1.556830e-11,3.401937e-04,0.000000e+00,3.423407e-04,3.399311e-04,0.000000e+00,1.393067e-08,-6.597137e-10,2.321570e-10,-9.287798e-14,-6.693218e-10,-1.584973e-11,1.393076e-08,0.0000,99.6577,0.3423,1.467494e+02
76500,2.808221e-06,2.624949e+01,1.558075e-11,3.437922e-04,0.000000e+00,3.399215e-04,3.404001e-04,0.000000e+00,1.382642e-08,-6.577148e-10,2.299467e-10,-8.707778e-14,-6.706604e-10,-1.580369e-11,1.382650e-08,0.0000,99.6566,0.3434,1.466456e+02
76600,2.811892e-06,2.626525e+01,1.559011e-11,3.407380e-04,0.000000e+00,3.414033e-04,3.381900e-04,0.000000e+00,1.388826e-08,-6.593842e-10,2.389555e-10,-4.072716e-14,-6.708410e-10,-1.568055e-11,1.388830e-08,0.0000,99.6573,0.3427,1.466782e+02
76700,2.815562e-06,2.627723e+01,1.559722e-11,3.405263e-04,0.000000e+00,3.419173e-04,3.385887e-04,0.000000e+00,1.392116e-08,-6.598498e-10,2.132160e-10,-6.855957e-15,-6.697363e-10,-1.568651e-11,1.392116e-08,0.0000,99.6584,0.3416,1.469158e+02
76800,2.819233e-06,2.629112e+01,1.560546e-11,3.430967e-04,0.000000e+00,3.424314e-04,3.408514e-04,0.000000e+00,1.391930e-08,-6.563924e-10,2.337119e-10,-9.544506e-14,-6.702505e-10,-1.573167e-11,1.391939e-08,0.0000,99.6586,0.3414,1.464431e+02
76900,2.822904e-06,2.631248e+01,1.561814e-11,3.422197e-04,0.000000e+00,3.404961e-04,3.387657e-04,0.000000e+00,1.384784e-08,-6.606836e-10,2.308274e-10,1.421853e-13,-6.709101e-10,-1.576310e-11,1.384769e-08,0.0000,99.6584,0.3416,1.466030e+02
77000,2.826575e-06,2.633385e+01,1.563083e-11,3.444272e-04,0.000000e+00,3.418266e-04,3.409715e-04,0.000000e+00,1.391098e-08,-6.593800e-10,2.274517e-10,1.384199e-14,-6.731721e-10,-1.581386e-11,1.391097e-08,0.0000,99.6578,0.3422,1.467792e+02
77100,2.830246e-06,2.634798e+01,1.563921e-11,3.428850e-04,0.000000e+00,3.420383e-04,3.406013e-04,0.000000e+00,1.391979e-08,-6.584039e-10,2.282862e-10,-1.059777e-13,-6.736275e-10,-1.591814e-11,1.391989e-08,0.0000,99.6579,0.3421,1.467793e+02
77200,2.833917e-06,2.635322e+01,1.564232e-11,3.417359e-04,0.000000e+00,3.446691e-04,3.408880e-04,0.000000e+00,1.403203e-08,-6.701744e-10,2.208442e-10,-2.827873e-13,-6.737122e-10,-1.599866e-11,1.403232e-08,0.0000,99.6596,0.3404,1.469137e+02
77300,2.837588e-06,2.636368e+01,1.564853e-11,3.415847e-04,0.000000e+00,3.427640e-04,3.398934e-04,0.000000e+00,1.394233e-08,-6.658798e-10,2.287976e-10,-1.759193e-13,-6.714137e-10,-1.599276e-11,1.394251e-08,0.0000,99.6605,0.3395,1.466454e+02
77400,2.841259e-06,2.634860e+01,1.563958e-11,3.373209e-04,0.000000e+00,3.443365e-04,3.397599e-04,0.000000e+00,1.401212e-08,-6.623764e-10,2.369573e-10,1.126639e-13,-6.686313e-10,-1.589520e-11,1.401201e-08,0.0000,99.6637,0.3363,1.467615e+02
77500,2.844929e-06,2.635819e+01,1.564527e-11,3.429757e-04,0.000000e+00,3.401030e-04,3.414247e-04,0.000000e+00,1.383477e-08,-6.635088e-10,2.067384e-10,8.478447e-14,-6.671650e-10,-1.593583e-11,1.383468e-08,0.0000,99.6631,0.3369,1.466656e+02
77600,2.848600e-06,2.635859e+01,1.564551e-11,3.412218e-04,0.000000e+00,3.407078e-04,3.411570e-04,0.000000e+00,1.385245e-08,-6.606836e-10,2.127805e-10,2.351632e-13,-6.695755e-10,-1.578070e-11,1.385222e-08,0.0000,99.6633,0.3367,1.465098e+02
77700,2.852271e-06,2.637066e+01,1.565267e-11,3.420081e-04,0.000000e+00,3.382281e-04,3.400563e-04,0.000000e+00,1.377265e-08,-6.570509e-10,2.352568e-10,2.305043e-13,-6.703009e-10,-1.578667e-11,1.377242e-08,0.0000,99.6623,0.3377,1.469508e+02
77800,2.855942e-06,2.636266e+01,1.564793e-11,3.375931e-04,0.000000e+00,3.425221e-04,3.388862e-04,0.000000e+00,1.393459e-08,-6.611806e-10,2.288015e-10,5.460922e-13,-6.679385e-10,-1.564264e-11,1.393405e-08,0.0000,99.6647,0.3353,1.466842e+02
77900,2.859613e-06,2.637550e+01,1.565555e-11,3.428850e-04,0.000000e+00,3.419778e-04,3.408087e-04,0.000000e+00,1.390299e-08,-6.606381e-10,2.061778e-10,3.843002e-13,-6.675441e-10,-1.566743e-11,1.390261e-08,0.0000,99.6648,0.3352,1.464915e+02
78000,2.863284e-06,2.639205e+01,1.566537e-11,3.432781e-04,0.000000e+00,3.374419e-04,3.406029e-04,0.000000e+00,1.372179e-08,-6.489279e-10,2.290141e-10,8.076881e-14,-6.718631e-10,-1.576588e-11,1.372171e-08,0.0000,99.6629,0.3371,1.465510e+02
78100,2.866955e-06,2.642977e+01,1.568776e-11,3.453646e-04,0.000000e+00,3.399215e-04,3.392645e-04,0.000000e+00,1.382629e-08,-6.559695e-10,2.096947e-10,1.002774e-13,-6.744470e-10,-1.583301e-11,1.382619e-08,0.0000,99.6612,0.3388,1.466302e+02
78200,2.870626e-06,2.642934e+01,1.568750e-11,3.411614e-04,0.000000e+00,3.465742e-04,3.412320e-04,0.000000e+00,1.410791e-08,-6.707491e-10,2.214488e-10,4.363520e-13,-6.743976e-10,-1.582641e-11,1.410747e-08,0.0000,99.6638,0.3362,1.468782e+02
78300,2.874296e-06,2.643589e+01,1.569139e-11,3.413126e-04,0.000000e+00,3.427943e-04,3.402531e-04,0.000000e+00,1.393566e-08,-6.627812e-10,2.262319e-10,3.199484e-13,-6.722414e-10,-1.588118e-11,1.393534e-08,0.0000,99.6649,0.3351,1.464830e+02
78400,2.877967e-06,2.644246e+01,1.569529e-11,3.409194e-04,0.000000e+00,3.443970e-04,3.398564e-04,0.000000e+00,1.400222e-08,-6.657245e-10,2.289327e-10,1.674683e-13,-6.703669e-10,-1.575789e-11,1.400205e-08,0.0000,99.6667,0.3333,1.465164e+02
78500,2.881638e-06,2.644473e+01,1.569664e-11,3.404658e-04,0.000000e+00,3.394679e-04,3.400986e-04,0.000000e+00,1.381139e-08,-6.555965e-10,2.274338e-10,4.770566e-14,-6.698490e-10,-1.569736e-11,1.381135e-08,0.0000,99.6667,0.3333,1.466992e+02
78600,2.885309e-06,2.646315e+01,1.570757e-11,3.412823e-04,0.000000e+00,3.417057e-04,3.383046e-04,0.000000e+00,1.390138e-08,-6.595900e-10,2.298770e-10,1.897205e-13,-6.699931e-10,-1.571100e-11,1.390119e-08,0.0000,99.6673,0.3327,1.466815e+02
78700,2.888980e-06,2.649528e+01,1.572664e-11,3.445784e-04,0.000000e+00,3.400425e-04,3.393835e-04,0.000000e+00,1.383538e-08,-6.527611e-10,2.303540e-10,1.547163e-13,-6.709651e-10,-1.576935e-11,1.383522e-08,0.0000,99.6660,0.3340,1.467198e+02
78800,2.892651e-06,2.651790e+01,1.574007e-11,3.430664e-04,0.000000e+00,3.417057e-04,3.394091e-04,0.000000e+00,1.389783e-08,-6.605585e-10,2.232051e-10,1.877808e-13,-6.730241e-10,-1.588010e-11,1.389764e-08,0.0000,99.6659,0.3341,1.466097e+02
78900,2.896322e-06,2.652079e+01,1.574179e-11,3.424314e-04,0.000000e+00,3.431269e-04,3.419636e-04,0.000000e+00,1.395752e-08,-6.657972e-10,2.178224e-10,1.365587e-13,-6.740344e-10,-1.592275e-11,1.395738e-08,0.0000,99.6666,0.3334,1.466569e+02
79000,2.899993e-06,2.653316e+01,1.574913e-11,3.411009e-04,0.000000e+00,3.426128e-04,3.391012e-04,0.000000e+00,1.392545e-08,-6.596709e-10,2.503057e-10,5.279166e-14,-6.729238e-10,-1.593193e-11,1.392540e-08,0.0000,99.6677,0.3323,1.464171e+02
79100,2.903663e-06,2.655689e+01,1.576322e-11,3.421593e-04,0.000000e+00,3.434898e-04,3.383211e-04,0.000000e+00,1.396119e-08,-6.655366e-10,2.245891e-10,-2.034612e-14,-6.720629e-10,-1.591827e-11,1.396121e-08,0.0000,99.6686,0.3314,1.464306e+02
79200,2.907334e-06,2.656013e+01,1.576514e-11,3.409497e-04,0.000000e+00,3.432781e-04,3.404257e-04,0.000000e+00,1.397034e-08,-6.672710e-10,1.971379e-10,-1.106538e-13,-6.705934e-10,-1.588203e-11,1.397045e-08,0.0000,99.6700,0.3300,1.467948e+02
79300,2.911005e-06,2.658446e+01,1.577958e-11,3.435805e-04,0.000000e+00,3.414335e-04,3.396473e-04,0.000000e+00,1.388624e-08,-6.595698e-10,2.249956e-10,-2.452688e-13,-6.711667e-10,-1.592884e-11,1.388648e-08,0.0000,99.6696,0.3304,1.466020e+02
79400,2.914676e-06,2.658706e+01,1.578112e-11,3.401937e-04,0.000000e+00,3.405566e-04,3.397731e-04,0.000000e+00,1.384312e-08,-6.612678e-10,2.415016e-10,-1.684786e-16,-6.707175e-10,-1.593680e-11,1.384312e-08,0.0000,99.6702,0.3298,1.464491e+02
79500,2.918347e-06,2.658919e+01,1.578239e-11,3.401030e-04,0.000000e+00,3.417661e-04,3.397580e-04,0.000000e+00,1.388470e-08,-6.613047e-10,2.227143e-10,1.209735e-13,-6.702640e-10,-1.591947e-11,1.388458e-08,0.0000,99.6712,0.3288,1.462828e+02
79600,2.922018e-06,2.660870e+01,1.579397e-11,3.427036e-04,0.000000e+00,3.416452e-04,3.395487e-04,0.000000e+00,1.388988e-08,-6.662165e-10,2.343270e-10,1.118914e-13,-6.690514e-10,-1.572683e-11,1.388977e-08,0.0000,99.6713,0.3287,1.465041e+02
79700,2.925689e-06,2.664503e+01,1.581553e-11,3.447296e-04,0.000000e+00,3.419778e-04,3.388553e-04,0.000000e+00,1.391344e-08,-6.609763e-10,2.069251e-10,1.320028e-13,-6.715698e-10,-1.568877e-11,1.391331e-08,0.0000,99.6706,0.3294,1.467054e+02
79800,2.929360e-06,2.666684e+01,1.582847e-11,3.449715e-04,0.000000e+00,3.399518e-04,3.414461e-04,0.000000e+00,1.383225e-08,-6.553364e-10,2.402467e-10,-2.783873e-13,-6.740777e-10,-1.592248e-11,1.383253e-08,0.0000,99.6691,0.3309,1.467296e+02
79900,2.933030e-06,2.668422e+01,1.583879e-11,3.441853e-04,0.000000e+00,3.449413e-04,3.413744e-04,0.000000e+00,1.402878e-08,-6.666234e-10,2.250996e-10,-8.919212e-13,-6.769189e-10,-1.607294e-11,1.402968e-08,0.0000,99.6699,0.3301,1.466038e+02
80000,2.936701e-06,2.670708e+01,1.585236e-11,3.429757e-04,0.000000e+00,3.450320e-04,3.392787e-04,0.000000e+00,1.403448e-08,-6.726136e-10,2.204150e-10,-8.354599e-13,-6.751469e-10,-1.607540e-11,1.403531e-08,0.0000,99.6711,0.3289,1.466524e+02
80100,2.940372e-06,2.671158e+01,1.585503e-11,3.413730e-04,0.000000e+00,3.459089e-04,3.406465e-04,0.000000e+00,1.406408e-08,-6.666388e-10,2.403614e-10,-5.888376e-13,-6.722439e-10,-1.601752e-11,1.406467e-08,0.0000,99.6733,0.3267,1.465200e+02
80200,2.944043e-06,2.669663e+01,1.584616e-11,3.401332e-04,0.000000e+00,3.411009e-04,3.425508e-04,0.000000e+00,1.387440e-08,-6.604768e-10,2.392453e-10,-5.045121e-13,-6.694781e-10,-1.595882e-11,1.387490e-08,0.0000,99.6741,0.3259,1.466387e+02
80300,2.947714e-06,2.669464e+01,1.584498e-11,3.403449e-04,0.000000e+00,3.413428e-04,3.406651e-04,0.000000e+00,1.386414e-08,-6.674335e-10,2.194978e-10,-5.193409e-13,-6.695135e-10,-1.597265e-11,1.386466e-08,0.0000,99.6749,0.3251,1.462219e+02
80400,2.951385e-06,2.670889e+01,1.585344e-11,3.423407e-04,0.000000e+00,3.402239e-04,3.400375e-04,0.000000e+00,1.382540e-08,-6.596866e-10,2.156120e-10,-4.799809e-13,-6.690956e-10,-1.579990e-11,1.382588e-08,0.0000,99.6745,0.3255,1.463586e+02
80500,2.955056e-06,2.671621e+01,1.585778e-11,3.421895e-04,0.000000e+00,3.422197e-04,3.410064e-04,0.000000e+00,1.390723e-08,-6.670362e-10,2.405950e-10,-3.620642e-13,-6.703382e-10,-1.574558e-11,1.390759e-08,0.0000,99.6749,0.3251,1.463851e+02
80600,2.958727e-06,2.674090e+01,1.587243e-11,3.433688e-04,0.000000e+00,3.407682e-04,3.393763e-04,0.000000e+00,1.385370e-08,-6.508121e-10,2.300265e-10,-3.114948e-13,-6.717604e-10,-1.572109e-11,1.385401e-08,0.0000,99.6744,0.3256,1.464752e+02
80700,2.962397e-06,2.675487e+01,1.588073e-11,3.440643e-04,0.000000e+00,3.423407e-04,3.418045e-04,0.000000e+00,1.391285e-08,-6.635169e-10,2.315035e-10,-7.824677e-13,-6.736824e-10,-1.594970e-11,1.391363e-08,0.0000,99.6741,0.3259,1.463848e+02
80800,2.966068e-06,2.674526e+01,1.587502e-11,3.398611e-04,0.000000e+00,3.440341e-04,3.414161e-04,0.000000e+00,1.399015e-08,-6.608915e-10,2.224334e-10,-9.407319e-13,-6.731586e-10,-1.606103e-11,1.399109e-08,0.0000,99.6762,0.3238,1.465662e+02
80900,2.969739e-06,2.675376e+01,1.588007e-11,3.422197e-04,0.000000e+00,3.424616e-04,3.408453e-04,0.000000e+00,1.392544e-08,-6.651960e-10,2.235921e-10,-6.336139e-13,-6.706753e-10,-1.596519e-11,1.392607e-08,0.0000,99.6767,0.3233,1.465598e+02
81000,2.973410e-06,2.676135e+01,1.588458e-11,3.427943e-04,0.000000e+00,3.417661e-04,3.415662e-04,0.000000e+00,1.389226e-08,-6.658454e-10,2.442870e-10,-1.369576e-13,-6.701850e-10,-1.572930e-11,1.389240e-08,0.0000,99.6767,0.3233,1.464550e+02
81100,2.977081e-06,2.678912e+01,1.590106e-11,3.452739e-04,0.000000e+00,3.411009e-04,3.407841e-04,0.000000e+00,1.386567e-08,-6.582176e-10,2.337072e-10,-3.243692e-13,-6.725889e-10,-1.578105e-11,1.386599e-08,0.0000,99.6755,0.3245,1.464560e+02
81200,2.980752e-06,2.677512e+01,1.589275e-11,3.388027e-04,0.000000e+00,3.418871e-04,3.410667e-04,0.000000e+00,1.389742e-08,-6.612310e-10,2.307284e-10,-5.012771e-13,-6.733835e-10,-1.585125e-11,1.389792e-08,0.0000,99.6771,0.3229,1.464502e+02
81300,2.984423e-06,2.679040e+01,1.590182e-11,3.416754e-04,0.000000e+00,3.442155e-04,3.392044e-04,0.000000e+00,1.398984e-08,-6.669564e-10,2.013606e-10,-5.478791e-13,-6.702752e-10,-1.581226e-11,1.399038e-08,0.0000,99.6785,0.3215,1.464080e+02
81400,2.988094e-06,2.681154e+01,1.591436e-11,3.443667e-04,0.000000e+00,3.430967e-04,3.409487e-04,0.000000e+00,1.393895e-08,-6.588213e-10,2.307431e-10,-3.578203e-13,-6.699190e-10,-1.569627e-11,1.393931e-08,0.0000,99.6784,0.3216,1.462953e+02
81500,2.991764e-06,2.680058e+01,1.590786e-11,3.407682e-04,0.000000e+00,3.381979e-04,3.425398e-04,0.000000e+00,1.374494e-08,-6.518485e-10,2.220572e-10,-6.813176e-13,-6.723920e-10,-1.600772e-11,1.374563e-08,0.0000,99.6779,0.3221,1.463861e+02
81600,2.995435e-06,2.682188e+01,1.592050e-11,3.431874e-04,0.000000e+00,3.449715e-04,3.397431e-04,0.000000e+00,1.401102e-08,-6.671435e-10,2.428089e-10,-6.887454e-13,-6.728398e-10,-1.608743e-11,1.401171e-08,0.0000,99.6790,0.3210,1.462111e+02
81700,2.999106e-06,2.682914e+01,1.592481e-11,3.409194e-04,0.000000e+00,3.423709e-04,3.397464e-04,0.000000e+00,1.390696e-08,-6.671730e-10,2.267060e-10,-3.890288e-13,-6.704629e-10,-1.590662e-11,1.390735e-08,0.0000,99.6799,0.3201,1.462485e+02
81800,3.002777e-06,2.683331e+01,1.592729e-11,3.394377e-04,0.000000e+00,3.420081e-04,3.387632e-04,0.000000e+00,1.389985e-08,-6.627317e-10,2.320262e-10,1.363274e-14,-6.688704e-10,-1.570822e-11,1.389984e-08,0.0000,99.6813,0.3187,1.464042e+02
81900,3.006448e-06,2.683870e+01,1.593048e-11,3.416754e-04,0.000000e+00,3.407380e-04,3.408044e-04,0.000000e+00,1.384485e-08,-6.609508e-10,2.202462e-10,-2.233720e-14,-6.675416e-10,-1.550807e-11,1.384487e-08,0.0000,99.6814,0.3186,1.463365e+02
82000,3.010119e-06,2.686059e+01,1.594348e-11,3.437922e-04,0.000000e+00,3.402542e-04,3.402512e-04,0.000000e+00,1.382882e-08,-6.516911e-10,2.231116e-10,-2.378418e-13,-6.688556e-10,-1.568373e-11,1.382906e-08,0.0000,99.6805,0.3195,1.463916e+02
82100,3.013790e-06,2.685828e+01,1.594211e-11,3.404961e-04,0.000000e+00,3.398006e-04,3.408706e-04,0.000000e+00,1.379903e-08,-6.524324e-10,2.121539e-10,-6.369890e-13,-6.714136e-10,-1.598788e-11,1.379967e-08,0.0000,99.6806,0.3194,1.461577e+02
82200,3.017461e-06,2.688858e+01,1.596010e-11,3.443970e-04,0.000000e+00,3.432479e-04,3.394967e-04,0.000000e+00,1.394510e-08,-6.671739e-10,2.537615e-10,-6.903125e-13,-6.720837e-10,-1.608775e-11,1.394579e-08,0.0000,99.6806,0.3194,1.463002e+02
82300,3.021132e-06,2.689108e+01,1.596158e-11,3.401030e-04,0.000000e+00,3.425524e-04,3.396997e-04,0.000000e+00,1.391177e-08,-6.675392e-10,2.389131e-10,-5.767655e-13,-6.715580e-10,-1.601469e-11,1.391235e-08,0.0000,99.6819,0.3181,1.461929e+02
82400,3.024802e-06,2.690308e+01,1.596870e-11,3.427338e-04,0.000000e+00,3.444272e-04,3.407939e-04,0.000000e+00,1.400002e-08,-6.734700e-10,2.352319e-10,-5.456067e-13,-6.713093e-10,-1.589140e-11,1.400057e-08,0.0000,99.6829,0.3171,1.464488e+02
82500,3.028473e-06,2.691839e+01,1.597779e-11,3.412823e-04,0.000000e+00,3.400425e-04,3.388064e-04,0.000000e+00,1.380734e-08,-6.508811e-10,2.193441e-10,-5.868948e-13,-6.703941e-10,-1.591554e-11,1.380793e-08,0.0000,99.6829,0.3171,1.461314e+02
82600,3.032144e-06,2.692301e+01,1.598053e-11,3.399215e-04,0.000000e+00,3.430967e-04,3.391734e-04,0.000000e+00,1.393886e-08,-6.686912e-10,2.530907e-10,-8.224474e-13,-6.693006e-10,-1.603147e-11,1.393968e-08,0.0000,99.6845,0.3155,1.462914e+02
82700,3.035815e-06,2.694575e+01,1.599403e-11,3.449110e-04,0.000000e+00,3.416452e-04,3.412343e-04,0.000000e+00,1.388900e-08,-6.664337e-10,2.279225e-10,-5.686543e-13,-6.699778e-10,-1.592531e-11,1.388957e-08,0.0000,99.6837,0.3163,1.464807e+02
82800,3.039486e-06,2.694724e+01,1.599491e-11,3.396796e-04,0.000000e+00,3.397703e-04,3.394390e-04,0.000000e+00,1.378911e-08,-6.582249e-10,2.438764e-10,-3.693693e-13,-6.712076e-10,-1.588519e-11,1.378948e-08,0.0000,99.6841,0.3159,1.459782e+02
82900,3.043157e-06,2.698576e+01,1.601778e-11,3.455158e-04,0.000000e+00,3.426733e-04,3.392875e-04,0.000000e+00,1.392484e-08,-6.616207e-10,2.297281e-10,-5.111358e-13,-6.716763e-10,-1.588453e-11,1.392535e-08,0.0000,99.6834,0.3166,1.463671e+02
83000,3.046828e-06,2.697653e+01,1.601230e-11,3.386212e-04,0.000000e+00,3.426128e-04,3.401142e-04,0.000000e+00,1.391264e-08,-6.652648e-10,2.296221e-10,-3.646200e-13,-6.697047e-10,-1.579009e-11,1.391300e-08,0.0000,99.6853,0.3147,1.461525e+02
83100,3.050499e-06,2.695400e+01,1.599893e-11,3.387724e-04,0.000000e+00,3.407380e-04,3.424150e-04,0.000000e+00,1.384184e-08,-6.526666e-10,2.276748e-10,-6.753354e-13,-6.687879e-10,-1.598242e-11,1.384251e-08,0.0000,99.6864,0.3136,1.462609e+02
83200,3.054169e-06,2.696314e+01,1.600435e-11,3.401937e-04,0.000000e+00,3.426733e-04,3.387166e-04,0.000000e+00,1.391120e-08,-6.673495e-10,2.334661e-10,-6.849434e-13,-6.662545e-10,-1.595289e-11,1.391189e-08,0.0000,99.6877,0.3123,1.460809e+02
83300,3.057840e-06,2.698488e+01,1.601725e-11,3.425221e-04,0.000000e+00,3.385608e-04,3.390060e-04,0.000000e+00,1.374959e-08,-6.604160e-10,2.333968e-10,-5.934667e-13,-6.672481e-10,-1.598036e-11,1.375019e-08,0.0000,99.6867,0.3133,1.461839e+02
83400,3.061511e-06,2.698591e+01,1.601787e-11,3.411916e-04,0.000000e+00,3.394679e-04,3.410252e-04,0.000000e+00,1.377809e-08,-6.583478e-10,2.283956e-10,-7.014025e-13,-6.695537e-10,-1.597745e-11,1.377879e-08,0.0000,99.6864,0.3136,1.460139e+02
83500,3.065182e-06,2.699686e+01,1.602437e-11,3.417359e-04,0.000000e+00,3.407078e-04,3.399649e-04,0.000000e+00,1.383331e-08,-6.653208e-10,2.303747e-10,-8.231846e-13,-6.708914e-10,-1.591520e-11,1.383414e-08,0.0000,99.6865,0.3135,1.461183e+02
83600,3.068853e-06,2.698581e+01,1.601781e-11,3.388934e-04,0.000000e+00,3.440643e-04,3.406800e-04,0.000000e+00,1.396958e-08,-6.650234e-10,2.269473e-10,-8.289385e-13,-6.686418e-10,-1.582333e-11,1.397041e-08,0.0000,99.6887,0.3113,1.461092e+02
83700,3.072524e-06,2.700448e+01,1.602889e-11,3.426128e-04,0.000000e+00,3.416754e-04,3.395940e-04,0.000000e+00,1.388326e-08,-6.616615e-10,2.298972e-10,-8.794811e-13,-6.680457e-10,-1.579247e-11,1.388414e-08,0.0000,99.6888,0.3112,1.463390e+02
83800,3.076195e-06,2.703004e+01,1.604406e-11,3.440341e-04,0.000000e+00,3.373814e-04,3.399024e-04,0.000000e+00,1.370361e-08,-6.503044e-10,2.181737e-10,-5.846853e-13,-6.701620e-10,-1.575841e-11,1.370419e-08,0.0000,99.6867,0.3133,1.462197e+02
83900,3.079866e-06,2.704318e+01,1.605186e-11,3.442760e-04,0.000000e+00,3.422500e-04,3.421500e-04,0.000000e+00,1.390655e-08,-6.664911e-10,2.371547e-10,-8.902601e-13,-6.734046e-10,-1.597886e-11,1.390744e-08,0.0000,99.6864,0.3136,1.463393e+02
84000,3.083536e-06,2.707210e+01,1.606903e-11,3.443365e-04,0.000000e+00,3.443365e-04,3.396605e-04,0.000000e+00,1.398311e-08,-6.637246e-10,2.349686e-10,-8.143288e-13,-6.748142e-10,-1.607130e-11,1.398392e-08,0.0000,99.6868,0.3132,1.461611e+02
84100,3.087207e-06,2.709141e+01,1.608049e-11,3.420988e-04,0.000000e+00,3.437619e-04,3.389764e-04,0.000000e+00,1.396070e-08,-6.729170e-10,2.238940e-10,-7.506035e-13,-6.735139e-10,-1.598581e-11,1.396145e-08,0.0000,99.6878,0.3122,1.461964e+02
84200,3.090878e-06,2.713563e+01,1.610673e-11,3.452437e-04,0.000000e+00,3.430060e-04,3.380940e-04,0.000000e+00,1.392263e-08,-6.626016e-10,2.251553e-10,-7.783574e-13,-6.739009e-10,-1.597522e-11,1.392341e-08,0.0000,99.6874,0.3126,1.460347e+02
84300,3.094549e-06,2.711529e+01,1.609466e-11,3.368371e-04,0.000000e+00,3.431572e-04,3.401257e-04,0.000000e+00,1.392356e-08,-6.637774e-10,2.130260e-10,-8.385124e-13,-6.722385e-10,-1.593342e-11,1.392440e-08,0.0000,99.6901,0.3099,1.459211e+02
84400,3.098220e-06,2.713374e+01,1.610561e-11,3.429757e-04,0.000000e+00,3.440946e-04,3.399929e-04,0.000000e+00,1.396692e-08,-6.654102e-10,2.566466e-10,-6.650908e-13,-6.700207e-10,-1.583543e-11,1.396759e-08,0.0000,99.6909,0.3091,1.460412e+02
84500,3.101891e-06,2.713854e+01,1.610846e-11,3.405566e-04,0.000000e+00,3.403751e-04,3.397800e-04,0.000000e+00,1.380572e-08,-6.588383e-10,2.221772e-10,-4.603238e-13,-6.678615e-10,-1.568709e-11,1.380618e-08,0.0000,99.6912,0.3088,1.458196e+02
84600,3.105562e-06,2.715957e+01,1.612094e-11,3.452739e-04,0.000000e+00,3.417057e-04,3.418743e-04,0.000000e+00,1.388074e-08,-6.619865e-10,2.397158e-10,-6.676743e-13,-6.709531e-10,-1.580913e-11,1.388141e-08,0.0000,99.6903,0.3097,1.462541e+02
84700,3.109233e-06,2.716778e+01,1.612582e-11,3.419778e-04,0.000000e+00,3.389236e-04,3.406494e-04,0.000000e+00,1.375892e-08,-6.514318e-10,2.281533e-10,-8.726097e-13,-6.721558e-10,-1.595140e-11,1.375979e-08,0.0000,99.6895,0.3105,1.460601e+02
84800,3.112903e-06,2.718155e+01,1.613399e-11,3.418871e-04,0.000000e+00,3.454856e-04,3.396610e-04,0.000000e+00,1.401637e-08,-6.688281e-10,2.295034e-10,-6.438888e-13,-6.733415e-10,-1.591501e-11,1.401701e-08,0.0000,99.6912,0.3088,1.458903e+02
84900,3.116574e-06,2.719440e+01,1.614162e-11,3.419476e-04,0.000000e+00,3.429757e-04,3.398693e-04,0.000000e+00,1.392488e-08,-6.674304e-10,2.414102e-10,-1.181287e-13,-6.708851e-10,-1.561151e-11,1.392500e-08,0.0000,99.6920,0.3080,1.461157e+02
85000,3.120245e-06,2.719140e+01,1.613984e-11,3.401332e-04,0.000000e+00,3.420081e-04,3.406185e-04,0.000000e+00,1.387500e-08,-6.541633e-10,2.474093e-10,-1.581340e-13,-6.695770e-10,-1.573366e-11,1.387515e-08,0.0000,99.6930,0.3070,1.458754e+02
85100,3.123916e-06,2.719516e+01,1.614207e-11,3.412521e-04,0.000000e+00,3.414335e-04,3.406449e-04,0.000000e+00,1.385863e-08,-6.511816e-10,2.273391e-10,-2.047377e-13,-6.674187e-10,-1.588268e-11,1.385884e-08,0.0000,99.6935,0.3065,1.460242e+02
85200,3.127587e-06,2.720847e+01,1.614997e-11,3.421290e-04,0.000000e+00,3.411009e-04,3.399757e-04,0.000000e+00,1.384043e-08,-6.641439e-10,2.226740e-10,-2.744680e-13,-6.676329e-10,-1.584989e-11,1.384071e-08,0.0000,99.6935,0.3065,1.459334e+02
85300,3.131258e-06,2.719810e+01,1.614381e-11,3.394075e-04,0.000000e+00,3.393167e-04,3.410845e-04,0.000000e+00,1.377640e-08,-6.571568e-10,2.223078e-10,-4.308928e-13,-6.683223e-10,-1.588772e-11,1.377683e-08,0.0000,99.6938,0.3062,1.461010e+02
85400,3.134929e-06,2.720633e+01,1.614870e-11,3.421895e-04,0.000000e+00,3.436107e-04,3.408597e-04,0.000000e+00,1.394591e-08,-6.647504e-10,2.439933e-10,-3.467162e-13,-6.682590e-10,-1.598694e-11,1.394625e-08,0.0000,99.6947,0.3053,1.460067e+02
85500,3.138600e-06,2.722913e+01,1.616223e-11,3.449715e-04,0.000000e+00,3.399820e-04,3.412841e-04,0.000000e+00,1.380108e-08,-6.588628e-10,2.296781e-10,-2.627883e-13,-6.703975e-10,-1.594083e-11,1.380134e-08,0.0000,99.6933,0.3067,1.460517e+02
85600,3.142270e-06,2.723091e+01,1.616329e-11,3.398006e-04,0.000000e+00,3.408590e-04,3.395124e-04,0.000000e+00,1.382846e-08,-6.644735e-10,2.287373e-10,-2.741152e-13,-6.723169e-10,-1.599290e-11,1.382873e-08,0.0000,99.6941,0.3059,1.458888e+02
85700,3.145941e-06,2.722962e+01,1.616252e-11,3.401937e-04,0.000000e+00,3.434898e-04,3.404025e-04,0.000000e+00,1.394900e-08,-6.610370e-10,2.260093e-10,-5.572514e-13,-6.702704e-10,-1.602949e-11,1.394955e-08,0.0000,99.6956,0.3044,1.461647e+02
85800,3.149612e-06,2.723481e+01,1.616560e-11,3.415847e-04,0.000000e+00,3.427640e-04,3.407455e-04,0.000000e+00,1.390930e-08,-6.671720e-10,2.320424e-10,-4.399292e-13,-6.674580e-10,-1.587677e-11,1.390974e-08,0.0000,99.6964,0.3036,1.459558e+02
85900,3.153283e-06,2.725501e+01,1.617759e-11,3.430967e-04,0.000000e+00,3.399518e-04,3.398313e-04,0.000000e+00,1.379737e-08,-6.637688e-10,2.460003e-10,-8.296833e-13,-6.686466e-10,-1.597868e-11,1.379820e-08,0.0000,99.6957,0.3043,1.460073e+02
86000,3.156954e-06,2.724437e+01,1.617128e-11,3.394377e-04,0.000000e+00,3.401937e-04,3.411584e-04,0.000000e+00,1.380875e-08,-6.546599e-10,2.485764e-10,-7.815596e-13,-6.703694e-10,-1.597645e-11,1.380953e-08,0.0000,99.6963,0.3037,1.460345e+02
86100,3.160625e-06,2.723492e+01,1.616567e-11,3.393470e-04,0.000000e+00,3.433084e-04,3.408744e-04,0.000000e+00,1.392822e-08,-6.733488e-10,2.259061e-10,-5.269007e-13,-6.690829e-10,-1.590574e-11,1.392874e-08,0.0000,99.6981,0.3019,1.459028e+02
86200,3.164296e-06,2.724843e+01,1.617369e-11,3.420988e-04,0.000000e+00,3.418871e-04,3.399139e-04,0.000000e+00,1.386803e-08,-6.575531e-10,2.332867e-10,-5.442214e-13,-6.675789e-10,-1.576526e-11,1.386857e-08,0.0000,99.6984,0.3016,1.458410e+02
86300,3.167967e-06,2.723037e+01,1.616297e-11,3.392865e-04,0.000000e+00,3.396191e-04,3.422064e-04,0.000000e+00,1.378915e-08,-6.572132e-10,2.277299e-10,-6.136420e-13,-6.673921e-10,-1.584946e-11,1.378977e-08,0.0000,99.6988,0.3012,1.461074e+02
86400,3.171637e-06,2.723304e+01,1.616455e-11,3.410404e-04,0.000000e+00,3.406473e-04,3.406091e-04,0.000000e+00,1.383202e-08,-6.627613e-10,2.324188e-10,-5.226677e-13,-6.678822e-10,-1.586609e-11,1.383254e-08,0.0000,99.6991,0.3009,1.461400e+02
86500,3.175308e-06,2.726024e+01,1.618070e-11,3.436712e-04,0.000000e+00,3.387422e-04,3.392728e-04,0.000000e+00,1.374468e-08,-6.567670e-10,2.324863e-10,-7.351569e-13,-6.690442e-10,-1.582516e-11,1.374541e-08,0.0000,99.6977,0.3023,1.459339e+02
86600,3.178979e-06,2.726033e+01,1.618075e-11,3.396494e-04,0.000000e+00,3.404054e-04,3.396357e-04,0.000000e+00,1.381285e-08,-6.595711e-10,2.447370e-10,-1.086670e-12,-6.700929e-10,-1.599274e-11,1.381394e-08,0.0000,99.6983,0.3017,1.459407e+02
86700,3.182650e-06,2.727067e+01,1.618689e-11,3.420685e-04,0.000000e+00,3.416754e-04,3.403968e-04,0.000000e+00,1.386138e-08,-6.563743e-10,2.253625e-10,-1.176743e-12,-6.698943e-10,-1.602139e-11,1.386256e-08,0.0000,99.6985,0.3015,1.458718e+02
86800,3.186321e-06,2.730364e+01,1.620646e-11,3.438829e-04,0.000000e+00,3.424012e-04,3.385505e-04,0.000000e+00,1.389169e-08,-6.719602e-10,2.209276e-10,-1.158084e-12,-6.711977e-10,-1.602615e-11,1.389285e-08,0.0000,99.6984,0.3016,1.459000e+02
86900,3.189992e-06,2.732552e+01,1.621945e-11,3.430362e-04,0.000000e+00,3.413428e-04,3.394990e-04,0.000000e+00,1.385809e-08,-6.611276e-10,2.212906e-10,-1.334624e-12,-6.731813e-10,-1.613633e-11,1.385942e-08,0.0000,99.6982,0.3018,1.460944e+02
87000,3.193663e-06,2.734198e+01,1.622922e-11,3.425221e-04,0.000000e+00,3.432479e-04,3.398603e-04,0.000000e+00,1.392970e-08,-6.671920e-10,2.329993e-10,-1.080246e-12,-6.736007e-10,-1.606866e-11,1.393078e-08,0.0000,99.6988,0.3012,1.459719e+02
87100,3.197334e-06,2.734717e+01,1.623230e-11,3.418569e-04,0.000000e+00,3.439736e-04,3.410172e-04,0.000000e+00,1.395684e-08,-6.715670e-10,2.292538e-10,-6.803439e-13,-6.711886e-10,-1.580426e-11,1.395752e-08,0.0000,99.6999,0.3001,1.459302e+02
87200,3.201004e-06,2.735508e+01,1.623699e-11,3.412823e-04,0.000000e+00,3.430664e-04,3.400032e-04,0.000000e+00,1.392250e-08,-6.616873e-10,2.272477e-10,-9.263932e-13,-6.711545e-10,-1.592602e-11,1.392342e-08,0.0000,99.7009,0.2991,1.459826e+02
87300,3.204675e-06,2.737985e+01,1.625169e-11,3.416149e-04,0.000000e+00,3.407380e-04,3.376111e-04,0.000000e+00,1.382228e-08,-6.512529e-10,2.375391e-10,-9.535175e-13,-6.706634e-10,-1.601366e-11,1.382323e-08,0.0000,99.7009,0.2991,1.458427e+02
87400,3.208346e-06,2.740469e+01,1.626644e-11,3.428850e-04,0.000000e+00,3.414637e-04,3.388676e-04,0.000000e+00,1.385671e-08,-6.695117e-10,2.333824e-10,-9.572833e-13,-6.702380e-10,-1.593167e-11,1.385767e-08,0.0000,99.7008,0.2992,1.459684e+02
87500,3.212017e-06,2.739845e+01,1.626273e-11,3.389539e-04,0.000000e+00,3.417359e-04,3.399638e-04,0.000000e+00,1.385735e-08,-6.645971e-10,2.471352e-10,-5.010042e-13,-6.687702e-10,-1.555737e-11,1.385786e-08,0.0000,99.7021,0.2979,1.457387e+02
87600,3.215688e-06,2.743715e+01,1.628571e-11,3.450018e-04,0.000000e+00,3.430362e-04,3.387428e-04,0.000000e+00,1.391792e-08,-6.569366e-10,2.377556e-10,-5.141175e-13,-6.705275e-10,-1.562051e-11,1.391844e-08,0.0000,99.7018,0.2982,1.459077e+02
87700,3.219359e-06,2.747416e+01,1.630767e-11,3.452739e-04,0.000000e+00,3.392260e-04,3.392907e-04,0.000000e+00,1.375984e-08,-6.475118e-10,2.282468e-10,-6.380210e-13,-6.726206e-10,-1.585201e-11,1.376047e-08,0.0000,99.7000,0.3000,1.458249e+02
87800,3.223030e-06,2.749070e+01,1.631749e-11,3.411614e-04,0.000000e+00,3.440946e-04,3.384866e-04,0.000000e+00,1.396624e-08,-6.631646e-10,2.424518e-10,-7.781101e-13,-6.742195e-10,-1.609677e-11,1.396701e-08,0.0000,99.7014,0.2986,1.460187e+02
87900,3.226701e-06,2.750585e+01,1.632648e-11,3.435200e-04,0.000000e+00,3.428850e-04,3.410706e-04,0.000000e+00,1.391303e-08,-6.655241e-10,2.411496e-10,-7.269508e-13,-6.730936e-10,-1.593777e-11,1.391375e-08,0.0000,99.7016,0.2984,1.459417e+02
88000,3.230371e-06,2.753220e+01,1.634212e-11,3.447296e-04,0.000000e+00,3.441551e-04,3.404682e-04,0.000000e+00,1.395597e-08,-6.674132e-10,2.345153e-10,-7.100727e-13,-6.723197e-10,-1.584659e-11,1.395668e-08,0.0000,99.7017,0.2983,1.457642e+02
88100,3.234042e-06,2.755186e+01,1.635379e-11,3.438527e-04,0.000000e+00,3.435200e-04,3.406738e-04,0.000000e+00,1.393662e-08,-6.625574e-10,2.344219e-10,-7.813717e-13,-6.736767e-10,-1.594330e-11,1.393740e-08,0.0000,99.7020,0.2980,1.458869e+02
88200,3.237713e-06,2.755686e+01,1.635676e-11,3.415242e-04,0.000000e+00,3.414637e-04,3.407165e-04,0.000000e+00,1.385694e-08,-6.573400e-10,2.277015e-10,-8.100247e-13,-6.727801e-10,-1.586562e-11,1.385775e-08,0.0000,99.7023,0.2977,1.459636e+02
88300,3.241384e-06,2.758190e+01,1.637162e-11,3.441248e-04,0.000000e+00,3.460904e-04,3.400755e-04,0.000000e+00,1.403067e-08,-6.703588e-10,2.306586e-10,-8.482087e-13,-6.729428e-10,-1.602896e-11,1.403152e-08,0.0000,99.7033,0.2967,1.456841e+02
88400,3.245055e-06,2.758552e+01,1.637377e-11,3.418266e-04,0.000000e+00,3.399820e-04,3.412414e-04,0.000000e+00,1.378522e-08,-6.557389e-10,2.419588e-10,-1.120980e-12,-6.725677e-10,-1.605253e-11,1.378635e-08,0.0000,99.7030,0.2970,1.457157e+02
88500,3.248726e-06,2.759112e+01,1.637709e-11,3.446086e-04,0.000000e+00,3.452134e-04,3.437038e-04,0.000000e+00,1.399895e-08,-6.712213e-10,2.530367e-10,-1.238385e-12,-6.735158e-10,-1.628735e-11,1.400018e-08,0.0000,99.7036,0.2964,1.457678e+02
88600,3.252397e-06,2.759527e+01,1.637956e-11,3.412218e-04,0.000000e+00,3.429455e-04,3.405507e-04,0.000000e+00,1.390544e-08,-6.643880e-10,2.288356e-10,-9.231286e-13,-6.725189e-10,-1.608924e-11,1.390637e-08,0.0000,99.7045,0.2955,1.457233e+02
88700,3.256068e-06,2.762130e+01,1.639501e-11,3.451530e-04,0.000000e+00,3.435200e-04,3.409437e-04,0.000000e+00,1.393971e-08,-6.722035e-10,2.434004e-10,-8.408821e-13,-6.729519e-10,-1.594241e-11,1.394055e-08,0.0000,99.7043,0.2957,1.459592e+02
88800,3.259738e-06,2.761599e+01,1.639186e-11,3.413428e-04,0.000000e+00,3.430060e-04,3.422009e-04,0.000000e+00,1.390695e-08,-6.612759e-10,2.303724e-10,-3.616956e-13,-6.720223e-10,-1.570898e-11,1.390731e-08,0.0000,99.7053,0.2947,1.457067e+02
88900,3.263409e-06,2.758293e+01,1.637223e-11,3.381374e-04,0.000000e+00,3.426431e-04,3.434839e-04,0.000000e+00,1.388192e-08,-6.611251e-10,2.487473e-10,-4.369439e-13,-6.707030e-10,-1.584879e-11,1.388236e-08,0.0000,99.7072,0.2928,1.454890e+02
89000,3.267080e-06,2.757402e+01,1.636694e-11,3.413730e-04,0.000000e+00,3.431874e-04,3.428136e-04,0.000000e+00,1.391261e-08,-6.572249e-10,2.251982e-10,-2.901418e-13,-6.682088e-10,-1.577341e-11,1.391290e-08,0.0000,99.7081,0.2919,1.456591e+02
89100,3.270751e-06,2.756113e+01,1.635930e-11,3.411916e-04,0.000000e+00,3.407380e-04,3.432751e-04,0.000000e+00,1.381540e-08,-6.625579e-10,2.380598e-10,-1.387086e-13,-6.674849e-10,-1.585123e-11,1.381554e-08,0.0000,99.7083,0.2917,1.457195e+02
89200,3.274422e-06,2.756821e+01,1.636350e-11,3.428850e-04,0.000000e+00,3.402844e-04,3.417406e-04,0.000000e+00,1.380358e-08,-6.552771e-10,2.289133e-10,-2.332832e-13,-6.687187e-10,-1.593193e-11,1.380381e-08,0.0000,99.7078,0.2922,1.458438e+02
89300,3.278093e-06,2.757523e+01,1.636766e-11,3.426128e-04,0.000000e+00,3.401937e-04,3.414779e-04,0.000000e+00,1.379904e-08,-6.618012e-10,2.400120e-10,-5.053755e-13,-6.695614e-10,-1.596756e-11,1.379955e-08,0.0000,99.7073,0.2927,1.458402e+02
89400,3.281764e-06,2.758204e+01,1.637171e-11,3.420685e-04,0.000000e+00,3.409194e-04,3.409668e-04,0.000000e+00,1.382466e-08,-6.563670e-10,2.501906e-10,-1.667731e-13,-6.707553e-10,-1.600697e-11,1.382483e-08,0.0000,99.7072,0.2928,1.457489e+02
89500,3.285435e-06,2.759078e+01,1.637689e-11,3.426128e-04,0.000000e+00,3.424616e-04,3.412002e-04,0.000000e+00,1.388105e-08,-6.667639e-10,2.389668e-10,-2.452865e-13,-6.706341e-10,-1.600266e-11,1.388130e-08,0.0000,99.7075,0.2925,1.456288e+02
89600,3.289106e-06,2.758098e+01,1.637108e-11,3.407380e-04,0.000000e+00,3.422500e-04,3.423226e-04,0.000000e+00,1.387251e-08,-6.642299e-10,2.475834e-10,-1.563717e-13,-6.706333e-10,-1.592912e-11,1.387267e-08,0.0000,99.7084,0.2916,1.456221e+02
89700,3.292776e-06,2.757224e+01,1.636589e-11,3.416149e-04,0.000000e+00,3.420383e-04,3.430273e-04,0.000000e+00,1.386042e-08,-6.608095e-10,2.129539e-10,-1.829654e-13,-6.703961e-10,-1.593361e-11,1.386060e-08,0.0000,99.7089,0.2911,1.455627e+02
89800,3.296447e-06,2.755952e+01,1.635834e-11,3.385608e-04,0.000000e+00,3.434898e-04,3.406189e-04,0.000000e+00,1.392194e-08,-6.677541e-10,2.254779e-10,1.332762e-13,-6.677566e-10,-1.571078e-11,1.392181e-08,0.0000,99.7109,0.2891,1.456155e+02
89900,3.300118e-06,2.757449e+01,1.636723e-11,3.425826e-04,0.000000e+00,3.407985e-04,3.401608e-04,0.000000e+00,1.381287e-08,-6.576824e-10,2.454294e-10,5.618016e-14,-6.668092e-10,-1.559580e-11,1.381282e-08,0.0000,99.7106,0.2894,1.456061e+02
90000,3.303789e-06,2.758767e+01,1.637505e-11,3.420081e-04,0.000000e+00,3.395284e-04,3.398768e-04,0.000000e+00,1.376911e-08,-6.482376e-10,2.259239e-10,2.447285e-13,-6.691907e-10,-1.544430e-11,1.376887e-08,0.0000,99.7101,0.2899,1.457505e+02
90100,3.307460e-06,2.760495e+01,1.638531e-11,3.423105e-04,0.000000e+00,3.391958e-04,3.395162e-04,0.000000e+00,1.374987e-08,-6.527306e-10,2.241797e-10,1.352193e-13,-6.702065e-10,-1.554819e-11,1.374974e-08,0.0000,99.7094,0.2906,1.456454e+02
90200,3.311131e-06,2.763261e+01,1.640173e-11,3.441853e-04,0.000000e+00,3.458182e-04,3.397127e-04,0.000000e+00,1.402903e-08,-6.595483e-10,2.443157e-10,8.883742e-14,-6.719167e-10,-1.563013e-11,1.402894e-08,0.0000,99.7103,0.2897,1.458647e+02
90300,3.314802e-06,2.764062e+01,1.640648e-11,3.405263e-04,0.000000e+00,3.387724e-04,3.392317e-04,0.000000e+00,1.373191e-08,-6.484964e-10,2.341041e-10,-6.981855e-14,-6.719238e-10,-1.578175e-11,1.373198e-08,0.0000,99.7100,0.2900,1.456172e+02
90400,3.318473e-06,2.765358e+01,1.641417e-11,3.425826e-04,0.000000e+00,3.446086e-04,3.404875e-04,0.000000e+00,1.397055e-08,-6.658481e-10,2.499355e-10,-1.216727e-13,-6.716112e-10,-1.582950e-11,1.397067e-08,0.0000,99.7110,0.2890,1.456782e+02
90500,3.322143e-06,2.767712e+01,1.642814e-11,3.434898e-04,0.000000e+00,3.416149e-04,3.396836e-04,0.000000e+00,1.384475e-08,-6.555462e-10,2.331253e-10,2.275678e-13,-6.719984e-10,-1.568378e-11,1.384452e-08,0.0000,99.7107,0.2893,1.455842e+02
90600,3.325814e-06,2.770134e+01,1.644252e-11,3.416149e-04,0.000000e+00,3.430664e-04,3.376976e-04,0.000000e+00,1.391786e-08,-6.587802e-10,2.576643e-10,3.278857e-14,-6.720245e-10,-1.584744e-11,1.391783e-08,0.0000,99.7116,0.2884,1.458755e+02
90700,3.329485e-06,2.770013e+01,1.644180e-11,3.402844e-04,0.000000e+00,3.419778e-04,3.404804e-04,0.000000e+00,1.386374e-08,-6.564620e-10,2.168153e-10,-2.199749e-13,-6.714790e-10,-1.585732e-11,1.386396e-08,0.0000,99.7125,0.2875,1.456643e+02
90800,3.333156e-06,2.770696e+01,1.644585e-11,3.408287e-04,0.000000e+00,3.425826e-04,3.397255e-04,0.000000e+00,1.389527e-08,-6.639537e-10,2.560861e-10,-1.495364e-13,-6.686107e-10,-1.553242e-11,1.389542e-08,0.0000,99.7134,0.2866,1.458272e+02
90900,3.336827e-06,2.772282e+01,1.645527e-11,3.432781e-04,0.000000e+00,3.421593e-04,3.407127e-04,0.000000e+00,1.386835e-08,-6.564136e-10,2.510525e-10,-1.197371e-14,-6.684848e-10,-1.544280e-11,1.386836e-08,0.0000,99.7133,0.2867,1.456062e+02
91000,3.340498e-06,2.774583e+01,1.646893e-11,3.444877e-04,0.000000e+00,3.397099e-04,3.407666e-04,0.000000e+00,1.378231e-08,-6.450842e-10,2.235772e-10,1.127938e-14,-6.713283e-10,-1.567228e-11,1.378230e-08,0.0000,99.7121,0.2879,1.458732e+02
91100,3.344169e-06,2.776412e+01,1.647979e-11,3.432176e-04,0.000000e+00,3.421593e-04,3.402602e-04,0.000000e+00,1.386539e-08,-6.580227e-10,2.476669e-10,-4.374920e-13,-6.743636e-10,-1.585528e-11,1.386583e-08,0.0000,99.7120,0.2880,1.455486e+02
91200,3.347840e-06,2.778391e+01,1.649153e-11,3.436410e-04,0.000000e+00,3.435503e-04,3.404423e-04,0.000000e+00,1.393113e-08,-6.605411e-10,2.384750e-10,-5.568098e-13,-6.749247e-10,-1.602321e-11,1.393169e-08,0.0000,99.7123,0.2877,1.457459e+02
91300,3.351510e-06,2.781786e+01,1.651168e-11,3.426431e-04,0.000000e+00,3.441853e-04,3.371531e-04,0.000000e+00,1.394455e-08,-6.647954e-10,2.302391e-10,-8.274357e-13,-6.740412e-10,-1.613939e-11,1.394538e-08,0.0000,99.7132,0.2868,1.454945e+02
91400,3.355181e-06,2.782458e+01,1.651567e-11,3.424314e-04,0.000000e+00,3.430362e-04,3.413455e-04,0.000000e+00,1.390584e-08,-6.672936e-10,2.373237e-10,-7.303623e-13,-6.725295e-10,-1.590499e-11,1.390657e-08,0.0000,99.7137,0.2863,1.456603e+02
91500,3.358852e-06,2.781935e+01,1.651257e-11,3.392563e-04,0.000000e+00,3.427036e-04,3.401008e-04,0.000000e+00,1.388745e-08,-6.652286e-10,2.380109e-10,-2.159649e-13,-6.709619e-10,-1.574678e-11,1.388767e-08,0.0000,99.7152,0.2848,1.455572e+02
91600,3.362523e-06,2.783029e+01,1.651906e-11,3.429757e-04,0.000000e+00,3.432479e-04,3.412066e-04,0.000000e+00,1.390942e-08,-6.570424e-10,2.490224e-10,-7.732787e-14,-6.698093e-10,-1.568258e-11,1.390950e-08,0.0000,99.7156,0.2844,1.455480e+02
91700,3.366194e-06,2.782806e+01,1.651773e-11,3.408590e-04,0.000000e+00,3.397401e-04,3.412202e-04,0.000000e+00,1.376579e-08,-6.544737e-10,2.420367e-10,-1.639996e-13,-6.699377e-10,-1.567857e-11,1.376595e-08,0.0000,99.7156,0.2844,1.455071e+02
91800,3.369865e-06,2.782490e+01,1.651586e-11,3.409194e-04,0.000000e+00,3.414637e-04,3.414304e-04,0.000000e+00,1.383440e-08,-6.551524e-10,2.379768e-10,-3.930871e-13,-6.697411e-10,-1.576517e-11,1.383480e-08,0.0000,99.7161,0.2839,1.454906e+02
91900,3.373536e-06,2.781225e+01,1.650835e-11,3.396494e-04,0.000000e+00,3.410404e-04,3.416941e-04,0.000000e+00,1.381651e-08,-6.579317e-10,2.441580e-10,-5.483314e-13,-6.688454e-10,-1.574941e-11,1.381706e-08,0.0000,99.7168,0.2832,1.454695e+02
92000,3.377207e-06,2.780193e+01,1.650222e-11,3.414637e-04,0.000000e+00,3.398611e-04,3.431334e-04,0.000000e+00,1.376984e-08,-6.530747e-10,2.441997e-10,-4.457251e-13,-6.685502e-10,-1.585072e-11,1.377029e-08,0.0000,99.7166,0.2834,1.454914e+02
92100,3.380877e-06,2.782923e+01,1.651843e-11,3.434898e-04,0.000000e+00,3.417964e-04,3.390755e-04,0.000000e+00,1.385212e-08,-6.610306e-10,2.412656e-10,-7.087470e-13,-6.698590e-10,-1.594180e-11,1.385283e-08,0.0000,99.7164,0.2836,1.455810e+02
92200,3.384548e-06,2.783309e+01,1.652072e-11,3.428548e-04,0.000000e+00,3.427338e-04,3.422297e-04,0.000000e+00,1.389088e-08,-6.644491e-10,2.423939e-10,-7.186058e-13,-6.710228e-10,-1.588170e-11,1.389160e-08,0.0000,99.7167,0.2833,1.455938e+02
92300,3.388219e-06,2.784056e+01,1.652515e-11,3.427338e-04,0.000000e+00,3.414637e-04,3.415270e-04,0.000000e+00,1.384269e-08,-6.632357e-10,2.503563e-10,-5.436532e-13,-6.729017e-10,-1.589350e-11,1.384323e-08,0.0000,99.7166,0.2834,1.456646e+02
92400,3.391890e-06,2.784387e+01,1.652712e-11,3.426431e-04,0.000000e+00,3.420685e-04,3.421074e-04,0.000000e+00,1.386050e-08,-6.612524e-10,2.438182e-10,-5.054588e-13,-6.735372e-10,-1.613570e-11,1.386101e-08,0.0000,99.7167,0.2833,1.455270e+02
92500,3.395561e-06,2.784504e+01,1.652782e-11,3.418266e-04,0.000000e+00,3.443667e-04,3.416369e-04,0.000000e+00,1.394754e-08,-6.620992e-10,2.136371e-10,-7.806589e-13,-6.720412e-10,-1.618925e-11,1.394832e-08,0.0000,99.7179,0.2821,1.454156e+02
92600,3.399232e-06,2.784604e+01,1.652841e-11,3.418871e-04,0.000000e+00,3.424314e-04,3.417263e-04,0.000000e+00,1.387443e-08,-6.708337e-10,2.440007e-10,-7.173907e-13,-6.713403e-10,-1.596422e-11,1.387515e-08,0.0000,99.7184,0.2816,1.455116e+02
92700,3.402903e-06,2.785034e+01,1.653096e-11,3.410404e-04,0.000000e+00,3.421290e-04,3.403451e-04,0.000000e+00,1.386905e-08,-6.652319e-10,2.394807e-10,-5.663911e-13,-6.701662e-10,-1.583869e-11,1.386962e-08,0.0000,99.7190,0.2810,1.456595e+02
92800,3.406574e-06,2.785673e+01,1.653475e-11,3.418266e-04,0.000000e+00,3.423105e-04,3.407933e-04,0.000000e+00,1.386391e-08,-6.572756e-10,2.299794e-10,-5.825749e-13,-6.703974e-10,-1.562926e-11,1.386450e-08,0.0000,99.7195,0.2805,1.453866e+02
92900,3.410244e-06,2.783281e+01,1.652055e-11,3.389236e-04,0.000000e+00,3.391655e-04,3.427911e-04,0.000000e+00,1.374495e-08,-6.543638e-10,2.232552e-10,-4.331044e-13,-6.681878e-10,-1.549341e-11,1.374538e-08,0.0000,99.7199,0.2801,1.455637e+02
93000,3.413915e-06,2.784149e+01,1.652571e-11,3.423709e-04,0.000000e+00,3.416452e-04,3.409679e-04,0.000000e+00,1.383834e-08,-6.485086e-10,2.384456e-10,-6.040750e-13,-6.689619e-10,-1.565592e-11,1.383895e-08,0.0000,99.7200,0.2800,1.454164e+02
93100,3.417586e-06,2.786795e+01,1.654141e-11,3.434898e-04,0.000000e+00,3.407985e-04,3.392108e-04,0.000000e+00,1.380373e-08,-6.536136e-10,2.533792e-10,-6.848790e-13,-6.707832e-10,-1.586060e-11,1.380442e-08,0.0000,99.7194,0.2806,1.454140e+02
93200,3.421257e-06,2.788392e+01,1.655089e-11,3.419778e-04,0.000000e+00,3.405263e-04,3.393963e-04,0.000000e+00,1.379437e-08,-6.594185e-10,2.266935e-10,-5.600738e-13,-6.728979e-10,-1.597930e-11,1.379493e-08,0.0000,99.7193,0.2807,1.454556e+02
93300,3.424928e-06,2.788656e+01,1.655246e-11,3.415242e-04,0.000000e+00,3.444877e-04,3.410973e-04,0.000000e+00,1.395727e-08,-6.679349e-10,2.627266e-10,-3.267095e-13,-6.720942e-10,-1.590309e-11,1.395760e-08,0.0000,99.7205,0.2795,1.455079e+02
93400,3.428599e-06,2.789821e+01,1.655937e-11,3.428245e-04,0.000000e+00,3.410404e-04,3.409400e-04,0.000000e+00,1.381908e-08,-6.566658e-10,2.433601e-10,-2.390584e-14,-6.716904e-10,-1.567576e-11,1.381910e-08,0.0000,99.7203,0.2797,1.455346e+02
93500,3.432270e-06,2.792223e+01,1.657363e-11,3.435200e-04,0.000000e+00,3.409497e-04,3.396358e-04,0.000000e+00,1.382401e-08,-6.591605e-10,2.364063e-10,-2.603987e-14,-6.726519e-10,-1.550488e-11,1.382404e-08,0.0000,99.7198,0.2802,1.457107e+02
93600,3.435941e-06,2.790963e+01,1.656615e-11,3.395889e-04,0.000000e+00,3.439131e-04,3.416269e-04,0.000000e+00,1.393044e-08,-6.551906e-10,2.372077e-10,-2.341909e-13,-6.726983e-10,-1.575646e-11,1.393067e-08,0.0000,99.7215,0.2785,1.454257e+02
93700,3.439611e-06,2.791877e+01,1.657158e-11,3.419778e-04,0.000000e+00,3.450018e-04,3.404991e-04,0.000000e+00,1.397786e-08,-6.597843e-10,2.424500e-10,-1.809111e-13,-6.703096e-10,-1.584951e-11,1.397804e-08,0.0000,99.7228,0.2772,1.454951e+02
93800,3.443282e-06,2.794553e+01,1.658746e-11,3.421290e-04,0.000000e+00,3.413730e-04,3.378034e-04,0.000000e+00,1.381953e-08,-6.609074e-10,2.306837e-10,-2.602156e-13,-6.695216e-10,-1.577233e-11,1.381979e-08,0.0000,99.7228,0.2772,1.452598e+02
93900,3.446953e-06,2.796214e+01,1.659732e-11,3.427036e-04,0.000000e+00,3.396191e-04,3.400164e-04,0.000000e+00,1.376107e-08,-6.542434e-10,2.449422e-10,-4.139157e-13,-6.717989e-10,-1.571570e-11,1.376148e-08,0.0000,99.7221,0.2779,1.455217e+02
94000,3.450624e-06,2.795779e+01,1.659474e-11,3.404961e-04,0.000000e+00,3.402542e-04,3.412009e-04,0.000000e+00,1.378166e-08,-6.525012e-10,2.512312e-10,-4.951816e-13,-6.713995e-10,-1.568757e-11,1.378215e-08,0.0000,99.7224,0.2776,1.454097e+02
94100,3.454295e-06,2.796424e+01,1.659857e-11,3.411916e-04,0.000000e+00,3.439434e-04,3.401476e-04,0.000000e+00,1.392466e-08,-6.607102e-10,2.388787e-10,-8.117247e-13,-6.695948e-10,-1.584328e-11,1.392547e-08,0.0000,99.7236,0.2764,1.452818e+02
94200,3.457966e-06,2.797018e+01,1.660209e-11,3.423709e-04,0.000000e+00,3.421895e-04,3.414108e-04,0.000000e+00,1.385016e-08,-6.585076e-10,2.274826e-10,-7.822491e-13,-6.694037e-10,-1.576368e-11,1.385094e-08,0.0000,99.7238,0.2762,1.452122e+02
94300,3.461637e-06,2.798621e+01,1.661161e-11,3.407078e-04,0.000000e+00,3.386515e-04,3.381161e-04,0.000000e+00,1.372090e-08,-6.547714e-10,2.528017e-10,-6.447966e-13,-6.702624e-10,-1.579040e-11,1.372154e-08,0.0000,99.7235,0.2765,1.454976e+02
94400,3.465308e-06,2.798018e+01,1.660803e-11,3.401332e-04,0.000000e+00,3.422197e-04,3.411076e-04,0.000000e+00,1.385417e-08,-6.589288e-10,2.262774e-10,-8.749010e-13,-6.712239e-10,-1.579321e-11,1.385505e-08,0.0000,99.7244,0.2756,1.452670e+02
94500,3.468978e-06,2.799245e+01,1.661531e-11,3.423709e-04,0.000000e+00,3.420383e-04,3.403864e-04,0.000000e+00,1.385675e-08,-6.582419e-10,2.661916e-10,-8.785952e-13,-6.701922e-10,-1.573326e-11,1.385763e-08,0.0000,99.7246,0.2754,1.454731e+02
94600,3.472649e-06,2.800665e+01,1.662374e-11,3.432479e-04,0.000000e+00,3.427640e-04,3.409531e-04,0.000000e+00,1.388901e-08,-6.596199e-10,2.565226e-10,-9.501992e-13,-6.700288e-10,-1.574717e-11,1.388996e-08,0.0000,99.7248,0.2752,1.455325e+02
94700,3.476320e-06,2.802596e+01,1.663520e-11,3.430060e-04,0.000000e+00,3.412218e-04,3.398831e-04,0.000000e+00,1.382210e-08,-6.560564e-10,2.408287e-10,-9.160568e-13,-6.712387e-10,-1.585610e-11,1.382301e-08,0.0000,99.7245,0.2755,1.454467e+02
94800,3.479991e-06,2.802479e+01,1.663451e-11,3.420685e-04,0.000000e+00,3.399518e-04,3.422582e-04,0.000000e+00,1.377225e-08,-6.557662e-10,2.293162e-10,-8.688812e-13,-6.719629e-10,-1.582829e-11,1.377312e-08,0.0000,99.7241,0.2759,1.454768e+02
94900,3.483662e-06,2.803754e+01,1.664208e-11,3.421593e-04,0.000000e+00,3.429152e-04,3.400970e-04,0.000000e+00,1.388297e-08,-6.658588e-10,2.576751e-10,-8.920763e-13,-6.720168e-10,-1.579578e-11,1.388386e-08,0.0000,99.7247,0.2753,1.452859e+02
95000,3.487333e-06,2.807130e+01,1.666211e-11,3.453646e-04,0.000000e+00,3.442155e-04,3.399066e-04,0.000000e+00,1.393580e-08,-6.598488e-10,2.342758e-10,-9.432314e-13,-6.730629e-10,-1.588651e-11,1.393674e-08,0.0000,99.7246,0.2754,1.452798e+02
95100,3.491004e-06,2.806962e+01,1.666111e-11,3.404356e-04,0.000000e+00,3.407985e-04,3.407073e-04,0.000000e+00,1.380602e-08,-6.536816e-10,2.618562e-10,-1.159568e-12,-6.732820e-10,-1.594589e-11,1.380718e-08,0.0000,99.7250,0.2750,1.454635e+02
95200,3.494675e-06,2.804813e+01,1.664836e-11,3.388027e-04,0.000000e+00,3.447598e-04,3.422772e-04,0.000000e+00,1.396755e-08,-6.722497e-10,2.246148e-10,-1.200273e-12,-6.703949e-10,-1.594427e-11,1.396875e-08,0.0000,99.7272,0.2728,1.454956e+02
95300,3.498345e-06,2.804135e+01,1.664433e-11,3.410102e-04,0.000000e+00,3.425524e-04,3.421067e-04,0.000000e+00,1.386202e-08,-6.599280e-10,2.535178e-10,-8.874862e-13,-6.665761e-10,-1.581967e-11,1.386291e-08,0.0000,99.7280,0.2720,1.451490e+02
95400,3.502016e-06,2.804779e+01,1.664816e-11,3.419778e-04,0.000000e+00,3.398006e-04,3.409362e-04,0.000000e+00,1.375349e-08,-6.572698e-10,2.339016e-10,-9.981073e-13,-6.680482e-10,-1.575945e-11,1.375449e-08,0.0000,99.7276,0.2724,1.452131e+02
95500,3.505687e-06,2.805604e+01,1.665306e-11,3.416754e-04,0.000000e+00,3.406473e-04,3.403410e-04,0.000000e+00,1.380106e-08,-6.574509e-10,2.545092e-10,-7.613042e-13,-6.699712e-10,-1.570508e-11,1.380182e-08,0.0000,99.7276,0.2724,1.454879e+02
95600,3.509358e-06,2.808465e+01,1.667004e-11,3.443667e-04,0.000000e+00,3.412521e-04,3.397404e-04,0.000000e+00,1.381874e-08,-6.585127e-10,2.436213e-10,-1.140587e-12,-6.716409e-10,-1.571921e-11,1.381988e-08,0.0000,99.7269,0.2731,1.453445e+02
95700,3.513029e-06,2.807560e+01,1.666466e-11,3.398006e-04,0.000000e+00,3.412218e-04,3.412649e-04,0.000000e+00,1.382152e-08,-6.516921e-10,2.535450e-10,-1.146957e-12,-6.723715e-10,-1.573546e-11,1.382267e-08,0.0000,99.7277,0.2723,1.454091e+02
95800,3.516700e-06,2.807571e+01,1.666473e-11,3.422802e-04,0.000000e+00,3.436107e-04,3.422618e-04,0.000000e+00,1.392415e-08,-6.639663e-10,2.297242e-10,-1.167768e-12,-6.714884e-10,-1.578463e-11,1.392531e-08,0.0000,99.7284,0.2716,1.455479e+02
95900,3.520371e-06,2.807486e+01,1.666423e-11,3.403449e-04,0.000000e+00,3.411614e-04,3.404826e-04,0.000000e+00,1.381401e-08,-6.543944e-10,2.472191e-10,-1.318078e-12,-6.697252e-10,-1.589625e-11,1.381532e-08,0.0000,99.7289,0.2711,1.453136e+02
96000,3.524042e-06,2.810665e+01,1.668310e-11,3.445482e-04,0.000000e+00,3.425221e-04,3.394069e-04,0.000000e+00,1.386927e-08,-6.622948e-10,2.378610e-10,-1.420012e-12,-6.709161e-10,-1.597357e-11,1.387069e-08,0.0000,99.7286,0.2714,1.453250e+02
96100,3.527712e-06,2.811135e+01,1.668589e-11,3.419476e-04,0.000000e+00,3.399215e-04,3.411874e-04,0.000000e+00,1.377068e-08,-6.561085e-10,2.434180e-10,-1.673524e-12,-6.720453e-10,-1.604026e-11,1.377235e-08,0.0000,99.7282,0.2718,1.454592e+02
96200,3.531383e-06,2.813220e+01,1.669826e-11,3.435503e-04,0.000000e+00,3.426128e-04,3.401804e-04,0.000000e+00,1.387711e-08,-6.645541e-10,2.489596e-10,-1.634667e-12,-6.737241e-10,-1.612332e-11,1.387875e-08,0.0000,99.7282,0.2718,1.454101e+02
96300,3.535054e-06,2.812555e+01,1.669432e-11,3.414033e-04,0.000000e+00,3.423407e-04,3.424774e-04,0.000000e+00,1.385552e-08,-6.644304e-10,2.247989e-10,-1.488934e-12,-6.729144e-10,-1.605411e-11,1.385701e-08,0.0000,99.7288,0.2712,1.451996e+02
96400,3.538725e-06,2.814204e+01,1.670410e-11,3.430967e-04,0.000000e+00,3.437317e-04,3.404311e-04,0.000000e+00,1.391354e-08,-6.699365e-10,2.423154e-10,-1.536041e-12,-6.727293e-10,-1.596547e-11,1.391507e-08,0.0000,99.7293,0.2707,1.452360e+02
96500,3.542396e-06,2.815341e+01,1.671085e-11,3.404961e-04,0.000000e+00,3.423709e-04,3.386572e-04,0.000000e+00,1.386362e-08,-6.607274e-10,2.397858e-10,-1.520796e-12,-6.720384e-10,-1.604282e-11,1.386514e-08,0.0000,99.7302,0.2698,1.453356e+02
96600,3.546067e-06,2.816666e+01,1.671872e-11,3.437922e-04,0.000000e+00,3.430060e-04,3.416497e-04,0.000000e+00,1.388682e-08,-6.601703e-10,2.633201e-10,-1.548954e-12,-6.723295e-10,-1.606250e-11,1.388837e-08,0.0000,99.7303,0.2697,1.452872e+02
96700,3.549738e-06,2.817334e+01,1.672268e-11,3.416754e-04,0.000000e+00,3.420685e-04,3.405953e-04,0.000000e+00,1.384909e-08,-6.672081e-10,2.434807e-10,-1.418933e-12,-6.717409e-10,-1.584916e-11,1.385051e-08,0.0000,99.7307,0.2693,1.452956e+02
96800,3.553409e-06,2.817927e+01,1.672620e-11,3.406473e-04,0.000000e+00,3.411614e-04,3.396893e-04,0.000000e+00,1.381515e-08,-6.597826e-10,2.336760e-10,-1.406132e-12,-6.715126e-10,-1.591807e-11,1.381656e-08,0.0000,99.7311,0.2689,1.453490e+02
96900,3.557080e-06,2.818547e+01,1.672988e-11,3.414033e-04,0.000000e+00,3.431572e-04,3.404007e-04,0.000000e+00,1.389830e-08,-6.625768e-10,2.577638e-10,-1.504771e-12,-6.693911e-10,-1.600123e-11,1.389981e-08,0.0000,99.7320,0.2680,1.453973e+02
97000,3.560750e-06,2.817563e+01,1.672404e-11,3.400727e-04,0.000000e+00,3.397401e-04,3.416638e-04,0.000000e+00,1.375251e-08,-6.598356e-10,2.360967e-10,-1.528378e-12,-6.688178e-10,-1.597369e-11,1.375404e-08,0.0000,99.7321,0.2679,1.452415e+02
97100,3.564421e-06,2.820577e+01,1.674193e-11,3.453042e-04,0.000000e+00,3.410706e-04,3.404294e-04,0.000000e+00,1.380285e-08,-6.601715e-10,2.406800e-10,-1.687180e-12,-6.706957e-10,-1.591475e-11,1.380454e-08,0.0000,99.7311,0.2689,1.451694e+02
97200,3.568092e-06,2.824112e+01,1.676291e-11,3.446389e-04,0.000000e+00,3.419173e-04,3.389242e-04,0.000000e+00,1.384543e-08,-6.616189e-10,2.323660e-10,-1.986716e-12,-6.734009e-10,-1.590487e-11,1.384742e-08,0.0000,99.7305,0.2695,1.453374e+02
97300,3.571763e-06,2.826303e+01,1.677592e-11,3.447901e-04,0.000000e+00,3.424919e-04,3.412473e-04,0.000000e+00,1.386900e-08,-6.653260e-10,2.314007e-10,-1.886362e-12,-6.763661e-10,-1.602024e-11,1.387089e-08,0.0000,99.7301,0.2699,1.453550e+02
97400,3.575434e-06,2.827315e+01,1.678192e-11,3.434898e-04,0.000000e+00,3.456368e-04,3.418531e-04,0.000000e+00,1.398812e-08,-6.662185e-10,2.375165e-10,-1.818171e-12,-6.757927e-10,-1.609438e-11,1.398994e-08,0.0000,99.7311,0.2689,1.451835e+02
97500,3.579105e-06,2.826315e+01,1.677599e-11,3.412823e-04,0.000000e+00,3.440946e-04,3.428996e-04,0.000000e+00,1.393237e-08,-6.634090e-10,2.460209e-10,-1.626761e-12,-6.738956e-10,-1.599569e-11,1.393399e-08,0.0000,99.7322,0.2678,1.453112e+02
97600,3.582776e-06,2.828357e+01,1.678811e-11,3.440039e-04,0.000000e+00,3.434898e-04,3.407021e-04,0.000000e+00,1.390369e-08,-6.684368e-10,2.495681e-10,-1.971289e-12,-6.723662e-10,-1.601130e-11,1.390566e-08,0.0000,99.7324,0.2676,1.452354e+02
97700,3.586447e-06,2.829980e+01,1.679774e-11,3.438224e-04,0.000000e+00,3.413730e-04,3.411979e-04,0.000000e+00,1.380609e-08,-6.524422e-10,2.598301e-10,-2.163133e-12,-6.719090e-10,-1.613902e-11,1.380825e-08,0.0000,99.7319,0.2681,1.449717e+02
97800,3.590117e-06,2.828971e+01,1.679175e-11,3.406170e-04,0.000000e+00,3.443365e-04,3.422485e-04,0.000000e+00,1.393713e-08,-6.783633e-10,2.534502e-10,-2.363131e-12,-6.727000e-10,-1.613096e-11,1.393949e-08,0.0000,99.7333,0.2667,1.452258e+02
97900,3.593788e-06,2.830096e+01,1.679843e-11,3.442458e-04,0.000000e+00,3.412521e-04,3.424263e-04,0.000000e+00,1.380446e-08,-6.573976e-10,2.333540e-10,-2.065789e-12,-6.724271e-10,-1.604359e-11,1.380653e-08,0.0000,99.7327,0.2673,1.450529e+02
98000,3.597459e-06,2.834256e+01,1.682313e-11,3.459694e-04,0.000000e+00,3.442760e-04,3.392421e-04,0.000000e+00,1.393527e-08,-6.652046e-10,2.398241e-10,-1.954104e-12,-6.741682e-10,-1.593541e-11,1.393722e-08,0.0000,99.7325,0.2675,1.452370e+02
98100,3.601130e-06,2.833795e+01,1.682039e-11,3.416754e-04,0.000000e+00,3.432479e-04,3.424221e-04,0.000000e+00,1.388932e-08,-6.673527e-10,2.591202e-10,-2.025810e-12,-6.746765e-10,-1.601025e-11,1.389134e-08,0.0000,99.7332,0.2668,1.451387e+02
98200,3.604801e-06,2.834975e+01,1.682739e-11,3.428850e-04,0.000000e+00,3.443970e-04,3.409767e-04,0.000000e+00,1.394165e-08,-6.661990e-10,2.576563e-10,-2.098921e-12,-6.736989e-10,-1.599595e-11,1.394375e-08,0.0000,99.7340,0.2660,1.452573e+02
98300,3.608472e-06,2.832277e+01,1.681138e-11,3.381374e-04,0.000000e+00,3.414033e-04,3.424995e-04,0.000000e+00,1.380837e-08,-6.547901e-10,2.446514e-10,-2.259054e-12,-6.696506e-10,-1.593279e-11,1.381063e-08,0.0000,99.7353,0.2647,1.449975e+02
98400,3.612143e-06,2.831704e+01,1.680797e-11,3.407380e-04,0.000000e+00,3.445784e-04,3.416650e-04,0.000000e+00,1.393360e-08,-6.716818e-10,2.405733e-10,-2.249954e-12,-6.678982e-10,-1.611187e-11,1.393585e-08,0.0000,99.7367,0.2633,1.449423e+02
98500,3.615814e-06,2.832491e+01,1.681265e-11,3.429757e-04,0.000000e+00,3.394679e-04,3.417034e-04,0.000000e+00,1.373019e-08,-6.502282e-10,2.469854e-10,-2.576932e-12,-6.670603e-10,-1.612868e-11,1.373277e-08,0.0000,99.7359,0.2641,1.449949e+02
98600,3.619484e-06,2.830758e+01,1.680236e-11,3.412521e-04,0.000000e+00,3.416452e-04,3.440541e-04,0.000000e+00,1.382051e-08,-6.747054e-10,2.334214e-10,-2.743185e-12,-6.704200e-10,-1.616852e-11,1.382326e-08,0.0000,99.7363,0.2637,1.450536e+02
98700,3.623155e-06,2.831594e+01,1.680732e-11,3.417359e-04,0.000000e+00,3.404961e-04,3.403837e-04,0.000000e+00,1.378330e-08,-6.635207e-10,2.560068e-10,-2.316224e-12,-6.691979e-10,-1.597291e-11,1.378561e-08,0.0000,99.7362,0.2638,1.452426e+02
98800,3.626826e-06,2.831181e+01,1.680487e-11,3.420081e-04,0.000000e+00,3.431269e-04,3.426752e-04,0.000000e+00,1.388881e-08,-6.618797e-10,2.416627e-10,-2.030816e-12,-6.700347e-10,-1.590710e-11,1.389084e-08,0.0000,99.7369,0.2631,1.452260e+02
98900,3.630497e-06,2.831030e+01,1.680398e-11,3.420383e-04,0.000000e+00,3.410706e-04,3.422831e-04,0.000000e+00,1.380475e-08,-6.613377e-10,2.300285e-10,-1.798771e-12,-6.698568e-10,-1.568783e-11,1.380655e-08,0.0000,99.7368,0.2632,1.452026e+02
99000,3.634168e-06,2.830712e+01,1.680209e-11,3.421593e-04,0.000000e+00,3.429757e-04,3.426739e-04,0.000000e+00,1.388265e-08,-6.610945e-10,2.448362e-10,-1.684597e-12,-6.701220e-10,-1.581970e-11,1.388434e-08,0.0000,99.7374,0.2626,1.452172e+02
99100,3.637839e-06,2.829348e+01,1.679399e-11,3.395587e-04,0.000000e+00,3.402844e-04,3.417634e-04,0.000000e+00,1.377649e-08,-6.491686e-10,2.488490e-10,-1.858028e-12,-6.692156e-10,-1.595914e-11,1.377835e-08,0.0000,99.7379,0.2621,1.452783e+02
99200,3.641510e-06,2.828309e+01,1.678783e-11,3.408892e-04,0.000000e+00,3.428548e-04,3.425692e-04,0.000000e+00,1.387624e-08,-6.686007e-10,2.413091e-10,-2.209948e-12,-6.673627e-10,-1.617709e-11,1.387845e-08,0.0000,99.7387,0.2613,1.451987e+02
99300,3.645181e-06,2.828481e+01,1.678885e-11,3.413126e-04,0.000000e+00,3.411009e-04,3.410345e-04,0.000000e+00,1.379731e-08,-6.601326e-10,2.466050e-10,-2.154902e-12,-6.666484e-10,-1.608667e-11,1.379947e-08,0.0000,99.7389,0.2611,1.450226e+02
99400,3.648851e-06,2.826805e+01,1.677890e-11,3.393167e-04,0.000000e+00,3.391958e-04,3.420276e-04,0.000000e+00,1.373163e-08,-6.671108e-10,2.332164e-10,-2.109759e-12,-6.685088e-10,-1.594104e-11,1.373374e-08,0.0000,99.7392,0.2608,1.452790e+02
99500,3.652522e-06,2.828062e+01,1.678636e-11,3.423105e-04,0.000000e+00,3.400425e-04,3.402781e-04,0.000000e+00,1.376777e-08,-6.601292e-10,2.338071e-10,-1.800923e-12,-6.682174e-10,-1.583716e-11,1.376957e-08,0.0000,99.7388,0.2612,1.453123e+02
99600,3.656193e-06,2.826866e+01,1.677926e-11,3.391051e-04,0.000000e+00,3.435805e-04,3.410384e-04,0.000000e+00,1.390666e-08,-6.624819e-10,2.654295e-10,-1.441665e-12,-6.668375e-10,-1.564237e-11,1.390811e-08,0.0000,99.7404,0.2596,1.452143e+02
99700,3.659864e-06,2.827756e+01,1.678454e-11,3.417057e-04,0.000000e+00,3.381072e-04,3.402671e-04,0.000000e+00,1.368180e-08,-6.560697e-10,2.392386e-10,-1.593625e-12,-6.675976e-10,-1.564473e-11,1.368339e-08,0.0000,99.7396,0.2604,1.451474e+02
99800,3.663535e-06,2.828688e+01,1.679007e-11,3.394679e-04,0.000000e+00,3.424012e-04,3.379604e-04,0.000000e+00,1.385202e-08,-6.572170e-10,2.685638e-10,-1.976577e-12,-6.662099e-10,-1.572285e-11,1.385400e-08,0.0000,99.7407,0.2593,1.450750e+02
99900,3.667206e-06,2.828767e+01,1.679054e-11,3.426128e-04,0.000000e+00,3.396494e-04,3.424856e-04,0.000000e+00,1.375238e-08,-6.479691e-10,2.349738e-10,-1.780467e-12,-6.674241e-10,-1.590743e-11,1.375416e-08,0.0000,99.7401,0.2599,1.452969e+02
100000,3.670877e-06,2.829784e+01,1.679658e-11,3.417661e-04,0.000000e+00,3.398308e-04,3.401211e-04,0.000000e+00,1.375299e-08,-6.621872e-10,2.187363e-10,-2.042693e-12,-6.689127e-10,-1.600511e-11,1.375503e-08,0.0000,99.7398,0.2602,1.451754e+02
100100,3.674548e-06,2.831541e+01,1.680701e-11,3.433991e-04,0.000000e+00,3.420988e-04,3.405575e-04,0.000000e+00,1.384948e-08,-6.614634e-10,2.396997e-10,-1.971771e-12,-6.714383e-10,-1.587299e-11,1.385145e-08,0.0000,99.7397,0.2603,1.452695e+02
100200,3.678218e-06,2.834103e+01,1.682221e-11,3.417964e-04,0.000000e+00,3.427640e-04,3.376549e-04,0.000000e+00,1.386811e-08,-6.658398e-10,2.433877e-10,-1.695813e-12,-6.713063e-10,-1.578943e-11,1.386981e-08,0.0000,99.7402,0.2598,1.450988e+02
100300,3.681889e-06,2.835314e+01,1.682940e-11,3.427943e-04,0.000000e+00,3.423709e-04,3.408361e-04,0.000000e+00,1.386580e-08,-6.558879e-10,2.520634e-10,-1.684846e-12,-6.703723e-10,-1.577747e-11,1.386748e-08,0.0000,99.7404,0.2596,1.453818e+02
100400,3.685560e-06,2.836928e+01,1.683898e-11,3.405868e-04,0.000000e+00,3.418266e-04,3.379772e-04,0.000000e+00,1.383067e-08,-6.600419e-10,2.445682e-10,-2.202102e-12,-6.702616e-10,-1.605732e-11,1.383287e-08,0.0000,99.7410,0.2590,1.451010e+02
100500,3.689231e-06,2.840647e+01,1.686106e-11,3.454251e-04,0.000000e+00,3.422500e-04,3.394113e-04,0.000000e+00,1.385264e-08,-6.602765e-10,2.427445e-10,-2.249236e-12,-6.717102e-10,-1.596818e-11,1.385489e-08,0.0000,99.7403,0.2597,1.452166e+02
100600,3.692902e-06,2.841706e+01,1.686735e-11,3.411311e-04,0.000000e+00,3.424012e-04,3.394180e-04,0.000000e+00,1.385738e-08,-6.704433e-10,2.565876e-10,-2.406241e-12,-6.719535e-10,-1.597711e-11,1.385979e-08,0.0000,99.7410,0.2590,1.451850e+02
100700,3.696573e-06,2.842388e+01,1.687139e-11,3.406473e-04,0.000000e+00,3.429757e-04,3.395452e-04,0.000000e+00,1.387632e-08,-6.591025e-10,2.646605e-10,-2.496884e-12,-6.715967e-10,-1.600670e-11,1.387881e-08,0.0000,99.7419,0.2581,1.450878e+02
100800,3.700244e-06,2.841946e+01,1.686877e-11,3.412521e-04,0.000000e+00,3.417359e-04,3.419660e-04,0.000000e+00,1.382502e-08,-6.640390e-10,2.413004e-10,-2.479286e-12,-6.674392e-10,-1.592106e-11,1.382750e-08,0.0000,99.7424,0.2576,1.450617e+02
100900,3.703915e-06,2.845995e+01,1.689280e-11,3.434596e-04,0.000000e+00,3.423709e-04,3.369127e-04,0.000000e+00,1.385150e-08,-6.610771e-10,2.419371e-10,-2.562223e-12,-6.693013e-10,-1.570720e-11,1.385406e-08,0.0000,99.7423,0.2577,1.450819e+02
101000,3.707585e-06,2.849004e+01,1.691066e-11,3.435805e-04,0.000000e+00,3.409194e-04,3.387152e-04,0.000000e+00,1.380135e-08,-6.641447e-10,2.554211e-10,-2.254566e-12,-6.707723e-10,-1.566591e-11,1.380361e-08,0.0000,99.7418,0.2582,1.452674e+02
101100,3.711256e-06,2.850483e+01,1.691944e-11,3.423407e-04,0.000000e+00,3.413428e-04,3.399490e-04,0.000000e+00,1.382159e-08,-6.512677e-10,2.390391e-10,-2.387219e-12,-6.723372e-10,-1.594280e-11,1.382397e-08,0.0000,99.7417,0.2583,1.453223e+02
101200,3.714927e-06,2.850119e+01,1.691728e-11,3.410102e-04,0.000000e+00,3.446389e-04,3.415995e-04,0.000000e+00,1.394653e-08,-6.652026e-10,2.515928e-10,-2.596148e-12,-6.710235e-10,-1.604569e-11,1.394913e-08,0.0000,99.7431,0.2569,1.451557e+02
101300,3.718598e-06,2.850786e+01,1.692124e-11,3.403751e-04,0.000000e+00,3.408287e-04,3.392966e-04,0.000000e+00,1.378665e-08,-6.614495e-10,2.444404e-10,-2.563630e-12,-6.681704e-10,-1.598892e-11,1.378921e-08,0.0000,99.7435,0.2565,1.450328e+02
101400,3.722269e-06,2.851006e+01,1.692255e-11,3.422802e-04,0.000000e+00,3.432479e-04,3.419242e-04,0.000000e+00,1.388939e-08,-6.607500e-10,2.598473e-10,-2.507249e-12,-6.686699e-10,-1.598280e-11,1.389189e-08,0.0000,99.7440,0.2560,1.451350e+02
101500,3.725940e-06,2.852271e+01,1.693005e-11,3.432176e-04,0.000000e+00,3.381676e-04,3.411721e-04,0.000000e+00,1.367722e-08,-6.600716e-10,2.285005e-10,-2.419375e-12,-6.696204e-10,-1.601684e-11,1.367964e-08,0.0000,99.7428,0.2572,1.450045e+02
101600,3.729611e-06,2.852645e+01,1.693227e-11,3.436107e-04,0.000000e+00,3.446691e-04,3.430066e-04,0.000000e+00,1.394269e-08,-6.687716e-10,2.533419e-10,-2.432118e-12,-6.722123e-10,-1.609729e-11,1.394512e-08,0.0000,99.7434,0.2566,1.450458e+02
101700,3.733282e-06,2.853006e+01,1.693442e-11,3.397401e-04,0.000000e+00,3.409497e-04,3.391551e-04,0.000000e+00,1.379315e-08,-6.596714e-10,2.463979e-10,-2.239566e-12,-6.702329e-10,-1.603506e-11,1.379539e-08,0.0000,99.7440,0.2560,1.450698e+02
101800,3.736952e-06,2.853679e+01,1.693841e-11,3.435503e-04,0.000000e+00,3.447598e-04,3.424631e-04,0.000000e+00,1.394340e-08,-6.707441e-10,2.381913e-10,-2.264538e-12,-6.696444e-10,-1.594042e-11,1.394566e-08,0.0000,99.7446,0.2554,1.449886e+02
101900,3.740623e-06,2.852450e+01,1.693112e-11,3.388934e-04,0.000000e+00,3.410404e-04,3.408802e-04,0.000000e+00,1.379022e-08,-6.604497e-10,2.416419e-10,-2.155987e-12,-6.689782e-10,-1.598471e-11,1.379238e-08,0.0000,99.7455,0.2545,1.449411e+02
102000,3.744294e-06,2.852516e+01,1.693151e-11,3.435503e-04,0.000000e+00,3.401937e-04,3.434431e-04,0.000000e+00,1.375905e-08,-6.567021e-10,2.538565e-10,-2.374045e-12,-6.691778e-10,-1.606986e-11,1.376143e-08,0.0000,99.7448,0.2552,1.449863e+02
102100,3.747965e-06,2.851520e+01,1.692560e-11,3.404054e-04,0.000000e+00,3.430967e-04,3.420156e-04,0.000000e+00,1.387489e-08,-6.698817e-10,2.534660e-10,-2.306857e-12,-6.687621e-10,-1.610352e-11,1.387719e-08,0.0000,99.7458,0.2542,1.449649e+02
102200,3.751636e-06,2.849585e+01,1.691411e-11,3.403449e-04,0.000000e+00,3.416754e-04,3.434746e-04,0.000000e+00,1.382388e-08,-6.634889e-10,2.502062e-10,-2.119570e-12,-6.691447e-10,-1.598570e-11,1.382600e-08,0.0000,99.7465,0.2535,1.450962e+02
102300,3.755307e-06,2.850089e+01,1.691710e-11,3.449715e-04,0.000000e+00,3.405263e-04,3.441567e-04,0.000000e+00,1.378013e-08,-6.663136e-10,2.547361e-10,-1.912557e-12,-6.688735e-10,-1.583293e-11,1.378204e-08,0.0000,99.7454,0.2546,1.451611e+02
102400,3.758978e-06,2.848915e+01,1.691013e-11,3.406473e-04,0.000000e+00,3.416149e-04,3.425455e-04,0.000000e+00,1.381841e-08,-6.570329e-10,2.279686e-10,-1.912011e-12,-6.700254e-10,-1.586542e-11,1.382032e-08,0.0000,99.7460,0.2540,1.450323e+02
102500,3.762649e-06,2.848363e+01,1.690686e-11,3.397703e-04,0.000000e+00,3.415242e-04,3.406631e-04,0.000000e+00,1.382859e-08,-6.617513e-10,2.717896e-10,-2.232374e-12,-6.701040e-10,-1.600053e-11,1.383082e-08,0.0000,99.7468,0.2532,1.453271e+02
102600,3.766319e-06,2.850364e+01,1.691873e-11,3.441853e-04,0.000000e+00,3.412823e-04,3.409502e-04,0.000000e+00,1.379778e-08,-6.588197e-10,2.491573e-10,-2.211715e-12,-6.685378e-10,-1.602274e-11,1.379999e-08,0.0000,99.7462,0.2538,1.448840e+02
102700,3.769990e-06,2.848604e+01,1.690829e-11,3.390748e-04,0.000000e+00,3.430967e-04,3.419201e-04,0.000000e+00,1.387688e-08,-6.672503e-10,2.565673e-10,-2.085739e-12,-6.697418e-10,-1.608415e-11,1.387897e-08,0.0000,99.7476,0.2524,1.450055e+02
102800,3.773661e-06,2.849679e+01,1.691467e-11,3.429455e-04,0.000000e+00,3.391655e-04,3.412062e-04,0.000000e+00,1.371824e-08,-6.576159e-10,2.514925e-10,-2.008009e-12,-6.697687e-10,-1.609527e-11,1.372025e-08,0.0000,99.7467,0.2533,1.450156e+02
102900,3.777332e-06,2.851426e+01,1.692504e-11,3.453949e-04,0.000000e+00,3.444272e-04,3.425706e-04,0.000000e+00,1.393827e-08,-6.720703e-10,2.277428e-10,-2.081162e-12,-6.711133e-10,-1.594741e-11,1.394035e-08,0.0000,99.7467,0.2533,1.451607e+02
103000,3.781003e-06,2.852407e+01,1.693086e-11,3.414637e-04,0.000000e+00,3.401030e-04,3.398778e-04,0.000000e+00,1.377454e-08,-6.578381e-10,2.189690e-10,-2.239823e-12,-6.726596e-10,-1.602442e-11,1.377678e-08,0.0000,99.7466,0.2534,1.454009e+02
103100,3.784674e-06,2.854488e+01,1.694321e-11,3.438527e-04,0.000000e+00,3.439736e-04,3.404879e-04,0.000000e+00,1.392295e-08,-6.676061e-10,2.505910e-10,-2.184871e-12,-6.723989e-10,-1.603642e-11,1.392513e-08,0.0000,99.7469,0.2531,1.452220e+02
103200,3.788345e-06,2.854974e+01,1.694610e-11,3.417661e-04,0.000000e+00,3.419476e-04,3.409795e-04,0.000000e+00,1.382131e-08,-6.639565e-10,2.169044e-10,-2.143884e-12,-6.724902e-10,-1.594563e-11,1.382345e-08,0.0000,99.7472,0.2528,1.448134e+02
103300,3.792016e-06,2.855534e+01,1.694942e-11,3.413428e-04,0.000000e+00,3.430967e-04,3.404375e-04,0.000000e+00,1.387441e-08,-6.644285e-10,2.613546e-10,-2.245266e-12,-6.718055e-10,-1.608400e-11,1.387666e-08,0.0000,99.7479,0.2521,1.449483e+02
103400,3.795686e-06,2.857582e+01,1.696158e-11,3.417661e-04,0.000000e+00,3.455763e-04,3.384545e-04,0.000000e+00,1.398355e-08,-6.612618e-10,2.494478e-10,-2.637259e-12,-6.692295e-10,-1.622325e-11,1.398619e-08,0.0000,99.7493,0.2507,1.451287e+02
103500,3.799357e-06,2.858045e+01,1.696433e-11,3.414033e-04,0.000000e+00,3.410706e-04,3.406553e-04,0.000000e+00,1.379740e-08,-6.682668e-10,2.400698e-10,-2.528011e-12,-6.684392e-10,-1.606276e-11,1.379993e-08,0.0000,99.7495,0.2505,1.450582e+02
103600,3.803028e-06,2.858817e+01,1.696891e-11,3.414335e-04,0.000000e+00,3.403449e-04,3.401844e-04,0.000000e+00,1.376136e-08,-6.660634e-10,2.502536e-10,-2.412140e-12,-6.693835e-10,-1.594656e-11,1.376377e-08,0.0000,99.7494,0.2506,1.449221e+02
103700,3.806699e-06,2.860851e+01,1.698098e-11,3.433084e-04,0.000000e+00,3.417964e-04,3.400203e-04,0.000000e+00,1.382121e-08,-6.603926e-10,2.436802e-10,-2.398539e-12,-6.696340e-10,-1.596510e-11,1.382360e-08,0.0000,99.7492,0.2508,1.449410e+02
103800,3.810370e-06,2.862994e+01,1.699370e-11,3.443970e-04,0.000000e+00,3.411009e-04,3.409324e-04,0.000000e+00,1.379975e-08,-6.590812e-10,2.642943e-10,-2.512801e-12,-6.710188e-10,-1.599890e-11,1.380226e-08,0.0000,99.7485,0.2515,1.450722e+02
103900,3.814041e-06,2.865089e+01,1.700614e-11,3.426431e-04,0.000000e+00,3.420383e-04,3.392555e-04,0.000000e+00,1.382707e-08,-6.648483e-10,2.657429e-10,-2.279594e-12,-6.722486e-10,-1.588505e-11,1.382935e-08,0.0000,99.7486,0.2514,1.448607e+02
104000,3.817712e-06,2.864554e+01,1.700296e-11,3.403449e-04,0.000000e+00,3.443063e-04,3.412090e-04,0.000000e+00,1.391616e-08,-6.660667e-10,2.259552e-10,-2.381997e-12,-6.715822e-10,-1.598192e-11,1.391854e-08,0.0000,99.7500,0.2500,1.448089e+02
104100,3.821383e-06,2.865136e+01,1.700642e-11,3.418569e-04,0.000000e+00,3.427036e-04,3.409157e-04,0.000000e+00,1.385242e-08,-6.569317e-10,2.557164e-10,-2.604035e-12,-6.694276e-10,-1.609886e-11,1.385502e-08,0.0000,99.7505,0.2495,1.448197e+02
104200,3.825054e-06,2.866559e+01,1.701486e-11,3.411916e-04,0.000000e+00,3.407078e-04,3.388913e-04,0.000000e+00,1.377275e-08,-6.628710e-10,2.434940e-10,-2.810478e-12,-6.686133e-10,-1.603664e-11,1.377556e-08,0.0000,99.7506,0.2494,1.448529e+02
104300,3.828724e-06,2.866807e+01,1.701633e-11,3.413126e-04,0.000000e+00,3.431269e-04,3.409121e-04,0.000000e+00,1.386915e-08,-6.705164e-10,2.619765e-10,-2.763545e-12,-6.682870e-10,-1.595817e-11,1.387191e-08,0.0000,99.7514,0.2486,1.448234e+02
104400,3.832395e-06,2.867205e+01,1.701870e-11,3.431269e-04,0.000000e+00,3.410706e-04,3.424831e-04,0.000000e+00,1.379412e-08,-6.607094e-10,2.354451e-10,-2.425350e-12,-6.685459e-10,-1.584808e-11,1.379654e-08,0.0000,99.7510,0.2490,1.449798e+02
104500,3.836066e-06,2.868969e+01,1.702917e-11,3.426431e-04,0.000000e+00,3.395587e-04,3.397896e-04,0.000000e+00,1.372566e-08,-6.551253e-10,2.587285e-10,-2.315744e-12,-6.705824e-10,-1.586144e-11,1.372797e-08,0.0000,99.7504,0.2496,1.448387e+02
104600,3.839737e-06,2.869039e+01,1.702958e-11,3.416754e-04,0.000000e+00,3.434293e-04,3.415633e-04,0.000000e+00,1.387478e-08,-6.652578e-10,2.294998e-10,-2.592813e-12,-6.712693e-10,-1.597428e-11,1.387738e-08,0.0000,99.7511,0.2489,1.446904e+02
104700,3.843408e-06,2.869474e+01,1.703216e-11,3.437015e-04,0.000000e+00,3.436410e-04,3.429982e-04,0.000000e+00,1.389699e-08,-6.629116e-10,2.591146e-10,-2.629863e-12,-6.708743e-10,-1.593268e-11,1.389962e-08,0.0000,99.7513,0.2487,1.449697e+02
104800,3.847079e-06,2.869207e+01,1.703058e-11,3.408892e-04,0.000000e+00,3.399518e-04,3.413213e-04,0.000000e+00,1.373900e-08,-6.559326e-10,2.496707e-10,-2.228995e-12,-6.708862e-10,-1.585344e-11,1.374123e-08,0.0000,99.7513,0.2487,1.447826e+02
104900,3.850750e-06,2.869583e+01,1.703281e-11,3.418569e-04,0.000000e+00,3.437619e-04,3.412487e-04,0.000000e+00,1.390201e-08,-6.660445e-10,2.550042e-10,-1.925940e-12,-6.694526e-10,-1.577926e-11,1.390393e-08,0.0000,99.7521,0.2479,1.449779e+02
105000,3.854421e-06,2.869523e+01,1.703245e-11,3.423709e-04,0.000000e+00,3.413730e-04,3.424681e-04,0.000000e+00,1.379489e-08,-6.568398e-10,2.456238e-10,-1.693978e-12,-6.690007e-10,-1.582795e-11,1.379658e-08,0.0000,99.7521,0.2479,1.447534e+02
105100,3.858091e-06,2.868776e+01,1.702802e-11,3.414940e-04,0.000000e+00,3.421290e-04,3.427007e-04,0.000000e+00,1.384111e-08,-6.581199e-10,2.607349e-10,-1.866271e-12,-6.689314e-10,-1.597375e-11,1.384297e-08,0.0000,99.7525,0.2475,1.450645e+02
105200,3.861762e-06,2.869422e+01,1.703186e-11,3.415242e-04,0.000000e+00,3.408892e-04,3.404804e-04,0.000000e+00,1.377621e-08,-6.569343e-10,2.476855e-10,-2.145394e-12,-6.695450e-10,-1.607496e-11,1.377835e-08,0.0000,99.7526,0.2474,1.447636e+02
105300,3.865433e-06,2.869476e+01,1.703218e-11,3.434596e-04,0.000000e+00,3.426733e-04,3.433723e-04,0.000000e+00,1.384697e-08,-6.685320e-10,2.425801e-10,-2.141213e-12,-6.707718e-10,-1.601340e-11,1.384911e-08,0.0000,99.7526,0.2474,1.447514e+02
105400,3.869104e-06,2.869287e+01,1.703106e-11,3.418266e-04,0.000000e+00,3.401030e-04,3.421315e-04,0.000000e+00,1.375324e-08,-6.653379e-10,2.391437e-10,-2.003871e-12,-6.713678e-10,-1.596828e-11,1.375524e-08,0.0000,99.7523,0.2477,1.449507e+02
105500,3.872775e-06,2.868412e+01,1.702586e-11,3.396796e-04,0.000000e+00,3.453646e-04,3.410943e-04,0.000000e+00,1.395694e-08,-6.619303e-10,2.427698e-10,-1.929087e-12,-6.696599e-10,-1.604423e-11,1.395887e-08,0.0000,99.7542,0.2458,1.447591e+02
105600,3.876446e-06,2.868082e+01,1.702390e-11,3.416754e-04,0.000000e+00,3.430664e-04,3.422094e-04,0.000000e+00,1.386701e-08,-6.695872e-10,2.394532e-10,-2.026217e-12,-6.681507e-10,-1.602585e-11,1.386904e-08,0.0000,99.7549,0.2451,1.448353e+02
105700,3.880117e-06,2.869603e+01,1.703293e-11,3.429152e-04,0.000000e+00,3.397401e-04,3.404554e-04,0.000000e+00,1.373658e-08,-6.562905e-10,2.338702e-10,-2.035966e-12,-6.679189e-10,-1.607682e-11,1.373862e-08,0.0000,99.7542,0.2458,1.449099e+02
105800,3.883788e-06,2.869867e+01,1.703450e-11,3.428548e-04,0.000000e+00,3.400727e-04,3.424279e-04,0.000000e+00,1.375313e-08,-6.631024e-10,2.539686e-10,-2.014704e-12,-6.717352e-10,-1.609092e-11,1.375514e-08,0.0000,99.7536,0.2464,1.449851e+02
105900,3.887458e-06,2.869569e+01,1.703273e-11,3.411614e-04,0.000000e+00,3.427943e-04,3.416445e-04,0.000000e+00,1.385821e-08,-6.694325e-10,2.598028e-10,-1.777960e-12,-6.715153e-10,-1.606621e-11,1.385999e-08,0.0000,99.7543,0.2457,1.448819e+02
106000,3.891129e-06,2.869782e+01,1.703399e-11,3.417359e-04,0.000000e+00,3.420685e-04,3.413911e-04,0.000000e+00,1.382559e-08,-6.611293e-10,2.414726e-10,-1.733515e-12,-6.702550e-10,-1.606890e-11,1.382733e-08,0.0000,99.7547,0.2453,1.448023e+02
106100,3.894800e-06,2.870755e+01,1.703977e-11,3.429757e-04,0.000000e+00,3.423709e-04,3.414027e-04,0.000000e+00,1.384286e-08,-6.651072e-10,2.466153e-10,-1.929853e-12,-6.704188e-10,-1.594410e-11,1.384479e-08,0.0000,99.7547,0.2453,1.449071e+02
106200,3.898471e-06,2.871198e+01,1.704240e-11,3.430060e-04,0.000000e+00,3.424616e-04,3.422891e-04,0.000000e+00,1.384525e-08,-6.658312e-10,2.753914e-10,-1.782979e-12,-6.712163e-10,-1.595958e-11,1.384704e-08,0.0000,99.7548,0.2452,1.448848e+02
106300,3.902142e-06,2.873033e+01,1.705329e-11,3.432479e-04,0.000000e+00,3.432781e-04,3.402811e-04,0.000000e+00,1.388437e-08,-6.592019e-10,2.384829e-10,-1.885356e-12,-6.716683e-10,-1.599364e-11,1.388626e-08,0.0000,99.7551,0.2449,1.449986e+02
106400,3.905813e-06,2.873698e+01,1.705724e-11,3.407380e-04,0.000000e+00,3.411009e-04,3.396620e-04,0.000000e+00,1.378908e-08,-6.636036e-10,2.610317e-10,-1.875685e-12,-6.717329e-10,-1.597079e-11,1.379095e-08,0.0000,99.7554,0.2446,1.448573e+02
106500,3.909484e-06,2.874467e+01,1.706180e-11,3.421593e-04,0.000000e+00,3.437317e-04,3.409164e-04,0.000000e+00,1.390037e-08,-6.658247e-10,2.434820e-10,-1.836968e-12,-6.697153e-10,-1.607500e-11,1.390221e-08,0.0000,99.7561,0.2439,1.449616e+02
106600,3.913155e-06,2.874909e+01,1.706443e-11,3.422197e-04,0.000000e+00,3.424616e-04,3.415047e-04,0.000000e+00,1.384628e-08,-6.621848e-10,2.694658e-10,-2.053313e-12,-6.695934e-10,-1.613335e-11,1.384834e-08,0.0000,99.7564,0.2436,1.449028e+02
106700,3.916825e-06,2.874257e+01,1.706056e-11,3.404356e-04,0.000000e+00,3.397401e-04,3.414893e-04,0.000000e+00,1.373320e-08,-6.649774e-10,2.524561e-10,-2.111711e-12,-6.703418e-10,-1.620868e-11,1.373531e-08,0.0000,99.7565,0.2435,1.448390e+02
106800,3.920496e-06,2.874065e+01,1.705942e-11,3.405263e-04,0.000000e+00,3.428548e-04,3.408369e-04,0.000000e+00,1.386734e-08,-6.665288e-10,2.489852e-10,-2.169382e-12,-6.683096e-10,-1.611916e-11,1.386951e-08,0.0000,99.7573,0.2427,1.450110e+02
106900,3.924167e-06,2.874026e+01,1.705919e-11,3.406170e-04,0.000000e+00,3.429455e-04,3.406800e-04,0.000000e+00,1.386244e-08,-6.666091e-10,2.547590e-10,-2.169612e-12,-6.682242e-10,-1.587212e-11,1.386461e-08,0.0000,99.7582,0.2418,1.448392e+02
107000,3.927838e-06,2.875409e+01,1.706740e-11,3.407078e-04,0.000000e+00,3.393470e-04,3.384717e-04,0.000000e+00,1.372118e-08,-6.596090e-10,2.416348e-10,-2.041429e-12,-6.665269e-10,-1.585814e-11,1.372322e-08,0.0000,99.7581,0.2419,1.449176e+02
107100,3.931509e-06,2.875280e+01,1.706663e-11,3.414033e-04,0.000000e+00,3.410102e-04,3.416122e-04,0.000000e+00,1.377200e-08,-6.555313e-10,2.624938e-10,-2.085665e-12,-6.684171e-10,-1.590104e-11,1.377408e-08,0.0000,99.7582,0.2418,1.445784e+02
107200,3.935180e-06,2.878361e+01,1.708491e-11,3.446086e-04,0.000000e+00,3.394679e-04,3.396277e-04,0.000000e+00,1.371299e-08,-6.644970e-10,2.426962e-10,-1.933317e-12,-6.700868e-10,-1.583391e-11,1.371493e-08,0.0000,99.7570,0.2430,1.446444e+02
107300,3.938851e-06,2.879591e+01,1.709222e-11,3.429455e-04,0.000000e+00,3.419778e-04,3.409561e-04,0.000000e+00,1.382419e-08,-6.582795e-10,2.566021e-10,-2.043687e-12,-6.714777e-10,-1.593315e-11,1.382624e-08,0.0000,99.7570,0.2430,1.448516e+02
107400,3.942522e-06,2.878215e+01,1.708405e-11,3.395587e-04,0.000000e+00,3.441248e-04,3.417829e-04,0.000000e+00,1.391253e-08,-6.638656e-10,2.608200e-10,-1.958901e-12,-6.714397e-10,-1.595406e-11,1.391449e-08,0.0000,99.7585,0.2415,1.448682e+02
107500,3.946192e-06,2.878139e+01,1.708360e-11,3.413428e-04,0.000000e+00,3.408892e-04,3.414656e-04,0.000000e+00,1.377546e-08,-6.628641e-10,2.342334e-10,-1.601414e-12,-6.694203e-10,-1.586209e-11,1.377706e-08,0.0000,99.7586,0.2414,1.447514e+02
107600,3.949863e-06,2.879627e+01,1.709243e-11,3.426431e-04,0.000000e+00,3.431572e-04,3.402370e-04,0.000000e+00,1.386503e-08,-6.589536e-10,2.458475e-10,-1.848877e-12,-6.691870e-10,-1.588394e-11,1.386688e-08,0.0000,99.7590,0.2410,1.447198e+02
107700,3.953534e-06,2.878866e+01,1.708791e-11,3.414335e-04,0.000000e+00,3.392563e-04,3.426644e-04,0.000000e+00,1.370820e-08,-6.554449e-10,2.559439e-10,-1.812283e-12,-6.698940e-10,-1.598608e-11,1.371002e-08,0.0000,99.7586,0.2414,1.447276e+02
107800,3.957205e-06,2.879125e+01,1.708945e-11,3.421895e-04,0.000000e+00,3.432781e-04,3.417709e-04,0.000000e+00,1.387652e-08,-6.669078e-10,2.344631e-10,-1.683239e-12,-6.700380e-10,-1.595017e-11,1.387820e-08,0.0000,99.7591,0.2409,1.448516e+02
107900,3.960876e-06,2.880007e+01,1.709468e-11,3.431572e-04,0.000000e+00,3.417359e-04,3.417317e-04,0.000000e+00,1.380592e-08,-6.596818e-10,2.446538e-10,-1.731529e-12,-6.701917e-10,-1.586752e-11,1.380765e-08,0.0000,99.7590,0.2410,1.446707e+02
108000,3.964547e-06,2.883350e+01,1.711453e-11,3.446389e-04,0.000000e+00,3.411916e-04,3.392329e-04,0.000000e+00,1.379015e-08,-6.625847e-10,2.417331e-10,-1.753706e-12,-6.726039e-10,-1.584740e-11,1.379190e-08,0.0000,99.7582,0.2418,1.448002e+02
108100,3.968218e-06,2.882641e+01,1.711032e-11,3.402844e-04,0.000000e+00,3.420081e-04,3.414310e-04,0.000000e+00,1.382855e-08,-6.597919e-10,2.329336e-10,-1.750767e-12,-6.725486e-10,-1.588199e-11,1.383030e-08,0.0000,99.7589,0.2411,1.449085e+02
108200,3.971889e-06,2.882690e+01,1.711061e-11,3.424314e-04,0.000000e+00,3.458787e-04,3.423513e-04,0.000000e+00,1.398647e-08,-6.699190e-10,2.400936e-10,-1.631712e-12,-6.703088e-10,-1.579485e-11,1.398810e-08,0.0000,99.7601,0.2399,1.449556e+02
108300,3.975559e-06,2.882567e+01,1.710988e-11,3.418871e-04,0.000000e+00,3.418569e-04,3.420871e-04,0.000000e+00,1.381227e-08,-6.538073e-10,2.644457e-10,-1.409533e-12,-6.689309e-10,-1.574662e-11,1.381368e-08,0.0000,99.7604,0.2396,1.446900e+02
108400,3.979230e-06,2.884907e+01,1.712377e-11,3.433991e-04,0.000000e+00,3.407078e-04,3.396152e-04,0.000000e+00,1.376653e-08,-6.569783e-10,2.532336e-10,-1.367137e-12,-6.716738e-10,-1.596086e-11,1.376789e-08,0.0000,99.7598,0.2402,1.447133e+02
108500,3.982901e-06,2.885496e+01,1.712727e-11,3.409799e-04,0.000000e+00,3.428850e-04,3.400264e-04,0.000000e+00,1.385959e-08,-6.600091e-10,2.500722e-10,-1.589627e-12,-6.707292e-10,-1.609947e-11,1.386118e-08,0.0000,99.7606,0.2394,1.448106e+02
108600,3.986572e-06,2.885203e+01,1.712553e-11,3.406473e-04,0.000000e+00,3.424314e-04,3.411213e-04,0.000000e+00,1.383364e-08,-6.652241e-10,2.614029e-10,-1.532102e-12,-6.706454e-10,-1.613242e-11,1.383517e-08,0.0000,99.7613,0.2387,1.446708e+02
108700,3.990243e-06,2.887114e+01,1.713687e-11,3.429757e-04,0.000000e+00,3.415847e-04,3.398862e-04,0.000000e+00,1.380521e-08,-6.642222e-10,2.643514e-10,-1.632952e-12,-6.694528e-10,-1.599532e-11,1.380684e-08,0.0000,99.7612,0.2388,1.447860e+02
108800,3.993914e-06,2.889120e+01,1.714878e-11,3.440039e-04,0.000000e+00,3.410404e-04,3.407595e-04,0.000000e+00,1.378136e-08,-6.592114e-10,2.670445e-10,-1.503177e-12,-6.713086e-10,-1.605825e-11,1.378287e-08,0.0000,99.7606,0.2394,1.447505e+02
108900,3.997585e-06,2.888786e+01,1.714679e-11,3.417057e-04,0.000000e+00,3.413428e-04,3.422464e-04,0.000000e+00,1.378632e-08,-6.633742e-10,2.372919e-10,-1.469137e-12,-6.722206e-10,-1.609664e-11,1.378779e-08,0.0000,99.7607,0.2393,1.446001e+02
109000,4.001256e-06,2.889235e+01,1.714946e-11,3.430664e-04,0.000000e+00,3.446389e-04,3.423408e-04,0.000000e+00,1.392281e-08,-6.682293e-10,2.312272e-10,-1.451686e-12,-6.718334e-10,-1.604920e-11,1.392426e-08,0.0000,99.7614,0.2386,1.446564e+02
109100,4.004926e-06,2.887582e+01,1.713965e-11,3.392260e-04,0.000000e+00,3.415545e-04,3.418991e-04,0.000000e+00,1.380257e-08,-6.592421e-10,2.785231e-10,-1.412901e-12,-6.701880e-10,-1.600394e-11,1.380399e-08,0.0000,99.7622,0.2378,1.447478e+02
109200,4.008597e-06,2.887718e+01,1.714046e-11,3.413428e-04,0.000000e+00,3.438829e-04,3.411216e-04,0.000000e+00,1.388767e-08,-6.707549e-10,2.341283e-10,-1.573651e-12,-6.687461e-10,-1.606979e-11,1.388925e-08,0.0000,99.7632,0.2368,1.445859e+02
109300,4.012268e-06,2.889006e+01,1.714810e-11,3.417661e-04,0.000000e+00,3.391051e-04,3.396841e-04,0.000000e+00,1.370808e-08,-6.599528e-10,2.522903e-10,-1.753794e-12,-6.680169e-10,-1.604976e-11,1.370983e-08,0.0000,99.7627,0.2373,1.448454e+02
109400,4.015939e-06,2.889899e+01,1.715340e-11,3.435503e-04,0.000000e+00,3.427640e-04,3.421063e-04,0.000000e+00,1.385926e-08,-6.672992e-10,2.473997e-10,-1.683593e-12,-6.693809e-10,-1.599465e-11,1.386094e-08,0.0000,99.7627,0.2373,1.449230e+02
109500,4.019610e-06,2.891905e+01,1.716531e-11,3.439434e-04,0.000000e+00,3.397099e-04,3.407004e-04,0.000000e+00,1.373498e-08,-6.586601e-10,2.312953e-10,-1.580312e-12,-6.714671e-10,-1.591917e-11,1.373656e-08,0.0000,99.7617,0.2383,1.449053e+02
109600,4.023281e-06,2.893507e+01,1.717482e-11,3.434293e-04,0.000000e+00,3.416149e-04,3.408380e-04,0.000000e+00,1.379876e-08,-6.632929e-10,2.456462e-10,-1.559920e-12,-6.733646e-10,-1.595131e-11,1.380032e-08,0.0000,99.7614,0.2386,1.446315e+02
109700,4.026952e-06,2.892424e+01,1.716839e-11,3.405868e-04,0.000000e+00,3.444575e-04,3.423387e-04,0.000000e+00,1.391438e-08,-6.658271e-10,2.518512e-10,-1.940426e-12,-6.731377e-10,-1.624466e-11,1.391632e-08,0.0000,99.7627,0.2373,1.446405e+02
109800,4.030623e-06,2.894048e+01,1.717803e-11,3.450622e-04,0.000000e+00,3.437317e-04,3.424361e-04,0.000000e+00,1.389224e-08,-6.587032e-10,2.394329e-10,-2.277635e-12,-6.711249e-10,-1.640218e-11,1.389452e-08,0.0000,99.7626,0.2374,1.447787e+02
109900,4.034293e-06,2.895241e+01,1.718511e-11,3.448506e-04,0.000000e+00,3.438829e-04,3.429217e-04,0.000000e+00,1.388867e-08,-6.827964e-10,2.367853e-10,-2.232117e-12,-6.736149e-10,-1.622921e-11,1.389090e-08,0.0000,99.7625,0.2375,1.446092e+02
110000,4.037964e-06,2.894346e+01,1.717979e-11,3.399518e-04,0.000000e+00,3.405566e-04,3.413992e-04,0.000000e+00,1.376637e-08,-6.601971e-10,2.493181e-10,-2.050338e-12,-6.730176e-10,-1.602009e-11,1.376842e-08,0.0000,99.7629,0.2371,1.448454e+02
110100,4.041635e-06,2.894782e+01,1.718239e-11,3.417661e-04,0.000000e+00,3.467859e-04,3.410598e-04,0.000000e+00,1.400875e-08,-6.732784e-10,2.612074e-10,-2.045881e-12,-6.714565e-10,-1.591237e-11,1.401080e-08,0.0000,99.7645,0.2355,1.446534e+02
110200,4.045306e-06,2.893137e+01,1.717262e-11,3.408590e-04,0.000000e+00,3.418569e-04,3.435191e-04,0.000000e+00,1.380029e-08,-6.566243e-10,2.584847e-10,-1.786860e-12,-6.694850e-10,-1.586579e-11,1.380208e-08,0.0000,99.7650,0.2350,1.444613e+02
110300,4.048977e-06,2.894594e+01,1.718127e-11,3.444272e-04,0.000000e+00,3.410706e-04,3.420717e-04,0.000000e+00,1.378825e-08,-6.582629e-10,2.640046e-10,-2.001718e-12,-6.703559e-10,-1.592812e-11,1.379025e-08,0.0000,99.7643,0.2357,1.448678e+02
110400,4.052648e-06,2.895300e+01,1.718546e-11,3.432781e-04,0.000000e+00,3.417661e-04,3.421361e-04,0.000000e+00,1.380873e-08,-6.632900e-10,2.255052e-10,-1.771122e-12,-6.725844e-10,-1.582977e-11,1.381050e-08,0.0000,99.7641,0.2359,1.447056e+02
110500,4.056319e-06,2.894350e+01,1.717982e-11,3.406170e-04,0.000000e+00,3.411311e-04,3.421535e-04,0.000000e+00,1.378246e-08,-6.577998e-10,2.647767e-10,-1.927785e-12,-6.724832e-10,-1.601573e-11,1.378438e-08,0.0000,99.7645,0.2355,1.446925e+02
110600,4.059990e-06,2.894882e+01,1.718298e-11,3.412218e-04,0.000000e+00,3.459997e-04,3.403624e-04,0.000000e+00,1.397913e-08,-6.636325e-10,2.497850e-10,-2.110467e-12,-6.699077e-10,-1.598019e-11,1.398125e-08,0.0000,99.7660,0.2340,1.446960e+02
110700,4.063660e-06,2.893176e+01,1.717285e-11,3.400123e-04,0.000000e+00,3.398913e-04,3.427697e-04,0.000000e+00,1.372939e-08,-6.617316e-10,2.479491e-10,-1.784427e-12,-6.687913e-10,-1.586659e-11,1.373117e-08,0.0000,99.7662,0.2338,1.446326e+02
110800,4.067331e-06,2.891154e+01,1.716085e-11,3.386817e-04,0.000000e+00,3.419778e-04,3.419510e-04,0.000000e+00,1.381929e-08,-6.614902e-10,2.582180e-10,-1.690673e-12,-6.667961e-10,-1.585652e-11,1.382098e-08,0.0000,99.7673,0.2327,1.447435e+02
110900,4.071002e-06,2.890416e+01,1.715647e-11,3.398913e-04,0.000000e+00,3.403449e-04,3.410855e-04,0.000000e+00,1.375176e-08,-6.530532e-10,2.658983e-10,-1.841873e-12,-6.655697e-10,-1.596795e-11,1.375360e-08,0.0000,99.7677,0.2323,1.447089e+02
111000,4.074673e-06,2.891954e+01,1.716560e-11,3.418871e-04,0.000000e+00,3.390748e-04,3.394002e-04,0.000000e+00,1.369708e-08,-6.606551e-10,2.389047e-10,-1.982807e-12,-6.657279e-10,-1.591578e-11,1.369906e-08,0.0000,99.7671,0.2329,1.446454e+02
111100,4.078344e-06,2.890807e+01,1.715879e-11,3.394377e-04,0.000000e+00,3.407682e-04,3.412922e-04,0.000000e+00,1.377093e-08,-6.637047e-10,2.533505e-10,-1.748495e-12,-6.669098e-10,-1.576393e-11,1.377268e-08,0.0000,99.7677,0.2323,1.447574e+02
111200,4.082015e-06,2.891152e+01,1.716084e-11,3.422802e-04,0.000000e+00,3.381374e-04,3.417230e-04,0.000000e+00,1.366655e-08,-6.533301e-10,2.534592e-10,-1.780839e-12,-6.680005e-10,-1.571575e-11,1.366833e-08,0.0000,99.7668,0.2332,1.448004e+02
111300,4.085686e-06,2.892685e+01,1.716994e-11,3.421895e-04,0.000000e+00,3.403751e-04,3.397102e-04,0.000000e+00,1.374673e-08,-6.540626e-10,2.662188e-10,-1.880556e-12,-6.693082e-10,-1.570039e-11,1.374861e-08,0.0000,99.7665,0.2335,1.445772e+02
111400,4.089357e-06,2.894473e+01,1.718055e-11,3.453949e-04,0.000000e+00,3.424314e-04,3.425042e-04,0.000000e+00,1.383634e-08,-6.599166e-10,2.428997e-10,-2.047880e-12,-6.720497e-10,-1.593045e-11,1.383839e-08,0.0000,99.7659,0.2341,1.447148e+02
111500,4.093028e-06,2.895298e+01,1.718545e-11,3.422500e-04,0.000000e+00,3.427036e-04,3.409157e-04,0.000000e+00,1.385191e-08,-6.601239e-10,2.475970e-10,-2.594844e-12,-6.727297e-10,-1.608583e-11,1.385450e-08,0.0000,99.7663,0.2337,1.448141e+02
111600,4.096698e-06,2.894283e+01,1.717942e-11,3.400123e-04,0.000000e+00,3.430362e-04,3.416524e-04,0.000000e+00,1.385309e-08,-6.666969e-10,2.607395e-10,-2.655633e-12,-6.718998e-10,-1.618608e-11,1.385574e-08,0.0000,99.7673,0.2327,1.445618e+02
111700,4.100369e-06,2.895474e+01,1.718649e-11,3.439736e-04,0.000000e+00,3.438224e-04,3.420483e-04,0.000000e+00,1.387777e-08,-6.652964e-10,2.584498e-10,-2.354775e-12,-6.708431e-10,-1.598242e-11,1.388012e-08,0.0000,99.7675,0.2325,1.444220e+02
111800,4.104040e-06,2.896701e+01,1.719378e-11,3.407078e-04,0.000000e+00,3.403146e-04,3.387234e-04,0.000000e+00,1.374272e-08,-6.654805e-10,2.648791e-10,-2.174882e-12,-6.708253e-10,-1.597278e-11,1.374490e-08,0.0000,99.7676,0.2324,1.445571e+02
111900,4.107711e-06,2.896446e+01,1.719226e-11,3.411009e-04,0.000000e+00,3.437015e-04,3.415137e-04,0.000000e+00,1.388789e-08,-6.598840e-10,2.340796e-10,-2.587071e-12,-6.708595e-10,-1.605686e-11,1.389048e-08,0.0000,99.7685,0.2315,1.447259e+02
112000,4.111382e-06,2.897541e+01,1.719876e-11,3.429152e-04,0.000000e+00,3.414033e-04,3.411448e-04,0.000000e+00,1.379263e-08,-6.611303e-10,2.582535e-10,-2.617903e-12,-6.702978e-10,-1.605118e-11,1.379525e-08,0.0000,99.7683,0.2317,1.446756e+02
112100,4.115053e-06,2.898061e+01,1.720185e-11,3.419476e-04,0.000000e+00,3.417057e-04,3.411060e-04,0.000000e+00,1.380306e-08,-6.649638e-10,2.421168e-10,-2.403932e-12,-6.706788e-10,-1.598116e-11,1.380547e-08,0.0000,99.7685,0.2315,1.446426e+02
112200,4.118724e-06,2.896407e+01,1.719203e-11,3.379560e-04,0.000000e+00,3.426128e-04,3.406304e-04,0.000000e+00,1.384026e-08,-6.631475e-10,2.739057e-10,-2.113740e-12,-6.695711e-10,-1.582809e-11,1.384237e-08,0.0000,99.7699,0.2301,1.446359e+02
112300,4.122395e-06,2.900061e+01,1.721372e-11,3.455158e-04,0.000000e+00,3.420988e-04,3.396090e-04,0.000000e+00,1.381638e-08,-6.620293e-10,2.342436e-10,-1.798024e-12,-6.684546e-10,-1.578615e-11,1.381817e-08,0.0000,99.7692,0.2308,1.445938e+02
112400,4.126065e-06,2.900628e+01,1.721708e-11,3.409194e-04,0.000000e+00,3.412521e-04,3.400018e-04,0.000000e+00,1.378401e-08,-6.536115e-10,2.483698e-10,-2.068409e-12,-6.700695e-10,-1.578188e-11,1.378608e-08,0.0000,99.7695,0.2305,1.446220e+02
112500,4.129736e-06,2.902205e+01,1.722644e-11,3.434898e-04,0.000000e+00,3.397703e-04,3.409406e-04,0.000000e+00,1.373920e-08,-6.593549e-10,2.583418e-10,-2.070121e-12,-6.718404e-10,-1.589523e-11,1.374127e-08,0.0000,99.7688,0.2312,1.449366e+02
112600,4.133407e-06,2.901187e+01,1.722041e-11,3.405868e-04,0.000000e+00,3.426128e-04,3.422313e-04,0.000000e+00,1.384201e-08,-6.559727e-10,2.505563e-10,-2.273750e-12,-6.715106e-10,-1.599298e-11,1.384428e-08,0.0000,99.7695,0.2305,1.446779e+02
112700,4.137078e-06,2.900589e+01,1.721686e-11,3.399518e-04,0.000000e+00,3.429455e-04,3.409187e-04,0.000000e+00,1.385935e-08,-6.634948e-10,2.423369e-10,-2.139458e-12,-6.695345e-10,-1.603980e-11,1.386149e-08,0.0000,99.7705,0.2295,1.447652e+02
112800,4.140749e-06,2.902031e+01,1.722541e-11,3.434596e-04,0.000000e+00,3.426128e-04,3.411288e-04,0.000000e+00,1.384064e-08,-6.653379e-10,2.462503e-10,-2.038063e-12,-6.684523e-10,-1.587293e-11,1.384268e-08,0.0000,99.7705,0.2295,1.446530e+02
112900,4.144420e-06,2.903837e+01,1.723613e-11,3.443063e-04,0.000000e+00,3.398913e-04,3.413860e-04,0.000000e+00,1.373463e-08,-6.594486e-10,2.610344e-10,-2.120371e-12,-6.709197e-10,-1.588888e-11,1.373675e-08,0.0000,99.7695,0.2305,1.447421e+02
113000,4.148091e-06,2.905551e+01,1.724630e-11,3.441248e-04,0.000000e+00,3.415545e-04,3.413538e-04,0.000000e+00,1.380233e-08,-6.583756e-10,2.452322e-10,-2.066771e-12,-6.733488e-10,-1.595851e-11,1.380440e-08,0.0000,99.7691,0.2309,1.447425e+02
113100,4.151762e-06,2.906772e+01,1.725356e-11,3.419173e-04,0.000000e+00,3.439434e-04,3.399419e-04,0.000000e+00,1.389266e-08,-6.657157e-10,2.405783e-10,-2.464755e-12,-6.738873e-10,-1.602888e-11,1.389512e-08,0.0000,99.7698,0.2302,1.446244e+02
113200,4.155432e-06,2.906599e+01,1.725253e-11,3.410102e-04,0.000000e+00,3.433991e-04,3.412908e-04,0.000000e+00,1.387040e-08,-6.616883e-10,2.396014e-10,-2.948197e-12,-6.722099e-10,-1.613466e-11,1.387335e-08,0.0000,99.7707,0.2293,1.446207e+02
113300,4.159103e-06,2.906860e+01,1.725408e-11,3.407078e-04,0.000000e+00,3.444272e-04,3.402848e-04,0.000000e+00,1.390631e-08,-6.678050e-10,2.505610e-10,-2.825378e-12,-6.692124e-10,-1.607546e-11,1.390913e-08,0.0000,99.7719,0.2281,1.445047e+02
113400,4.162774e-06,2.907470e+01,1.725769e-11,3.432176e-04,0.000000e+00,3.426733e-04,3.422328e-04,0.000000e+00,1.384213e-08,-6.690515e-10,2.505844e-10,-2.768579e-12,-6.691437e-10,-1.583211e-11,1.384490e-08,0.0000,99.7719,0.2281,1.446455e+02
113500,4.166445e-06,2.906899e+01,1.725431e-11,3.409497e-04,0.000000e+00,3.370488e-04,3.418718e-04,0.000000e+00,1.361164e-08,-6.510699e-10,2.789311e-10,-2.887968e-12,-6.693353e-10,-1.599902e-11,1.361453e-08,0.0000,99.7711,0.2289,1.445620e+02
113600,4.170116e-06,2.906749e+01,1.725342e-11,3.419778e-04,0.000000e+00,3.444575e-04,3.422205e-04,0.000000e+00,1.391794e-08,-6.626627e-10,2.512599e-10,-2.951903e-12,-6.698421e-10,-1.608805e-11,1.392089e-08,0.0000,99.7720,0.2280,1.447088e+02
113700,4.173787e-06,2.904901e+01,1.724244e-11,3.393772e-04,0.000000e+00,3.400727e-04,3.423664e-04,0.000000e+00,1.373148e-08,-6.675169e-10,2.329739e-10,-2.797418e-12,-6.685576e-10,-1.586598e-11,1.373428e-08,0.0000,99.7724,0.2276,1.445328e+02
113800,4.177458e-06,2.905265e+01,1.724461e-11,3.416149e-04,0.000000e+00,3.434293e-04,3.410255e-04,0.000000e+00,1.387832e-08,-6.627363e-10,2.455389e-10,-2.649284e-12,-6.677987e-10,-1.555064e-11,1.388097e-08,0.0000,99.7731,0.2269,1.447480e+02
113900,4.181129e-06,2.905359e+01,1.724516e-11,3.431572e-04,0.000000e+00,3.391958e-04,3.430056e-04,0.000000e+00,1.369669e-08,-6.455302e-10,2.633639e-10,-2.744427e-12,-6.685812e-10,-1.560955e-11,1.369943e-08,0.0000,99.7722,0.2278,1.445177e+02
114000,4.184799e-06,2.906063e+01,1.724934e-11,3.420685e-04,0.000000e+00,3.405263e-04,3.409298e-04,0.000000e+00,1.376262e-08,-6.542190e-10,2.476738e-10,-2.849271e-12,-6.704745e-10,-1.585154e-11,1.376547e-08,0.0000,99.7720,0.2280,1.447879e+02
114100,4.188470e-06,2.905565e+01,1.724639e-11,3.396191e-04,0.000000e+00,3.431572e-04,3.404249e-04,0.000000e+00,1.385417e-08,-6.638932e-10,2.465891e-10,-2.722895e-12,-6.689275e-10,-1.583120e-11,1.385689e-08,0.0000,99.7731,0.2269,1.444819e+02
114200,4.192141e-06,2.904625e+01,1.724081e-11,3.417359e-04,0.000000e+00,3.417964e-04,3.432555e-04,0.000000e+00,1.380722e-08,-6.599323e-10,2.438893e-10,-2.772097e-12,-6.677764e-10,-1.592624e-11,1.380999e-08,0.0000,99.7734,0.2266,1.446604e+02
114300,4.195812e-06,2.902201e+01,1.722642e-11,3.392563e-04,0.000000e+00,3.402542e-04,3.431755e-04,0.000000e+00,1.373951e-08,-6.533488e-10,2.473563e-10,-3.136958e-12,-6.675184e-10,-1.603879e-11,1.374264e-08,0.0000,99.7738,0.2262,1.445316e+02
114400,4.199483e-06,2.902653e+01,1.722910e-11,3.425524e-04,0.000000e+00,3.416754e-04,3.418225e-04,0.000000e+00,1.379243e-08,-6.605771e-10,2.543554e-10,-3.159338e-12,-6.674566e-10,-1.612936e-11,1.379559e-08,0.0000,99.7738,0.2262,1.444484e+02
114500,4.203154e-06,2.903694e+01,1.723528e-11,3.423105e-04,0.000000e+00,3.412823e-04,3.406261e-04,0.000000e+00,1.378917e-08,-6.670356e-10,2.464645e-10,-3.068682e-12,-6.682957e-10,-1.593978e-11,1.379224e-08,0.0000,99.7737,0.2263,1.447094e+02
114600,4.206825e-06,2.903988e+01,1.723703e-11,3.407380e-04,0.000000e+00,3.399820e-04,3.402622e-04,0.000000e+00,1.373031e-08,-6.595752e-10,2.416540e-10,-2.982278e-12,-6.690949e-10,-1.597648e-11,1.373330e-08,0.0000,99.7737,0.2263,1.445764e+02
114700,4.210496e-06,2.903828e+01,1.723608e-11,3.411311e-04,0.000000e+00,3.415847e-04,3.413913e-04,0.000000e+00,1.380058e-08,-6.567098e-10,2.449388e-10,-2.936267e-12,-6.690574e-10,-1.599290e-11,1.380352e-08,0.0000,99.7741,0.2259,1.446886e+02
114800,4.214166e-06,2.904247e+01,1.723857e-11,3.415847e-04,0.000000e+00,3.426431e-04,3.409065e-04,0.000000e+00,1.383638e-08,-6.677474e-10,2.499767e-10,-2.775250e-12,-6.687371e-10,-1.582115e-11,1.383916e-08,0.0000,99.7746,0.2254,1.445491e+02
114900,4.217837e-06,2.904164e+01,1.723807e-11,3.402239e-04,0.000000e+00,3.419778e-04,3.403579e-04,0.000000e+00,1.382219e-08,-6.571458e-10,2.302227e-10,-2.721989e-12,-6.679969e-10,-1.578652e-11,1.382492e-08,0.0000,99.7752,0.2248,1.448010e+02
115000,4.221508e-06,2.906521e+01,1.725206e-11,3.454251e-04,0.000000e+00,3.425524e-04,3.416138e-04,0.000000e+00,1.382821e-08,-6.564557e-10,2.554606e-10,-2.821688e-12,-6.700008e-10,-1.590054e-11,1.383103e-08,0.0000,99.7747,0.2253,1.444463e+02
115100,4.225179e-06,2.906375e+01,1.725120e-11,3.417359e-04,0.000000e+00,3.386212e-04,3.419727e-04,0.000000e+00,1.368161e-08,-6.517931e-10,2.550208e-10,-2.424070e-12,-6.703544e-10,-1.591480e-11,1.368404e-08,0.0000,99.7741,0.2259,1.446968e+02
115200,4.228850e-06,2.907588e+01,1.725839e-11,3.435503e-04,0.000000e+00,3.425524e-04,3.415891e-04,0.000000e+00,1.384031e-08,-6.664795e-10,2.627745e-10,-2.493227e-12,-6.714068e-10,-1.604197e-11,1.384280e-08,0.0000,99.7740,0.2260,1.447048e+02
115300,4.232521e-06,2.908119e+01,1.726155e-11,3.412823e-04,0.000000e+00,3.443667e-04,3.404229e-04,0.000000e+00,1.389879e-08,-6.648915e-10,2.381141e-10,-2.713679e-12,-6.720789e-10,-1.598933e-11,1.390150e-08,0.0000,99.7750,0.2250,1.443999e+02
115400,4.236192e-06,2.908734e+01,1.726520e-11,3.415242e-04,0.000000e+00,3.420988e-04,3.405306e-04,0.000000e+00,1.382261e-08,-6.647896e-10,2.627120e-10,-2.882383e-12,-6.701590e-10,-1.597927e-11,1.382550e-08,0.0000,99.7754,0.2246,1.447237e+02
115500,4.239863e-06,2.911346e+01,1.728070e-11,3.428548e-04,0.000000e+00,3.441248e-04,3.386305e-04,0.000000e+00,1.389783e-08,-6.626261e-10,2.488905e-10,-3.042003e-12,-6.686261e-10,-1.597411e-11,1.390087e-08,0.0000,99.7759,0.2241,1.445727e+02
115600,4.243533e-06,2.911395e+01,1.728099e-11,3.420685e-04,0.000000e+00,3.398913e-04,3.419904e-04,0.000000e+00,1.372481e-08,-6.566323e-10,2.523237e-10,-2.791577e-12,-6.697662e-10,-1.595194e-11,1.372760e-08,0.0000,99.7755,0.2245,1.445217e+02
115700,4.247204e-06,2.914188e+01,1.729757e-11,3.438527e-04,0.000000e+00,3.433084e-04,3.393357e-04,0.000000e+00,1.386398e-08,-6.652748e-10,2.529254e-10,-2.678405e-12,-6.706978e-10,-1.604178e-11,1.386666e-08,0.0000,99.7756,0.2244,1.445645e+02
115800,4.250875e-06,2.914848e+01,1.730149e-11,3.424012e-04,0.000000e+00,3.420081e-04,3.413337e-04,0.000000e+00,1.381753e-08,-6.605308e-10,2.753021e-10,-2.644196e-12,-6.707049e-10,-1.605308e-11,1.382017e-08,0.0000,99.7757,0.2243,1.446848e+02
115900,4.254546e-06,2.917636e+01,1.731804e-11,3.440946e-04,0.000000e+00,3.423407e-04,3.395863e-04,0.000000e+00,1.382232e-08,-6.650523e-10,2.232099e-10,-2.524766e-12,-6.718910e-10,-1.600891e-11,1.382484e-08,0.0000,99.7754,0.2246,1.445053e+02
116000,4.258217e-06,2.919514e+01,1.732919e-11,3.450018e-04,0.000000e+00,3.434596e-04,3.419652e-04,0.000000e+00,1.386677e-08,-6.662712e-10,2.459813e-10,-2.431167e-12,-6.720198e-10,-1.582260e-11,1.386920e-08,0.0000,99.7752,0.2248,1.444900e+02
116100,4.261888e-06,2.919413e+01,1.732859e-11,3.434596e-04,0.000000e+00,3.414940e-04,3.436232e-04,0.000000e+00,1.379292e-08,-6.582180e-10,2.348068e-10,-2.793659e-12,-6.734081e-10,-1.595177e-11,1.379571e-08,0.0000,99.7749,0.2251,1.446041e+02
116200,4.265559e-06,2.921444e+01,1.734064e-11,3.446691e-04,0.000000e+00,3.445784e-04,3.413848e-04,0.000000e+00,1.391166e-08,-6.573288e-10,2.554037e-10,-3.216316e-12,-6.748841e-10,-1.623103e-11,1.391487e-08,0.0000,99.7751,0.2249,1.444790e+02
116300,4.269230e-06,2.921716e+01,1.734226e-11,3.428548e-04,0.000000e+00,3.454554e-04,3.424151e-04,0.000000e+00,1.394583e-08,-6.740381e-10,2.544566e-10,-3.127631e-12,-6.730553e-10,-1.621855e-11,1.394895e-08,0.0000,99.7760,0.2240,1.444613e+02
116400,4.272900e-06,2.922797e+01,1.734867e-11,3.432479e-04,0.000000e+00,3.459392e-04,3.414999e-04,0.000000e+00,1.396437e-08,-6.717137e-10,2.575129e-10,-3.074560e-12,-6.725031e-10,-1.618365e-11,1.396745e-08,0.0000,99.7769,0.2231,1.444404e+02
116500,4.276571e-06,2.922341e+01,1.734597e-11,3.411009e-04,0.000000e+00,3.416452e-04,3.418385e-04,0.000000e+00,1.379677e-08,-6.613115e-10,2.719438e-10,-2.824374e-12,-6.703882e-10,-1.599937e-11,1.379960e-08,0.0000,99.7772,0.2228,1.445577e+02
116600,4.280242e-06,2.922161e+01,1.734490e-11,3.418871e-04,0.000000e+00,3.432479e-04,3.421782e-04,0.000000e+00,1.385569e-08,-6.639174e-10,2.326412e-10,-2.611191e-12,-6.696559e-10,-1.597200e-11,1.385830e-08,0.0000,99.7778,0.2222,1.444468e+02
116700,4.283913e-06,2.918594e+01,1.732372e-11,3.385910e-04,0.000000e+00,3.420081e-04,3.443590e-04,0.000000e+00,1.380237e-08,-6.598240e-10,2.532114e-10,-2.527692e-12,-6.684768e-10,-1.599220e-11,1.380490e-08,0.0000,99.7788,0.2212,1.443656e+02
116800,4.287584e-06,2.917851e+01,1.731931e-11,3.406170e-04,0.000000e+00,3.414940e-04,3.418179e-04,0.000000e+00,1.379679e-08,-6.591976e-10,2.488196e-10,-2.382585e-12,-6.653009e-10,-1.595146e-11,1.379917e-08,0.0000,99.7793,0.2207,1.446845e+02
116900,4.291255e-06,2.919349e+01,1.732821e-11,3.431874e-04,0.000000e+00,3.411614e-04,3.407651e-04,0.000000e+00,1.376738e-08,-6.606000e-10,2.613095e-10,-2.514690e-12,-6.658342e-10,-1.598028e-11,1.376990e-08,0.0000,99.7789,0.2211,1.443571e+02
117000,4.294926e-06,2.917563e+01,1.731760e-11,3.411009e-04,0.000000e+00,3.376838e-04,3.439897e-04,0.000000e+00,1.363820e-08,-6.536570e-10,2.578403e-10,-2.547815e-12,-6.686627e-10,-1.594960e-11,1.364075e-08,0.0000,99.7782,0.2218,1.445895e+02
117100,4.298597e-06,2.914599e+01,1.730001e-11,3.389841e-04,0.000000e+00,3.419476e-04,3.437766e-04,0.000000e+00,1.381067e-08,-6.694619e-10,2.375225e-10,-2.621864e-12,-6.678531e-10,-1.597031e-11,1.381329e-08,0.0000,99.7792,0.2208,1.446019e+02
117200,4.302267e-06,2.915120e+01,1.730311e-11,3.439131e-04,0.000000e+00,3.430060e-04,3.430698e-04,0.000000e+00,1.385108e-08,-6.598251e-10,2.622191e-10,-2.487769e-12,-6.672277e-10,-1.596811e-11,1.385357e-08,0.0000,99.7792,0.2208,1.445461e+02
117300,4.305938e-06,2.916922e+01,1.731380e-11,3.445784e-04,0.000000e+00,3.397703e-04,3.416645e-04,0.000000e+00,1.372022e-08,-6.587971e-10,2.388000e-10,-2.411283e-12,-6.693284e-10,-1.593807e-11,1.372263e-08,0.0000,99.7781,0.2219,1.445400e+02
117400,4.309609e-06,2.915864e+01,1.730752e-11,3.423709e-04,0.000000e+00,3.428245e-04,3.440815e-04,0.000000e+00,1.385246e-08,-6.645729e-10,2.585953e-10,-1.965873e-12,-6.717905e-10,-1.578643e-11,1.385442e-08,0.0000,99.7784,0.2216,1.447311e+02
117500,4.313280e-06,2.913806e+01,1.729531e-11,3.394982e-04,0.000000e+00,3.435805e-04,3.428260e-04,0.000000e+00,1.387851e-08,-6.610064e-10,2.479016e-10,-2.025940e-12,-6.702948e-10,-1.585047e-11,1.388054e-08,0.0000,99.7797,0.2203,1.446303e+02
117600,4.316951e-06,2.914007e+01,1.729650e-11,3.422197e-04,0.000000e+00,3.425221e-04,3.418958e-04,0.000000e+00,1.382585e-08,-6.561693e-10,2.588652e-10,-2.278604e-12,-6.676776e-10,-1.580892e-11,1.382813e-08,0.0000,99.7800,0.2200,1.444171e+02
117700,4.320622e-06,2.913456e+01,1.729323e-11,3.424012e-04,0.000000e+00,3.416452e-04,3.432916e-04,0.000000e+00,1.379254e-08,-6.591465e-10,2.575813e-10,-2.190861e-12,-6.681499e-10,-1.574920e-11,1.379473e-08,0.0000,99.7800,0.2200,1.444659e+02
117800,4.324293e-06,2.913492e+01,1.729344e-11,3.429152e-04,0.000000e+00,3.409799e-04,3.428566e-04,0.000000e+00,1.377811e-08,-6.549289e-10,2.583557e-10,-2.222544e-12,-6.697930e-10,-1.586595e-11,1.378033e-08,0.0000,99.7797,0.2203,1.447282e+02
117900,4.327964e-06,2.911464e+01,1.728140e-11,3.391051e-04,0.000000e+00,3.435503e-04,3.423842e-04,0.000000e+00,1.387308e-08,-6.604817e-10,2.540655e-10,-2.430845e-12,-6.692231e-10,-1.595906e-11,1.387551e-08,0.0000,99.7810,0.2190,1.445407e+02
118000,4.331634e-06,2.912931e+01,1.729011e-11,3.431572e-04,0.000000e+00,3.411009e-04,3.407851e-04,0.000000e+00,1.378184e-08,-6.612586e-10,2.327208e-10,-2.085217e-12,-6.680171e-10,-1.590553e-11,1.378393e-08,0.0000,99.7807,0.2193,1.447100e+02
118100,4.335305e-06,2.915029e+01,1.730256e-11,3.443365e-04,0.000000e+00,3.417057e-04,3.409442e-04,0.000000e+00,1.380009e-08,-6.607566e-10,2.341382e-10,-1.766973e-12,-6.690002e-10,-1.581298e-11,1.380186e-08,0.0000,99.7802,0.2198,1.445876e+02
118200,4.338976e-06,2.914712e+01,1.730068e-11,3.398006e-04,0.000000e+00,3.409497e-04,3.403130e-04,0.000000e+00,1.377120e-08,-6.576250e-10,2.382320e-10,-2.038911e-12,-6.705868e-10,-1.602698e-11,1.377324e-08,0.0000,99.7807,0.2193,1.446122e+02
118300,4.342647e-06,2.915560e+01,1.730572e-11,3.443365e-04,0.000000e+00,3.445179e-04,3.429655e-04,0.000000e+00,1.390652e-08,-6.644227e-10,2.793332e-10,-2.062394e-12,-6.708542e-10,-1.604690e-11,1.390858e-08,0.0000,99.7809,0.2191,1.444349e+02
118400,4.346318e-06,2.918235e+01,1.732159e-11,3.433991e-04,0.000000e+00,3.407682e-04,3.390740e-04,0.000000e+00,1.375395e-08,-6.596650e-10,2.540639e-10,-1.976255e-12,-6.706645e-10,-1.600320e-11,1.375593e-08,0.0000,99.7804,0.2196,1.444073e+02
118500,4.349989e-06,2.920508e+01,1.733508e-11,3.444272e-04,0.000000e+00,3.426733e-04,3.407521e-04,0.000000e+00,1.383677e-08,-6.641207e-10,2.366494e-10,-2.134004e-12,-6.732387e-10,-1.600570e-11,1.383891e-08,0.0000,99.7802,0.2198,1.445281e+02
118600,4.353660e-06,2.922413e+01,1.734639e-11,3.436107e-04,0.000000e+00,3.453949e-04,3.405303e-04,0.000000e+00,1.395848e-08,-6.641079e-10,2.630996e-10,-2.068335e-12,-6.730768e-10,-1.596613e-11,1.396055e-08,0.0000,99.7808,0.2192,1.447619e+02
118700,4.357331e-06,2.922993e+01,1.734983e-11,3.434293e-04,0.000000e+00,3.426733e-04,3.424917e-04,0.000000e+00,1.383466e-08,-6.686764e-10,2.402803e-10,-2.270230e-12,-6.733974e-10,-1.602214e-11,1.383693e-08,0.0000,99.7808,0.2192,1.444875e+02
118800,4.361002e-06,2.923061e+01,1.735024e-11,3.395284e-04,0.000000e+00,3.444575e-04,3.394178e-04,0.000000e+00,1.391142e-08,-6.630316e-10,2.331967e-10,-2.077273e-12,-6.716312e-10,-1.589012e-11,1.391350e-08,0.0000,99.7823,0.2177,1.445942e+02
118900,4.364672e-06,2.921946e+01,1.734362e-11,3.393167e-04,0.000000e+00,3.406170e-04,3.411208e-04,0.000000e+00,1.375091e-08,-6.608007e-10,2.620096e-10,-1.813160e-12,-6.683695e-10,-1.569431e-11,1.375273e-08,0.0000,99.7828,0.2172,1.444693e+02
119000,4.368343e-06,2.924243e+01,1.735725e-11,3.452134e-04,0.000000e+00,3.446691e-04,3.414990e-04,0.000000e+00,1.391450e-08,-6.587200e-10,2.661123e-10,-1.765690e-12,-6.676740e-10,-1.561398e-11,1.391626e-08,0.0000,99.7828,0.2172,1.444598e+02
119100,4.372014e-06,2.925713e+01,1.736598e-11,3.431874e-04,0.000000e+00,3.376233e-04,3.408095e-04,0.000000e+00,1.362396e-08,-6.457826e-10,2.591459e-10,-1.993951e-12,-6.707331e-10,-1.587941e-11,1.362595e-08,0.0000,99.7816,0.2184,1.443288e+02
119200,4.375685e-06,2.928261e+01,1.738110e-11,3.430362e-04,0.000000e+00,3.418871e-04,3.389165e-04,0.000000e+00,1.380946e-08,-6.570175e-10,2.611243e-10,-2.400282e-12,-6.734399e-10,-1.613719e-11,1.381186e-08,0.0000,99.7815,0.2185,1.446235e+02
119300,4.379356e-06,2.927554e+01,1.737691e-11,3.411614e-04,0.000000e+00,3.445784e-04,3.423050e-04,0.000000e+00,1.390271e-08,-6.710386e-10,2.586971e-10,-2.428285e-12,-6.720574e-10,-1.593294e-11,1.390514e-08,0.0000,99.7826,0.2174,1.443185e+02
119400,4.383027e-06,2.928481e+01,1.738241e-11,3.428850e-04,0.000000e+00,3.435503e-04,3.413865e-04,0.000000e+00,1.385929e-08,-6.632610e-10,2.553872e-10,-2.112072e-12,-6.699904e-10,-1.570768e-11,1.386140e-08,0.0000,99.7829,0.2171,1.442552e+02
119500,4.386698e-06,2.927715e+01,1.737787e-11,3.427943e-04,0.000000e+00,3.426733e-04,3.440317e-04,0.000000e+00,1.382687e-08,-6.572408e-10,2.411825e-10,-2.077427e-12,-6.689911e-10,-1.586638e-11,1.382895e-08,0.0000,99.7831,0.2169,1.443164e+02
119600,4.390369e-06,2.927214e+01,1.737489e-11,3.410706e-04,0.000000e+00,3.402844e-04,3.418811e-04,0.000000e+00,1.372671e-08,-6.533532e-10,2.331073e-10,-2.563065e-12,-6.703271e-10,-1.617814e-11,1.372927e-08,0.0000,99.7831,0.2169,1.442371e+02
119700,4.394039e-06,2.928172e+01,1.738058e-11,3.445784e-04,0.000000e+00,3.411916e-04,3.430289e-04,0.000000e+00,1.376895e-08,-6.574940e-10,2.406506e-10,-2.796908e-12,-6.709025e-10,-1.621893e-11,1.377174e-08,0.0000,99.7824,0.2176,1.443576e+02
119800,4.397710e-06,2.928977e+01,1.738535e-11,3.427338e-04,0.000000e+00,3.439131e-04,3.414327e-04,0.000000e+00,1.387375e-08,-6.700862e-10,2.745972e-10,-2.545476e-12,-6.727858e-10,-1.601659e-11,1.387630e-08,0.0000,99.7829,0.2171,1.442604e+02
119900,4.401381e-06,2.929361e+01,1.738763e-11,3.433688e-04,0.000000e+00,3.430362e-04,3.427477e-04,0.000000e+00,1.384142e-08,-6.682717e-10,2.678248e-10,-2.481311e-12,-6.737064e-10,-1.591892e-11,1.384390e-08,0.0000,99.7830,0.2170,1.443209e+02
120000,4.405052e-06,2.927647e+01,1.737746e-11,3.409799e-04,0.000000e+00,3.443365e-04,3.437516e-04,0.000000e+00,1.389917e-08,-6.631562e-10,2.456652e-10,-2.481726e-12,-6.710295e-10,-1.594044e-11,1.390166e-08,0.0000,99.7840,0.2160,1.444263e+02
120100,4.408723e-06,2.927532e+01,1.737678e-11,3.434898e-04,0.000000e+00,3.429152e-04,3.436756e-04,0.000000e+00,1.383883e-08,-6.581010e-10,2.744840e-10,-2.510474e-12,-6.701910e-10,-1.589071e-11,1.384134e-08,0.0000,99.7841,0.2159,1.443734e+02
120200,4.412394e-06,2.927015e+01,1.737371e-11,3.427943e-04,0.000000e+00,3.432176e-04,3.436301e-04,0.000000e+00,1.384624e-08,-6.666787e-10,2.658766e-10,-2.608217e-12,-6.704548e-10,-1.579850e-11,1.384885e-08,0.0000,99.7844,0.2156,1.442630e+02
120300,4.416065e-06,2.927690e+01,1.737771e-11,3.431269e-04,0.000000e+00,3.420081e-04,3.420362e-04,0.000000e+00,1.380657e-08,-6.560050e-10,2.516621e-10,-2.351863e-12,-6.712588e-10,-1.579979e-11,1.380892e-08,0.0000,99.7843,0.2157,1.444501e+02
120400,4.419736e-06,2.928052e+01,1.737986e-11,3.424919e-04,0.000000e+00,3.417057e-04,3.419062e-04,0.000000e+00,1.379579e-08,-6.573859e-10,2.370003e-10,-2.524692e-12,-6.714839e-10,-1.584217e-11,1.379831e-08,0.0000,99.7842,0.2158,1.444871e+02
120500,4.423406e-06,2.926782e+01,1.737232e-11,3.388632e-04,0.000000e+00,3.419476e-04,3.409168e-04,0.000000e+00,1.381103e-08,-6.555316e-10,2.562509e-10,-2.439824e-12,-6.701998e-10,-1.592436e-11,1.381347e-08,0.0000,99.7852,0.2148,1.445968e+02
120600,4.427077e-06,2.924960e+01,1.736151e-11,3.410102e-04,0.000000e+00,3.442458e-04,3.439564e-04,0.000000e+00,1.388605e-08,-6.614430e-10,2.526442e-10,-2.698326e-12,-6.677020e-10,-1.606593e-11,1.388875e-08,0.0000,99.7862,0.2138,1.442229e+02
120700,4.430748e-06,2.924203e+01,1.735702e-11,3.427640e-04,0.000000e+00,3.421895e-04,3.439876e-04,0.000000e+00,1.381767e-08,-6.648180e-10,2.611257e-10,-2.702228e-12,-6.666614e-10,-1.592642e-11,1.382037e-08,0.0000,99.7862,0.2138,1.445401e+02
120800,4.434419e-06,2.923642e+01,1.735368e-11,3.433991e-04,0.000000e+00,3.388027e-04,3.443069e-04,0.000000e+00,1.367609e-08,-6.602209e-10,2.555823e-10,-2.531053e-12,-6.689415e-10,-1.586441e-11,1.367862e-08,0.0000,99.7853,0.2147,1.444347e+02
120900,4.438090e-06,2.922701e+01,1.734810e-11,3.414033e-04,0.000000e+00,3.420383e-04,3.429245e-04,0.000000e+00,1.381401e-08,-6.546071e-10,2.302166e-10,-2.480960e-12,-6.710184e-10,-1.600983e-11,1.381649e-08,0.0000,99.7856,0.2144,1.445765e+02
121000,4.441761e-06,2.923765e+01,1.735442e-11,3.437922e-04,0.000000e+00,3.422500e-04,3.420720e-04,0.000000e+00,1.380810e-08,-6.620636e-10,2.538017e-10,-2.778885e-12,-6.715738e-10,-1.616406e-11,1.381088e-08,0.0000,99.7854,0.2146,1.442856e+02
121100,4.445432e-06,2.922420e+01,1.734643e-11,3.411009e-04,0.000000e+00,3.424919e-04,3.432754e-04,0.000000e+00,1.382369e-08,-6.640301e-10,2.635701e-10,-2.788031e-12,-6.700566e-10,-1.610113e-11,1.382648e-08,0.0000,99.7859,0.2141,1.444070e+02
121200,4.449103e-06,2.923457e+01,1.735259e-11,3.411311e-04,0.000000e+00,3.432176e-04,3.394547e-04,0.000000e+00,1.385156e-08,-6.685758e-10,2.332795e-10,-2.465112e-12,-6.692308e-10,-1.596114e-11,1.385402e-08,0.0000,99.7866,0.2134,1.443818e+02
121300,4.452773e-06,2.924719e+01,1.736008e-11,3.430664e-04,0.000000e+00,3.425826e-04,3.410245e-04,0.000000e+00,1.383049e-08,-6.635746e-10,2.568997e-10,-2.242514e-12,-6.686466e-10,-1.583678e-11,1.383273e-08,0.0000,99.7867,0.2133,1.444678e+02
121400,4.456444e-06,2.925332e+01,1.736372e-11,3.431572e-04,0.000000e+00,3.409799e-04,3.421674e-04,0.000000e+00,1.376160e-08,-6.544192e-10,2.504778e-10,-2.195969e-12,-6.702980e-10,-1.578412e-11,1.376380e-08,0.0000,99.7863,0.2137,1.443860e+02
121500,4.460115e-06,2.926035e+01,1.736789e-11,3.438224e-04,0.000000e+00,3.432479e-04,3.426852e-04,0.000000e+00,1.386362e-08,-6.614054e-10,2.350851e-10,-2.016374e-12,-6.719789e-10,-1.593193e-11,1.386564e-08,0.0000,99.7864,0.2136,1.445955e+02
121600,4.463786e-06,2.928222e+01,1.738087e-11,3.432781e-04,0.000000e+00,3.410404e-04,3.397418e-04,0.000000e+00,1.376822e-08,-6.575263e-10,2.677763e-10,-2.281521e-12,-6.720407e-10,-1.608815e-11,1.377050e-08,0.0000,99.7860,0.2140,1.444701e+02
121700,4.467457e-06,2.927380e+01,1.737588e-11,3.394679e-04,0.000000e+00,3.437015e-04,3.408287e-04,0.000000e+00,1.387834e-08,-6.659526e-10,2.517166e-10,-2.474207e-12,-6.711375e-10,-1.615242e-11,1.388081e-08,0.0000,99.7872,0.2128,1.445242e+02
121800,4.471128e-06,2.927141e+01,1.737446e-11,3.405566e-04,0.000000e+00,3.453646e-04,3.409434e-04,0.000000e+00,1.393226e-08,-6.670400e-10,2.626120e-10,-2.239961e-12,-6.675066e-10,-1.601984e-11,1.393450e-08,0.0000,99.7886,0.2114,1.442626e+02
121900,4.474799e-06,2.928837e+01,1.738452e-11,3.419173e-04,0.000000e+00,3.414637e-04,3.391755e-04,0.000000e+00,1.377608e-08,-6.670749e-10,2.335221e-10,-2.163742e-12,-6.662321e-10,-1.579140e-11,1.377824e-08,0.0000,99.7887,0.2113,1.442915e+02
122000,4.478470e-06,2.928789e+01,1.738424e-11,3.410706e-04,0.000000e+00,3.375326e-04,3.411474e-04,0.000000e+00,1.362244e-08,-6.469196e-10,2.827146e-10,-2.168316e-12,-6.677421e-10,-1.566399e-11,1.362461e-08,0.0000,99.7880,0.2120,1.443715e+02
122100,4.482140e-06,2.928470e+01,1.738234e-11,3.409497e-04,0.000000e+00,3.419173e-04,3.414667e-04,0.000000e+00,1.380408e-08,-6.623784e-10,2.506341e-10,-2.526112e-12,-6.687796e-10,-1.584270e-11,1.380660e-08,0.0000,99.7884,0.2116,1.444851e+02
122200,4.485811e-06,2.928883e+01,1.738479e-11,3.431269e-04,0.000000e+00,3.432479e-04,3.424587e-04,0.000000e+00,1.386098e-08,-6.551484e-10,2.485178e-10,-2.660584e-12,-6.677269e-10,-1.593168e-11,1.386364e-08,0.0000,99.7886,0.2114,1.445540e+02
122300,4.489482e-06,2.928473e+01,1.738236e-11,3.409497e-04,0.000000e+00,3.395587e-04,3.416120e-04,0.000000e+00,1.370419e-08,-6.600540e-10,2.535442e-10,-2.870987e-12,-6.695531e-10,-1.599276e-11,1.370706e-08,0.0000,99.7885,0.2115,1.443886e+02
122400,4.493153e-06,2.925512e+01,1.736479e-11,3.388329e-04,0.000000e+00,3.415847e-04,3.436210e-04,0.000000e+00,1.378622e-08,-6.611237e-10,2.582062e-10,-2.788919e-12,-6.691336e-10,-1.593825e-11,1.378901e-08,0.0000,99.7893,0.2107,1.443830e+02
122500,4.496824e-06,2.925289e+01,1.736346e-11,3.411311e-04,0.000000e+00,3.424616e-04,3.414914e-04,0.000000e+00,1.383276e-08,-6.601226e-10,2.476884e-10,-2.904643e-12,-6.657760e-10,-1.585325e-11,1.383567e-08,0.0000,99.7898,0.2102,1.446234e+02
122600,4.500495e-06,2.925430e+01,1.736430e-11,3.415847e-04,0.000000e+00,3.405263e-04,3.413563e-04,0.000000e+00,1.374861e-08,-6.579477e-10,2.358305e-10,-2.849759e-12,-6.659230e-10,-1.594659e-11,1.375146e-08,0.0000,99.7897,0.2103,1.444933e+02
122700,4.504166e-06,2.925786e+01,1.736641e-11,3.420081e-04,0.000000e+00,3.368674e-04,3.414337e-04,0.000000e+00,1.360200e-08,-6.517948e-10,2.764364e-10,-2.832684e-12,-6.688023e-10,-1.611851e-11,1.360483e-08,0.0000,99.7886,0.2114,1.445223e+02
122800,4.507837e-06,2.926252e+01,1.736918e-11,3.424919e-04,0.000000e+00,3.436410e-04,3.417375e-04,0.000000e+00,1.387230e-08,-6.692374e-10,2.381172e-10,-2.838974e-12,-6.701616e-10,-1.613603e-11,1.387513e-08,0.0000,99.7891,0.2109,1.444590e+02
122900,4.511507e-06,2.927109e+01,1.737426e-11,3.404658e-04,0.000000e+00,3.420988e-04,3.390812e-04,0.000000e+00,1.381637e-08,-6.641359e-10,2.536847e-10,-2.896492e-12,-6.690439e-10,-1.607848e-11,1.381927e-08,0.0000,99.7897,0.2103,1.445856e+02
123000,4.515178e-06,2.926034e+01,1.736788e-11,3.404054e-04,0.000000e+00,3.431874e-04,3.421430e-04,0.000000e+00,1.385338e-08,-6.677175e-10,2.360318e-10,-2.762891e-12,-6.679990e-10,-1.584937e-11,1.385615e-08,0.0000,99.7905,0.2095,1.444441e+02
123100,4.518849e-06,2.926012e+01,1.736775e-11,3.419476e-04,0.000000e+00,3.408590e-04,3.419836e-04,0.000000e+00,1.376276e-08,-6.594473e-10,2.559652e-10,-2.737258e-12,-6.676777e-10,-1.579644e-11,1.376550e-08,0.0000,99.7904,0.2096,1.445144e+02
123200,4.522520e-06,2.926664e+01,1.737162e-11,3.431269e-04,0.000000e+00,3.385003e-04,3.420721e-04,0.000000e+00,1.365857e-08,-6.512837e-10,2.542918e-10,-2.652050e-12,-6.681972e-10,-1.585967e-11,1.366122e-08,0.0000,99.7895,0.2105,1.443208e+02
123300,4.526191e-06,2.926151e+01,1.736858e-11,3.390748e-04,0.000000e+00,3.437317e-04,3.399035e-04,0.000000e+00,1.386843e-08,-6.605364e-10,2.249101e-10,-2.810827e-12,-6.686462e-10,-1.603979e-11,1.387124e-08,0.0000,99.7908,0.2092,1.442976e+02
123400,4.529862e-06,2.926407e+01,1.737010e-11,3.415242e-04,0.000000e+00,3.404961e-04,3.411109e-04,0.000000e+00,1.373756e-08,-6.597694e-10,2.585663e-10,-3.259147e-12,-6.681685e-10,-1.607014e-11,1.374082e-08,0.0000,99.7907,0.2093,1.442903e+02
123500,4.533533e-06,2.925733e+01,1.736610e-11,3.433084e-04,0.000000e+00,3.423407e-04,3.443987e-04,0.000000e+00,1.381323e-08,-6.651666e-10,2.464120e-10,-3.326631e-12,-6.683021e-10,-1.600824e-11,1.381655e-08,0.0000,99.7907,0.2093,1.443209e+02
123600,4.537204e-06,2.926634e+01,1.737145e-11,3.424314e-04,0.000000e+00,3.406170e-04,3.409739e-04,0.000000e+00,1.375877e-08,-6.598173e-10,2.438843e-10,-3.248021e-12,-6.709739e-10,-1.593105e-11,1.376202e-08,0.0000,99.7904,0.2096,1.446258e+02
123700,4.540874e-06,2.927088e+01,1.737414e-11,3.421895e-04,0.000000e+00,3.426733e-04,3.414557e-04,0.000000e+00,1.383689e-08,-6.665401e-10,2.657130e-10,-3.189095e-12,-6.709872e-10,-1.603433e-11,1.384007e-08,0.0000,99.7907,0.2093,1.445324e+02
123800,4.544545e-06,2.926456e+01,1.737039e-11,3.413126e-04,0.000000e+00,3.421290e-04,3.423344e-04,0.000000e+00,1.381031e-08,-6.559336e-10,2.572268e-10,-2.606223e-12,-6.698734e-10,-1.596720e-11,1.381292e-08,0.0000,99.7911,0.2089,1.444175e+02
123900,4.548216e-06,2.927070e+01,1.737404e-11,3.420383e-04,0.000000e+00,3.431874e-04,3.410449e-04,0.000000e+00,1.384640e-08,-6.695153e-10,2.417220e-10,-2.521195e-12,-6.687771e-10,-1.587267e-11,1.384892e-08,0.0000,99.7915,0.2085,1.443059e+02
124000,4.551887e-06,2.928467e+01,1.738233e-11,3.417964e-04,0.000000e+00,3.413730e-04,3.395378e-04,0.000000e+00,1.378260e-08,-6.549848e-10,2.341661e-10,-2.580963e-12,-6.694817e-10,-1.575918e-11,1.378518e-08,0.0000,99.7916,0.2084,1.444889e+02
124100,4.555558e-06,2.929655e+01,1.738938e-11,3.407682e-04,0.000000e+00,3.405263e-04,3.388481e-04,0.000000e+00,1.374885e-08,-6.601688e-10,2.557566e-10,-2.686555e-12,-6.692600e-10,-1.588087e-11,1.375154e-08,0.0000,99.7917,0.2083,1.445050e+02
124200,4.559229e-06,2.930564e+01,1.739477e-11,3.426733e-04,0.000000e+00,3.431269e-04,3.412034e-04,0.000000e+00,1.385219e-08,-6.539069e-10,2.593810e-10,-2.697687e-12,-6.689011e-10,-1.584438e-11,1.385489e-08,0.0000,99.7920,0.2080,1.444497e+02
124300,4.562900e-06,2.929388e+01,1.738779e-11,3.406473e-04,0.000000e+00,3.401332e-04,3.425484e-04,0.000000e+00,1.373632e-08,-6.632656e-10,2.322375e-10,-2.685704e-12,-6.685358e-10,-1.581027e-11,1.373901e-08,0.0000,99.7920,0.2080,1.445717e+02
124400,4.566571e-06,2.929708e+01,1.738970e-11,3.417964e-04,0.000000e+00,3.422802e-04,3.412784e-04,0.000000e+00,1.381365e-08,-6.596045e-10,2.564479e-10,-2.922499e-12,-6.691313e-10,-1.592827e-11,1.381657e-08,0.0000,99.7923,0.2077,1.443694e+02
124500,4.570241e-06,2.931127e+01,1.739811e-11,3.418569e-04,0.000000e+00,3.400123e-04,3.395635e-04,0.000000e+00,1.372134e-08,-6.542090e-10,2.382938e-10,-2.890046e-12,-6.687824e-10,-1.600902e-11,1.372423e-08,0.0000,99.7921,0.2079,1.443577e+02
124600,4.573912e-06,2.931645e+01,1.740119e-11,3.418871e-04,0.000000e+00,3.441853e-04,3.410487e-04,0.000000e+00,1.389857e-08,-6.675623e-10,2.582886e-10,-2.764292e-12,-6.691184e-10,-1.599736e-11,1.390133e-08,0.0000,99.7928,0.2072,1.445441e+02
124700,4.577583e-06,2.931402e+01,1.739975e-11,3.401332e-04,0.000000e+00,3.408892e-04,3.405267e-04,0.000000e+00,1.376039e-08,-6.615202e-10,2.538625e-10,-2.830032e-12,-6.689140e-10,-1.592802e-11,1.376322e-08,0.0000,99.7931,0.2069,1.444397e+02
124800,4.581254e-06,2.929733e+01,1.738984e-11,3.384700e-04,0.000000e+00,3.430664e-04,3.411689e-04,0.000000e+00,1.385729e-08,-6.623862e-10,2.571612e-10,-2.743977e-12,-6.672663e-10,-1.583400e-11,1.386003e-08,0.0000,99.7944,0.2056,1.446227e+02
124900,4.584925e-06,2.930163e+01,1.739239e-11,3.417661e-04,0.000000e+00,3.384398e-04,3.410701e-04,0.000000e+00,1.367094e-08,-6.523864e-10,2.280614e-10,-2.983336e-12,-6.647066e-10,-1.596935e-11,1.367392e-08,0.0000,99.7938,0.2062,1.446189e+02
125000,4.588596e-06,2.930910e+01,1.739683e-11,3.423105e-04,0.000000e+00,3.406473e-04,3.411035e-04,0.000000e+00,1.375089e-08,-6.581743e-10,2.541802e-10,-2.840265e-12,-6.665336e-10,-1.599283e-11,1.375373e-08,0.0000,99.7936,0.2064,1.444402e+02
125100,4.592267e-06,2.931437e+01,1.739996e-11,3.416754e-04,0.000000e+00,3.399215e-04,3.408225e-04,0.000000e+00,1.372246e-08,-6.625682e-10,2.665761e-10,-2.883610e-12,-6.689815e-10,-1.593394e-11,1.372535e-08,0.0000,99.7933,0.2067,1.444652e+02
125200,4.595938e-06,2.931717e+01,1.740161e-11,3.416754e-04,0.000000e+00,3.409194e-04,3.412236e-04,0.000000e+00,1.375858e-08,-6.611941e-10,2.564728e-10,-2.800756e-12,-6.703496e-10,-1.595994e-11,1.376138e-08,0.0000,99.7933,0.2067,1.443796e+02
125300,4.599608e-06,2.933273e+01,1.741086e-11,3.434293e-04,0.000000e+00,3.410404e-04,3.409120e-04,0.000000e+00,1.375731e-08,-6.552506e-10,2.380771e-10,-2.937125e-12,-6.707522e-10,-1.605835e-11,1.376025e-08,0.0000,99.7929,0.2071,1.442451e+02
125400,4.603279e-06,2.932722e+01,1.740758e-11,3.424616e-04,0.000000e+00,3.451227e-04,3.433526e-04,0.000000e+00,1.392895e-08,-6.713836e-10,2.480873e-10,-2.783622e-12,-6.709111e-10,-1.596004e-11,1.393174e-08,0.0000,99.7937,0.2063,1.444046e+02
125500,4.606950e-06,2.932726e+01,1.740760e-11,3.411311e-04,0.000000e+00,3.417057e-04,3.411258e-04,0.000000e+00,1.379723e-08,-6.588327e-10,2.647747e-10,-2.439970e-12,-6.699954e-10,-1.587491e-11,1.379967e-08,0.0000,99.7940,0.2060,1.445192e+02
125600,4.610621e-06,2.933440e+01,1.741184e-11,3.431269e-04,0.000000e+00,3.418871e-04,3.419719e-04,0.000000e+00,1.379780e-08,-6.592356e-10,2.566621e-10,-2.607016e-12,-6.696732e-10,-1.589995e-11,1.380041e-08,0.0000,99.7939,0.2061,1.443731e+02
125700,4.614292e-06,2.935049e+01,1.742140e-11,3.444877e-04,0.000000e+00,3.415847e-04,3.418854e-04,0.000000e+00,1.377986e-08,-6.560567e-10,2.559444e-10,-2.803672e-12,-6.712416e-10,-1.594618e-11,1.378266e-08,0.0000,99.7933,0.2067,1.442509e+02
125800,4.617963e-06,2.934991e+01,1.742105e-11,3.434596e-04,0.000000e+00,3.404658e-04,3.435532e-04,0.000000e+00,1.373923e-08,-6.649107e-10,2.561704e-10,-2.867015e-12,-6.728958e-10,-1.585398e-11,1.374209e-08,0.0000,99.7928,0.2072,1.443625e+02
125900,4.621634e-06,2.935050e+01,1.742140e-11,3.414033e-04,0.000000e+00,3.460904e-04,3.413089e-04,0.000000e+00,1.396454e-08,-6.630680e-10,2.477900e-10,-2.802673e-12,-6.726078e-10,-1.585657e-11,1.396735e-08,0.0000,99.7941,0.2059,1.443115e+02
126000,4.625305e-06,2.935568e+01,1.742447e-11,3.412521e-04,0.000000e+00,3.433084e-04,3.404148e-04,0.000000e+00,1.385482e-08,-6.587433e-10,2.427175e-10,-2.762550e-12,-6.704659e-10,-1.581147e-11,1.385758e-08,0.0000,99.7948,0.2052,1.443689e+02
126100,4.628976e-06,2.934765e+01,1.741971e-11,3.424919e-04,0.000000e+00,3.426431e-04,3.437904e-04,0.000000e+00,1.383098e-08,-6.599303e-10,2.397385e-10,-2.757769e-12,-6.696676e-10,-1.578002e-11,1.383374e-08,0.0000,99.7950,0.2050,1.444269e+02
126200,4.632646e-06,2.934853e+01,1.742023e-11,3.416754e-04,0.000000e+00,3.407985e-04,3.415325e-04,0.000000e+00,1.374967e-08,-6.555389e-10,2.636903e-10,-2.528067e-12,-6.695868e-10,-1.574232e-11,1.375220e-08,0.0000,99.7949,0.2051,1.442790e+02
126300,4.636317e-06,2.934776e+01,1.741977e-11,3.415847e-04,0.000000e+00,3.430060e-04,3.417092e-04,0.000000e+00,1.384272e-08,-6.569985e-10,2.636235e-10,-2.387649e-12,-6.704175e-10,-1.566969e-11,1.384511e-08,0.0000,99.7954,0.2046,1.443579e+02
126400,4.639988e-06,2.934337e+01,1.741717e-11,3.410102e-04,0.000000e+00,3.403146e-04,3.417201e-04,0.000000e+00,1.373641e-08,-6.526979e-10,2.625905e-10,-2.387612e-12,-6.692094e-10,-1.562803e-11,1.373880e-08,0.0000,99.7954,0.2046,1.444157e+02
126500,4.643659e-06,2.934631e+01,1.741891e-11,3.421593e-04,0.000000e+00,3.434596e-04,3.416838e-04,0.000000e+00,1.387374e-08,-6.602278e-10,2.300413e-10,-2.485815e-12,-6.687584e-10,-1.564829e-11,1.387622e-08,0.0000,99.7959,0.2041,1.446372e+02
126600,4.647330e-06,2.934668e+01,1.741913e-11,3.410706e-04,0.000000e+00,3.408287e-04,3.410105e-04,0.000000e+00,1.376012e-08,-6.507075e-10,2.269534e-10,-2.537468e-12,-6.686392e-10,-1.566624e-11,1.376266e-08,0.0000,99.7960,0.2040,1.444740e+02
126700,4.651001e-06,2.935205e+01,1.742232e-11,3.415847e-04,0.000000e+00,3.402239e-04,3.407170e-04,0.000000e+00,1.372574e-08,-6.542383e-10,2.658504e-10,-2.808608e-12,-6.688422e-10,-1.586851e-11,1.372855e-08,0.0000,99.7959,0.2041,1.442597e+02
126800,4.654672e-06,2.936098e+01,1.742762e-11,3.448808e-04,0.000000e+00,3.442458e-04,3.434369e-04,0.000000e+00,1.387984e-08,-6.581155e-10,2.441023e-10,-2.878020e-12,-6.699434e-10,-1.603590e-11,1.388272e-08,0.0000,99.7959,0.2041,1.441005e+02
126900,4.658343e-06,2.935477e+01,1.742393e-11,3.399215e-04,0.000000e+00,3.402844e-04,3.409260e-04,0.000000e+00,1.373440e-08,-6.614828e-10,2.522213e-10,-2.848337e-12,-6.709493e-10,-1.606724e-11,1.373724e-08,0.0000,99.7961,0.2039,1.444154e+02
127000,4.662013e-06,2.934748e+01,1.741961e-11,3.407380e-04,0.000000e+00,3.430060e-04,3.419162e-04,0.000000e+00,1.385053e-08,-6.647481e-10,2.495724e-10,-2.833498e-12,-6.694593e-10,-1.597431e-11,1.385336e-08,0.0000,99.7968,0.2032,1.445371e+02
127100,4.665684e-06,2.935246e+01,1.742256e-11,3.434293e-04,0.000000e+00,3.419778e-04,3.426239e-04,0.000000e+00,1.379715e-08,-6.578797e-10,2.813621e-10,-2.657777e-12,-6.687967e-10,-1.594415e-11,1.379981e-08,0.0000,99.7966,0.2034,1.442812e+02
127200,4.669355e-06,2.934137e+01,1.741598e-11,3.400727e-04,0.000000e+00,3.402844e-04,3.418659e-04,0.000000e+00,1.372844e-08,-6.618027e-10,2.782082e-10,-2.327591e-12,-6.697647e-10,-1.593119e-11,1.373076e-08,0.0000,99.7969,0.2031,1.442827e+02
127300,4.673026e-06,2.935288e+01,1.742281e-11,3.429757e-04,0.000000e+00,3.420988e-04,3.411148e-04,0.000000e+00,1.381169e-08,-6.613633e-10,2.477917e-10,-2.161535e-12,-6.693133e-10,-1.587286e-11,1.381385e-08,0.0000,99.7968,0.2032,1.444819e+02
127400,4.676697e-06,2.933651e+01,1.741310e-11,3.389539e-04,0.000000e+00,3.414637e-04,3.416012e-04,0.000000e+00,1.377637e-08,-6.580722e-10,2.538355e-10,-2.191870e-12,-6.683951e-10,-1.585389e-11,1.377856e-08,0.0000,99.7976,0.2024,1.442836e+02
127500,4.680368e-06,2.935689e+01,1.742520e-11,3.458182e-04,0.000000e+00,3.421290e-04,3.425220e-04,0.000000e+00,1.380620e-08,-6.571385e-10,2.605834e-10,-2.283551e-12,-6.701632e-10,-1.600330e-11,1.380848e-08,0.0000,99.7969,0.2031,1.443490e+02
127600,4.684039e-06,2.934092e+01,1.741571e-11,3.390446e-04,0.000000e+00,3.402844e-04,3.416276e-04,0.000000e+00,1.373293e-08,-6.600311e-10,2.515516e-10,-2.695920e-12,-6.705209e-10,-1.601243e-11,1.373562e-08,0.0000,99.7973,0.2027,1.443678e+02
127700,4.687710e-06,2.933866e+01,1.741437e-11,3.424012e-04,0.000000e+00,3.433386e-04,3.427668e-04,0.000000e+00,1.386489e-08,-6.680617e-10,2.588844e-10,-2.783879e-12,-6.708169e-10,-1.599535e-11,1.386767e-08,0.0000,99.7977,0.2023,1.445561e+02
127800,4.691380e-06,2.934409e+01,1.741759e-11,3.442155e-04,0.000000e+00,3.425221e-04,3.433376e-04,0.000000e+00,1.382135e-08,-6.626140e-10,2.317076e-10,-2.725090e-12,-6.702640e-10,-1.586896e-11,1.382408e-08,0.0000,99.7975,0.2025,1.443330e+02
127900,4.695051e-06,2.934662e+01,1.741910e-11,3.407078e-04,0.000000e+00,3.407078e-04,3.402974e-04,0.000000e+00,1.375477e-08,-6.531566e-10,2.396598e-10,-2.898115e-12,-6.715542e-10,-1.610646e-11,1.375766e-08,0.0000,99.7976,0.2024,1.444572e+02
128000,4.698722e-06,2.933582e+01,1.741269e-11,3.409497e-04,0.000000e+00,3.432176e-04,3.426961e-04,0.000000e+00,1.385089e-08,-6.676593e-10,2.581283e-10,-2.770540e-12,-6.699240e-10,-1.608880e-11,1.385366e-08,0.0000,99.7983,0.2017,1.443692e+02
128100,4.702393e-06,2.932952e+01,1.740895e-11,3.404961e-04,0.000000e+00,3.423709e-04,3.415145e-04,0.000000e+00,1.380842e-08,-6.667736e-10,2.569202e-10,-2.742016e-12,-6.683100e-10,-1.600383e-11,1.381117e-08,0.0000,99.7989,0.2011,1.441986e+02
128200,4.706064e-06,2.932799e+01,1.740804e-11,3.416149e-04,0.000000e+00,3.411009e-04,3.418638e-04,0.000000e+00,1.376159e-08,-6.575636e-10,2.599819e-10,-2.921718e-12,-6.685282e-10,-1.598203e-11,1.376452e-08,0.0000,99.7990,0.2010,1.442876e+02
128300,4.709735e-06,2.933464e+01,1.741198e-11,3.417661e-04,0.000000e+00,3.399518e-04,3.406909e-04,0.000000e+00,1.372440e-08,-6.607307e-10,2.396246e-10,-3.015038e-12,-6.694846e-10,-1.608321e-11,1.372741e-08,0.0000,99.7987,0.2013,1.444790e+02
128400,4.713406e-06,2.933042e+01,1.740948e-11,3.411009e-04,0.000000e+00,3.403751e-04,3.417817e-04,0.000000e+00,1.373671e-08,-6.581679e-10,2.712640e-10,-3.080892e-12,-6.701522e-10,-1.612813e-11,1.373979e-08,0.0000,99.7987,0.2013,1.443695e+02
128500,4.717077e-06,2.932796e+01,1.740802e-11,3.424919e-04,0.000000e+00,3.433084e-04,3.428902e-04,0.000000e+00,1.385497e-08,-6.748810e-10,2.367625e-10,-3.005476e-12,-6.704452e-10,-1.602008e-11,1.385797e-08,0.0000,99.7991,0.2009,1.443811e+02
128600,4.720747e-06,2.932975e+01,1.740909e-11,3.424616e-04,0.000000e+00,3.412218e-04,3.421721e-04,0.000000e+00,1.377078e-08,-6.597949e-10,2.810984e-10,-2.753067e-12,-6.702976e-10,-1.589398e-11,1.377353e-08,0.0000,99.7989,0.2011,1.443734e+02
128700,4.724418e-06,2.932142e+01,1.740414e-11,3.399820e-04,0.000000e+00,3.431572e-04,3.413294e-04,0.000000e+00,1.385531e-08,-6.604677e-10,2.297889e-10,-2.525884e-12,-6.693136e-10,-1.597489e-11,1.385783e-08,0.0000,99.7998,0.2002,1.445071e+02
128800,4.728089e-06,2.935528e+01,1.742424e-11,3.456670e-04,0.000000e+00,3.409799e-04,3.401917e-04,0.000000e+00,1.376332e-08,-6.579147e-10,2.553385e-10,-2.522715e-12,-6.703000e-10,-1.600910e-11,1.376585e-08,0.0000,99.7989,0.2011,1.444192e+02
128900,4.731760e-06,2.936762e+01,1.743156e-11,3.413126e-04,0.000000e+00,3.399820e-04,3.393179e-04,0.000000e+00,1.371577e-08,-6.582595e-10,2.366514e-10,-2.503228e-12,-6.722788e-10,-1.606397e-11,1.371828e-08,0.0000,99.7987,0.2013,1.442574e+02
129000,4.735431e-06,2.936519e+01,1.743012e-11,3.409194e-04,0.000000e+00,3.449413e-04,3.413118e-04,0.000000e+00,1.392683e-08,-6.685087e-10,2.505617e-10,-2.515528e-12,-6.715157e-10,-1.598293e-11,1.392934e-08,0.0000,99.7999,0.2001,1.445013e+02
129100,4.739102e-06,2.935581e+01,1.742455e-11,3.403449e-04,0.000000e+00,3.437317e-04,3.418625e-04,0.000000e+00,1.386692e-08,-6.668922e-10,2.539554e-10,-2.308131e-12,-6.692930e-10,-1.578792e-11,1.386923e-08,0.0000,99.8008,0.1992,1.442727e+02
129200,4.742773e-06,2.935699e+01,1.742525e-11,3.424919e-04,0.000000e+00,3.403751e-04,3.423002e-04,0.000000e+00,1.373651e-08,-6.531995e-10,2.527886e-10,-2.442947e-12,-6.685748e-10,-1.575503e-11,1.373895e-08,0.0000,99.8005,0.1995,1.443610e+02
129300,4.746444e-06,2.935340e+01,1.742312e-11,3.409497e-04,0.000000e+00,3.417661e-04,3.415297e-04,0.000000e+00,1.379401e-08,-6.587676e-10,2.361691e-10,-2.550359e-12,-6.687607e-10,-1.589265e-11,1.379657e-08,0.0000,99.8008,0.1992,1.443934e+02
129400,4.750114e-06,2.934827e+01,1.742008e-11,3.397703e-04,0.000000e+00,3.410404e-04,3.406004e-04,0.000000e+00,1.377009e-08,-6.563142e-10,2.780093e-10,-2.492238e-12,-6.680357e-10,-1.595745e-11,1.377259e-08,0.0000,99.8013,0.1987,1.445062e+02
129500,4.753785e-06,2.935851e+01,1.742616e-11,3.421593e-04,0.000000e+00,3.398913e-04,3.405034e-04,0.000000e+00,1.371930e-08,-6.589944e-10,2.428476e-10,-2.431406e-12,-6.683726e-10,-1.580351e-11,1.372173e-08,0.0000,99.8009,0.1991,1.444223e+02
129600,4.757456e-06,2.936842e+01,1.743204e-11,3.432479e-04,0.000000e+00,3.404356e-04,3.416456e-04,0.000000e+00,1.374513e-08,-6.567597e-10,2.588546e-10,-2.508876e-12,-6.697872e-10,-1.580513e-11,1.374763e-08,0.0000,99.8004,0.1996,1.444990e+02
129700,4.761127e-06,2.936380e+01,1.742929e-11,3.414033e-04,0.000000e+00,3.416754e-04,3.421509e-04,0.000000e+00,1.378961e-08,-6.549629e-10,2.690972e-10,-2.737658e-12,-6.704180e-10,-1.589114e-11,1.379235e-08,0.0000,99.8006,0.1994,1.443825e+02
129800,4.764798e-06,2.938103e+01,1.743952e-11,3.427943e-04,0.000000e+00,3.416754e-04,3.400072e-04,0.000000e+00,1.378591e-08,-6.618148e-10,2.391642e-10,-3.024642e-12,-6.706269e-10,-1.605408e-11,1.378893e-08,0.0000,99.8005,0.1995,1.443082e+02
129900,4.768469e-06,2.937895e+01,1.743829e-11,3.413730e-04,0.000000e+00,3.428548e-04,3.417098e-04,0.000000e+00,1.383546e-08,-6.611017e-10,2.424111e-10,-3.011365e-12,-6.709907e-10,-1.607911e-11,1.383847e-08,0.0000,99.8010,0.1990,1.443510e+02
130000,4.772140e-06,2.937390e+01,1.743529e-11,3.418569e-04,0.000000e+00,3.414940e-04,3.426741e-04,0.000000e+00,1.377974e-08,-6.608270e-10,2.625756e-10,-2.826045e-12,-6.696358e-10,-1.607202e-11,1.378257e-08,0.0000,99.8011,0.1989,1.443289e+02
130100,4.775811e-06,2.938322e+01,1.744082e-11,3.429455e-04,0.000000e+00,3.440341e-04,3.414375e-04,0.000000e+00,1.387976e-08,-6.677944e-10,2.350765e-10,-2.845512e-12,-6.708860e-10,-1.604848e-11,1.388260e-08,0.0000,99.8015,0.1985,1.442900e+02
130200,4.779481e-06,2.938489e+01,1.744182e-11,3.411614e-04,0.000000e+00,3.395889e-04,3.408912e-04,0.000000e+00,1.369871e-08,-6.580127e-10,2.537250e-10,-2.827205e-12,-6.700396e-10,-1.598593e-11,1.370154e-08,0.0000,99.8013,0.1987,1.442402e+02
130300,4.783152e-06,2.938549e+01,1.744217e-11,3.423105e-04,0.000000e+00,3.435200e-04,3.422143e-04,0.000000e+00,1.386400e-08,-6.646312e-10,2.471698e-10,-2.837677e-12,-6.703223e-10,-1.592957e-11,1.386684e-08,0.0000,99.8017,0.1983,1.443781e+02
130400,4.786823e-06,2.939129e+01,1.744561e-11,3.423709e-04,0.000000e+00,3.406775e-04,3.414319e-04,0.000000e+00,1.373782e-08,-6.568159e-10,2.544087e-10,-2.524662e-12,-6.698233e-10,-1.588386e-11,1.374035e-08,0.0000,99.8015,0.1985,1.441415e+02
130500,4.790494e-06,2.939492e+01,1.744777e-11,3.430664e-04,0.000000e+00,3.422500e-04,3.424799e-04,0.000000e+00,1.380993e-08,-6.595437e-10,2.425762e-10,-2.758862e-12,-6.708348e-10,-1.593483e-11,1.381269e-08,0.0000,99.8015,0.1985,1.443203e+02
130600,4.794165e-06,2.940419e+01,1.745327e-11,3.419173e-04,0.000000e+00,3.413730e-04,3.404183e-04,0.000000e+00,1.377497e-08,-6.612731e-10,2.731748e-10,-3.068527e-12,-6.710614e-10,-1.612270e-11,1.377804e-08,0.0000,99.8015,0.1985,1.443308e+02
130700,4.797836e-06,2.940092e+01,1.745133e-11,3.423105e-04,0.000000e+00,3.436712e-04,3.428401e-04,0.000000e+00,1.386129e-08,-6.642894e-10,2.536136e-10,-3.190926e-12,-6.724714e-10,-1.628997e-11,1.386449e-08,0.0000,99.8020,0.1980,1.442006e+02
130800,4.801507e-06,2.938623e+01,1.744261e-11,3.410706e-04,0.000000e+00,3.422802e-04,3.434447e-04,0.000000e+00,1.380844e-08,-6.694905e-10,2.566977e-10,-3.269985e-12,-6.697923e-10,-1.623524e-11,1.381171e-08,0.0000,99.8024,0.1976,1.442734e+02
130900,4.805178e-06,2.939608e+01,1.744846e-11,3.421593e-04,0.000000e+00,3.437619e-04,3.405674e-04,0.000000e+00,1.387480e-08,-6.673689e-10,2.565880e-10,-3.177708e-12,-6.702040e-10,-1.604786e-11,1.387798e-08,0.0000,99.8029,0.1971,1.444118e+02
131000,4.808848e-06,2.942172e+01,1.746367e-11,3.442458e-04,0.000000e+00,3.403449e-04,3.401001e-04,0.000000e+00,1.373326e-08,-6.634168e-10,2.453114e-10,-2.937565e-12,-6.700681e-10,-1.583757e-11,1.373620e-08,0.0000,99.8022,0.1978,1.443395e+02
131100,4.812519e-06,2.939115e+01,1.744553e-11,3.385305e-04,0.000000e+00,3.446086e-04,3.434727e-04,0.000000e+00,1.390941e-08,-6.676779e-10,2.542664e-10,-3.042350e-12,-6.697231e-10,-1.577619e-11,1.391245e-08,0.0000,99.8037,0.1963,1.444179e+02
131200,4.816190e-06,2.937370e+01,1.743517e-11,3.417057e-04,0.000000e+00,3.397703e-04,3.445281e-04,0.000000e+00,1.371160e-08,-6.491931e-10,2.475287e-10,-3.062021e-12,-6.687963e-10,-1.590395e-11,1.371466e-08,0.0000,99.8035,0.1965,1.443579e+02
131300,4.819861e-06,2.940689e+01,1.745487e-11,3.461206e-04,0.000000e+00,3.418569e-04,3.407538e-04,0.000000e+00,1.378869e-08,-6.559610e-10,2.414849e-10,-2.898934e-12,-6.698428e-10,-1.588667e-11,1.379159e-08,0.0000,99.8026,0.1974,1.442023e+02
131400,4.823532e-06,2.939331e+01,1.744681e-11,3.396494e-04,0.000000e+00,3.411311e-04,3.418458e-04,0.000000e+00,1.376951e-08,-6.625423e-10,2.474088e-10,-2.807844e-12,-6.714418e-10,-1.581743e-11,1.377232e-08,0.0000,99.8031,0.1969,1.444238e+02
131500,4.827203e-06,2.939768e+01,1.744941e-11,3.420685e-04,0.000000e+00,3.437015e-04,3.413610e-04,0.000000e+00,1.387521e-08,-6.637891e-10,2.556365e-10,-2.642917e-12,-6.703473e-10,-1.592403e-11,1.387786e-08,0.0000,99.8037,0.1963,1.444573e+02
131600,4.830874e-06,2.938754e+01,1.744339e-11,3.417661e-04,0.000000e+00,3.402239e-04,3.434053e-04,0.000000e+00,1.372163e-08,-6.530707e-10,2.691572e-10,-2.590918e-12,-6.693877e-10,-1.600816e-11,1.372423e-08,0.0000,99.8035,0.1965,1.441860e+02
131700,4.834545e-06,2.938393e+01,1.744124e-11,3.415545e-04,0.000000e+00,3.428850e-04,3.421390e-04,0.000000e+00,1.383365e-08,-6.658628e-10,2.766002e-10,-2.932849e-12,-6.701829e-10,-1.621135e-11,1.383658e-08,0.0000,99.8039,0.1961,1.442878e+02
131800,4.838215e-06,2.938877e+01,1.744412e-11,3.416149e-04,0.000000e+00,3.430060e-04,3.408318e-04,0.000000e+00,1.384077e-08,-6.653969e-10,2.481695e-10,-2.804521e-12,-6.700976e-10,-1.606134e-11,1.384357e-08,0.0000,99.8044,0.1956,1.443319e+02
131900,4.841886e-06,2.936422e+01,1.742955e-11,3.386212e-04,0.000000e+00,3.421290e-04,3.425905e-04,0.000000e+00,1.380472e-08,-6.658452e-10,2.475933e-10,-2.918546e-12,-6.676512e-10,-1.595411e-11,1.380763e-08,0.0000,99.8053,0.1947,1.443206e+02
132000,4.845557e-06,2.936974e+01,1.743282e-11,3.425524e-04,0.000000e+00,3.435200e-04,3.416598e-04,0.000000e+00,1.386485e-08,-6.643623e-10,2.587016e-10,-3.038345e-12,-6.664286e-10,-1.576035e-11,1.386788e-08,0.0000,99.8057,0.1943,1.443935e+02
132100,4.849228e-06,2.937213e+01,1.743424e-11,3.415242e-04,0.000000e+00,3.360206e-04,3.411381e-04,0.000000e+00,1.355696e-08,-6.479292e-10,2.327087e-10,-2.991290e-12,-6.675166e-10,-1.573956e-11,1.355995e-08,0.0000,99.8046,0.1954,1.442848e+02
132200,4.852899e-06,2.937565e+01,1.743633e-11,3.428850e-04,0.000000e+00,3.408287e-04,3.423166e-04,0.000000e+00,1.376081e-08,-6.562698e-10,2.350865e-10,-2.856970e-12,-6.700883e-10,-1.584607e-11,1.376366e-08,0.0000,99.8043,0.1957,1.444972e+02
132300,4.856570e-06,2.939253e+01,1.744635e-11,3.431269e-04,0.000000e+00,3.417661e-04,3.403977e-04,0.000000e+00,1.378583e-08,-6.567073e-10,2.537255e-10,-3.025251e-12,-6.708068e-10,-1.605795e-11,1.378885e-08,0.0000,99.8041,0.1959,1.442166e+02
132400,4.860241e-06,2.938551e+01,1.744218e-11,3.401937e-04,0.000000e+00,3.432176e-04,3.413274e-04,0.000000e+00,1.385373e-08,-6.632270e-10,2.509389e-10,-3.017982e-12,-6.699427e-10,-1.613954e-11,1.385674e-08,0.0000,99.8050,0.1950,1.444249e+02
132500,4.863912e-06,2.939341e+01,1.744687e-11,3.430060e-04,0.000000e+00,3.422802e-04,3.417297e-04,0.000000e+00,1.382188e-08,-6.655433e-10,2.428473e-10,-3.045767e-12,-6.696688e-10,-1.613915e-11,1.382492e-08,0.0000,99.8050,0.1950,1.445519e+02
132600,4.867582e-06,2.941476e+01,1.745954e-11,3.443970e-04,0.000000e+00,3.408287e-04,3.409441e-04,0.000000e+00,1.375323e-08,-6.630565e-10,2.254418e-10,-3.222483e-12,-6.705501e-10,-1.609405e-11,1.375645e-08,0.0000,99.8043,0.1957,1.443430e+02
132700,4.871253e-06,2.942776e+01,1.746726e-11,3.439434e-04,0.000000e+00,3.423105e-04,3.418423e-04,0.000000e+00,1.381749e-08,-6.633999e-10,2.648994e-10,-3.622240e-12,-6.739875e-10,-1.619541e-11,1.382111e-08,0.0000,99.8041,0.1959,1.444291e+02
132800,4.874924e-06,2.942712e+01,1.746688e-11,3.425826e-04,0.000000e+00,3.440039e-04,3.426855e-04,0.000000e+00,1.387642e-08,-6.699972e-10,2.503914e-10,-3.718449e-12,-6.737619e-10,-1.616296e-11,1.388013e-08,0.0000,99.8046,0.1954,1.442460e+02
132900,4.878595e-06,2.941843e+01,1.746172e-11,3.410706e-04,0.000000e+00,3.451530e-04,3.424759e-04,0.000000e+00,1.392537e-08,-6.712971e-10,2.398880e-10,-3.569493e-12,-6.710317e-10,-1.603098e-11,1.392894e-08,0.0000,99.8056,0.1944,1.442954e+02
133000,4.882266e-06,2.941199e+01,1.745790e-11,3.405566e-04,0.000000e+00,3.432479e-04,3.415977e-04,0.000000e+00,1.384360e-08,-6.618317e-10,2.661379e-10,-3.792686e-12,-6.687464e-10,-1.611042e-11,1.384740e-08,0.0000,99.8064,0.1936,1.441916e+02
133100,4.885937e-06,2.942428e+01,1.746519e-11,3.424012e-04,0.000000e+00,3.411311e-04,3.404147e-04,0.000000e+00,1.376422e-08,-6.596299e-10,2.515028e-10,-3.730094e-12,-6.689045e-10,-1.614609e-11,1.376795e-08,0.0000,99.8063,0.1937,1.443170e+02
133200,4.889608e-06,2.940942e+01,1.745637e-11,3.410404e-04,0.000000e+00,3.398611e-04,3.434426e-04,0.000000e+00,1.372010e-08,-6.643217e-10,2.666518e-10,-3.298659e-12,-6.686063e-10,-1.595747e-11,1.372340e-08,0.0000,99.8061,0.1939,1.444591e+02
133300,4.893279e-06,2.942042e+01,1.746290e-11,3.430362e-04,0.000000e+00,3.423709e-04,3.412571e-04,0.000000e+00,1.381659e-08,-6.658593e-10,2.500860e-10,-2.851657e-12,-6.693101e-10,-1.569353e-11,1.381944e-08,0.0000,99.8061,0.1939,1.443626e+02
133400,4.896949e-06,2.942315e+01,1.746453e-11,3.423407e-04,0.000000e+00,3.413730e-04,3.418989e-04,0.000000e+00,1.376919e-08,-6.552556e-10,2.326977e-10,-2.685627e-12,-6.705114e-10,-1.557307e-11,1.377188e-08,0.0000,99.8061,0.1939,1.442045e+02
133500,4.900620e-06,2.943185e+01,1.746969e-11,3.436107e-04,0.000000e+00,3.448808e-04,3.422044e-04,0.000000e+00,1.392643e-08,-6.588465e-10,2.367366e-10,-2.697716e-12,-6.703200e-10,-1.567177e-11,1.392913e-08,0.0000,99.8065,0.1935,1.445327e+02
133600,4.904291e-06,2.944815e+01,1.747936e-11,3.430060e-04,0.000000e+00,3.417057e-04,3.403706e-04,0.000000e+00,1.378677e-08,-6.517951e-10,2.355902e-10,-3.003513e-12,-6.709371e-10,-1.579274e-11,1.378977e-08,0.0000,99.8064,0.1936,1.442794e+02
133700,4.907962e-06,2.945219e+01,1.748176e-11,3.435805e-04,0.000000e+00,3.408892e-04,3.429272e-04,0.000000e+00,1.375602e-08,-6.540849e-10,2.518039e-10,-3.156877e-12,-6.717509e-10,-1.599090e-11,1.375918e-08,0.0000,99.8059,0.1941,1.443441e+02
133800,4.911633e-06,2.946016e+01,1.748649e-11,3.433386e-04,0.000000e+00,3.430060e-04,3.420491e-04,0.000000e+00,1.383485e-08,-6.658125e-10,2.613380e-10,-3.131978e-12,-6.728225e-10,-1.591632e-11,1.383798e-08,0.0000,99.8060,0.1940,1.442074e+02
133900,4.915304e-06,2.947020e+01,1.749245e-11,3.424616e-04,0.000000e+00,3.430362e-04,3.408392e-04,0.000000e+00,1.383697e-08,-6.631208e-10,2.545112e-10,-2.969224e-12,-6.719200e-10,-1.588704e-11,1.383994e-08,0.0000,99.8063,0.1937,1.442308e+02
134000,4.918975e-06,2.946394e+01,1.748874e-11,3.424919e-04,0.000000e+00,3.446994e-04,3.435032e-04,0.000000e+00,1.390675e-08,-6.586327e-10,2.461980e-10,-2.730184e-12,-6.723557e-10,-1.575190e-11,1.390948e-08,0.0000,99.8069,0.1931,1.442690e+02
134100,4.922646e-06,2.947377e+01,1.749457e-11,3.425826e-04,0.000000e+00,3.434898e-04,3.409937e-04,0.000000e+00,1.386222e-08,-6.636168e-10,2.352472e-10,-2.770701e-12,-6.709200e-10,-1.569468e-11,1.386499e-08,0.0000,99.8073,0.1927,1.443762e+02
134200,4.926317e-06,2.946984e+01,1.749224e-11,3.409497e-04,0.000000e+00,3.435200e-04,3.415854e-04,0.000000e+00,1.386571e-08,-6.569184e-10,2.549947e-10,-3.068096e-12,-6.691474e-10,-1.590776e-11,1.386878e-08,0.0000,99.8080,0.1920,1.444180e+02
134300,4.929987e-06,2.947556e+01,1.749563e-11,3.452739e-04,0.000000e+00,3.408287e-04,3.443481e-04,0.000000e+00,1.374820e-08,-6.516736e-10,2.642756e-10,-3.300551e-12,-6.706947e-10,-1.607157e-11,1.375150e-08,0.0000,99.8071,0.1929,1.442282e+02
134400,4.933658e-06,2.947679e+01,1.749636e-11,3.423105e-04,0.000000e+00,3.412521e-04,3.421130e-04,0.000000e+00,1.377548e-08,-6.635761e-10,2.534202e-10,-3.309031e-12,-6.709654e-10,-1.603812e-11,1.377879e-08,0.0000,99.8071,0.1929,1.444469e+02
134500,4.937329e-06,2.944672e+01,1.747851e-11,3.391958e-04,0.000000e+00,3.444575e-04,3.440581e-04,0.000000e+00,1.390002e-08,-6.687997e-10,2.491104e-10,-3.394586e-12,-6.709983e-10,-1.601244e-11,1.390342e-08,0.0000,99.8084,0.1916,1.443520e+02
134600,4.941000e-06,2.943132e+01,1.746937e-11,3.403751e-04,0.000000e+00,3.424012e-04,3.428642e-04,0.000000e+00,1.381258e-08,-6.627599e-10,2.555003e-10,-3.272159e-12,-6.677680e-10,-1.592278e-11,1.381585e-08,0.0000,99.8090,0.1910,1.442535e+02
134700,4.944671e-06,2.943556e+01,1.747189e-11,3.443365e-04,0.000000e+00,3.417057e-04,3.436517e-04,0.000000e+00,1.378368e-08,-6.583457e-10,2.464360e-10,-2.935719e-12,-6.677522e-10,-1.572622e-11,1.378662e-08,0.0000,99.8085,0.1915,1.442328e+02
134800,4.948342e-06,2.944885e+01,1.747978e-11,3.441248e-04,0.000000e+00,3.409194e-04,3.419756e-04,0.000000e+00,1.375703e-08,-6.585202e-10,2.515196e-10,-2.796866e-12,-6.715838e-10,-1.576650e-11,1.375983e-08,0.0000,99.8080,0.1920,1.443397e+02
134900,4.952013e-06,2.943688e+01,1.747267e-11,3.404054e-04,0.000000e+00,3.399215e-04,3.423403e-04,0.000000e+00,1.372088e-08,-6.539515e-10,2.432937e-10,-2.807916e-12,-6.727255e-10,-1.590477e-11,1.372369e-08,0.0000,99.8080,0.1920,1.444288e+02
135000,4.955684e-06,2.942715e+01,1.746690e-11,3.407380e-04,0.000000e+00,3.447296e-04,3.423124e-04,0.000000e+00,1.391396e-08,-6.643865e-10,2.577252e-10,-2.715713e-12,-6.697810e-10,-1.594889e-11,1.391667e-08,0.0000,99.8090,0.1910,1.444077e+02
135100,4.959354e-06,2.941947e+01,1.746234e-11,3.417661e-04,0.000000e+00,3.431269e-04,3.430068e-04,0.000000e+00,1.384040e-08,-6.593786e-10,2.594096e-10,-2.570780e-12,-6.678543e-10,-1.587905e-11,1.384297e-08,0.0000,99.8095,0.1905,1.442215e+02
135200,4.963025e-06,2.941615e+01,1.746037e-11,3.447296e-04,0.000000e+00,3.394377e-04,3.452665e-04,0.000000e+00,1.369214e-08,-6.571053e-10,2.499832e-10,-2.580447e-12,-6.701716e-10,-1.585296e-11,1.369472e-08,0.0000,99.8085,0.1915,1.442241e+02
135300,4.966696e-06,2.942295e+01,1.746441e-11,3.434596e-04,0.000000e+00,3.423709e-04,3.423602e-04,0.000000e+00,1.381496e-08,-6.618704e-10,2.442911e-10,-2.945268e-12,-6.725821e-10,-1.601760e-11,1.381790e-08,0.0000,99.8084,0.1916,1.443238e+02
135400,4.970367e-06,2.941662e+01,1.746065e-11,3.403751e-04,0.000000e+00,3.432176e-04,3.413988e-04,0.000000e+00,1.385718e-08,-6.603837e-10,2.272867e-10,-3.084937e-12,-6.714183e-10,-1.615243e-11,1.386026e-08,0.0000,99.8091,0.1909,1.444930e+02
135500,4.974038e-06,2.942412e+01,1.746510e-11,3.436107e-04,0.000000e+00,3.441853e-04,3.423989e-04,0.000000e+00,1.388837e-08,-6.729753e-10,2.575817e-10,-3.143176e-12,-6.706955e-10,-1.607533e-11,1.389151e-08,0.0000,99.8094,0.1906,1.443404e+02
135600,4.977709e-06,2.942542e+01,1.746587e-11,3.425524e-04,0.000000e+00,3.412218e-04,3.423409e-04,0.000000e+00,1.376154e-08,-6.635053e-10,2.502386e-10,-3.210472e-12,-6.712242e-10,-1.594419e-11,1.376475e-08,0.0000,99.8093,0.1907,1.441843e+02
135700,4.981380e-06,2.944171e+01,1.747554e-11,3.462416e-04,0.000000e+00,3.415242e-04,3.436083e-04,0.000000e+00,1.378618e-08,-6.553935e-10,2.448490e-10,-3.258713e-12,-6.726718e-10,-1.593830e-11,1.378944e-08,0.0000,99.8084,0.1916,1.444417e+02
135800,4.985051e-06,2.942369e+01,1.746484e-11,3.409497e-04,0.000000e+00,3.445784e-04,3.438632e-04,0.000000e+00,1.390656e-08,-6.691501e-10,2.395107e-10,-3.204719e-12,-6.732646e-10,-1.612717e-11,1.390976e-08,0.0000,99.8093,0.1907,1.443859e+02
135900,4.988721e-06,2.944221e+01,1.747584e-11,3.446691e-04,0.000000e+00,3.423105e-04,3.416741e-04,0.000000e+00,1.381234e-08,-6.614974e-10,2.438546e-10,-3.384733e-12,-6.736485e-10,-1.623962e-11,1.381572e-08,0.0000,99.8089,0.1911,1.443277e+02
136000,4.992392e-06,2.944404e+01,1.747692e-11,3.433084e-04,0.000000e+00,3.449715e-04,3.430135e-04,0.000000e+00,1.391237e-08,-6.741214e-10,2.598468e-10,-3.256749e-12,-6.726859e-10,-1.613326e-11,1.391562e-08,0.0000,99.8095,0.1905,1.441824e+02
136100,4.996063e-06,2.945291e+01,1.748219e-11,3.430060e-04,0.000000e+00,3.428245e-04,3.415718e-04,0.000000e+00,1.383864e-08,-6.642401e-10,2.649667e-10,-3.271332e-12,-6.724063e-10,-1.604875e-11,1.384191e-08,0.0000,99.8096,0.1904,1.444501e+02
136200,4.999734e-06,2.946039e+01,1.748663e-11,3.425826e-04,0.000000e+00,3.435200e-04,3.413724e-04,0.000000e+00,1.386305e-08,-6.651929e-10,2.567341e-10,-3.632789e-12,-6.723494e-10,-1.611380e-11,1.386668e-08,0.0000,99.8099,0.1901,1.443609e+02
136300,5.003405e-06,2.945492e+01,1.748338e-11,3.415847e-04,0.000000e+00,3.430362e-04,3.424687e-04,0.000000e+00,1.384290e-08,-6.636160e-10,2.505906e-10,-3.774035e-12,-6.714524e-10,-1.612473e-11,1.384668e-08,0.0000,99.8104,0.1896,1.443482e+02
136400,5.007076e-06,2.946176e+01,1.748744e-11,3.423709e-04,0.000000e+00,3.427943e-04,3.412656e-04,0.000000e+00,1.383297e-08,-6.692761e-10,2.533955e-10,-3.846862e-12,-6.702594e-10,-1.606024e-11,1.383681e-08,0.0000,99.8106,0.1894,1.443496e+02
136500,5.010747e-06,2.945937e+01,1.748602e-11,3.408590e-04,0.000000e+00,3.432479e-04,3.412448e-04,0.000000e+00,1.385079e-08,-6.616611e-10,2.696306e-10,-3.707137e-12,-6.694785e-10,-1.598434e-11,1.385450e-08,0.0000,99.8113,0.1887,1.443314e+02
136600,5.014418e-06,2.945248e+01,1.748193e-11,3.420081e-04,0.000000e+00,3.414940e-04,3.431228e-04,0.000000e+00,1.378036e-08,-6.612726e-10,2.451533e-10,-3.516393e-12,-6.698536e-10,-1.598836e-11,1.378388e-08,0.0000,99.8113,0.1887,1.443426e+02
136700,5.018088e-06,2.946384e+01,1.748868e-11,3.440643e-04,0.000000e+00,3.407985e-04,3.422267e-04,0.000000e+00,1.375277e-08,-6.586230e-10,2.561250e-10,-3.625857e-12,-6.692599e-10,-1.596218e-11,1.375640e-08,0.0000,99.8107,0.1893,1.443501e+02
136800,5.021759e-06,2.946492e+01,1.748932e-11,3.416452e-04,0.000000e+00,3.432176e-04,3.414706e-04,0.000000e+00,1.384410e-08,-6.644453e-10,2.631007e-10,-3.662309e-12,-6.710548e-10,-1.594170e-11,1.384777e-08,0.0000,99.8112,0.1888,1.442323e+02
136900,5.025430e-06,2.947057e+01,1.749267e-11,3.429152e-04,0.000000e+00,3.394075e-04,3.420027e-04,0.000000e+00,1.369627e-08,-6.592999e-10,2.394724e-10,-3.675405e-12,-6.713558e-10,-1.593638e-11,1.369994e-08,0.0000,99.8106,0.1894,1.443594e+02
137000,5.029101e-06,2.946711e+01,1.749062e-11,3.420988e-04,0.000000e+00,3.462416e-04,3.426577e-04,0.000000e+00,1.396597e-08,-6.669218e-10,2.548474e-10,-3.556077e-12,-6.712011e-10,-1.586211e-11,1.396953e-08,0.0000,99.8116,0.1884,1.442233e+02
137100,5.032772e-06,2.945700e+01,1.748461e-11,3.422802e-04,0.000000e+00,3.407078e-04,3.439152e-04,0.000000e+00,1.374598e-08,-6.541428e-10,2.722617e-10,-3.536871e-12,-6.710323e-10,-1.591015e-11,1.374952e-08,0.0000,99.8114,0.1886,1.442769e+02
137200,5.036443e-06,2.944962e+01,1.748024e-11,3.403146e-04,0.000000e+00,3.435805e-04,3.415074e-04,0.000000e+00,1.386002e-08,-6.652141e-10,2.407148e-10,-3.744931e-12,-6.684425e-10,-1.595383e-11,1.386377e-08,0.0000,99.8123,0.1877,1.442426e+02
137300,5.040114e-06,2.945230e+01,1.748183e-11,3.417964e-04,0.000000e+00,3.411311e-04,3.413625e-04,0.000000e+00,1.376701e-08,-6.572266e-10,2.536869e-10,-3.771021e-12,-6.684131e-10,-1.598922e-11,1.377078e-08,0.0000,99.8123,0.1877,1.443679e+02
137400,5.043785e-06,2.943109e+01,1.746924e-11,3.403449e-04,0.000000e+00,3.404961e-04,3.437748e-04,0.000000e+00,1.374018e-08,-6.604057e-10,2.413320e-10,-3.527017e-12,-6.689532e-10,-1.595504e-11,1.374371e-08,0.0000,99.8125,0.1875,1.443466e+02
137500,5.047455e-06,2.941428e+01,1.745926e-11,3.403751e-04,0.000000e+00,3.428850e-04,3.430929e-04,0.000000e+00,1.383084e-08,-6.670825e-10,2.316060e-10,-3.549481e-12,-6.684686e-10,-1.590416e-11,1.383439e-08,0.0000,99.8132,0.1868,1.442244e+02
137600,5.051126e-06,2.940429e+01,1.745333e-11,3.420081e-04,0.000000e+00,3.417359e-04,3.436240e-04,0.000000e+00,1.379208e-08,-6.589143e-10,2.464413e-10,-3.634386e-12,-6.666440e-10,-1.596590e-11,1.379571e-08,0.0000,99.8132,0.1868,1.443882e+02
137700,5.054797e-06,2.940286e+01,1.745248e-11,3.412218e-04,0.000000e+00,3.400123e-04,3.414539e-04,0.000000e+00,1.372318e-08,-6.552878e-10,2.405731e-10,-3.765192e-12,-6.675061e-10,-1.613088e-11,1.372695e-08,0.0000,99.8131,0.1869,1.443991e+02
137800,5.058468e-06,2.936953e+01,1.743270e-11,3.381374e-04,0.000000e+00,3.407682e-04,3.435253e-04,0.000000e+00,1.374765e-08,-6.659239e-10,2.689722e-10,-3.811498e-12,-6.680725e-10,-1.621465e-11,1.375146e-08,0.0000,99.8138,0.1862,1.442775e+02
137900,5.062139e-06,2.936236e+01,1.742844e-11,3.419778e-04,0.000000e+00,3.409497e-04,3.431384e-04,0.000000e+00,1.376122e-08,-6.631553e-10,2.544394e-10,-3.646684e-12,-6.663616e-10,-1.608023e-11,1.376486e-08,0.0000,99.8137,0.1863,1.444025e+02
138000,5.065810e-06,2.935972e+01,1.742687e-11,3.424919e-04,0.000000e+00,3.410404e-04,3.429188e-04,0.000000e+00,1.375687e-08,-6.631465e-10,2.445091e-10,-3.354413e-12,-6.669535e-10,-1.596781e-11,1.376022e-08,0.0000,99.8136,0.1864,1.442405e+02
138100,5.069481e-06,2.935541e+01,1.742432e-11,3.426128e-04,0.000000e+00,3.382886e-04,3.433086e-04,0.000000e+00,1.365303e-08,-6.538529e-10,2.249761e-10,-3.736078e-12,-6.697068e-10,-1.603195e-11,1.365676e-08,0.0000,99.8128,0.1872,1.443898e+02
138200,5.073152e-06,2.934076e+01,1.741562e-11,3.407380e-04,0.000000e+00,3.424616e-04,3.431074e-04,0.000000e+00,1.382649e-08,-6.664586e-10,2.490704e-10,-3.634074e-12,-6.702483e-10,-1.609925e-11,1.383012e-08,0.0000,99.8133,0.1867,1.444923e+02
138300,5.076822e-06,2.935410e+01,1.742354e-11,3.419173e-04,0.000000e+00,3.415545e-04,3.397598e-04,0.000000e+00,1.378479e-08,-6.585401e-10,2.360731e-10,-3.497928e-12,-6.696900e-10,-1.610113e-11,1.378828e-08,0.0000,99.8133,0.1867,1.443884e+02
138400,5.080493e-06,2.936916e+01,1.743248e-11,3.434596e-04,0.000000e+00,3.443063e-04,3.410248e-04,0.000000e+00,1.389176e-08,-6.745201e-10,2.534807e-10,-3.331263e-12,-6.705904e-10,-1.600960e-11,1.389509e-08,0.0000,99.8137,0.1863,1.443147e+02
138500,5.084164e-06,2.936808e+01,1.743184e-11,3.420988e-04,0.000000e+00,3.381979e-04,3.422731e-04,0.000000e+00,1.365263e-08,-6.512976e-10,2.479572e-10,-3.274766e-12,-6.715467e-10,-1.603507e-11,1.365590e-08,0.0000,99.8129,0.1871,1.444500e+02
138600,5.087835e-06,2.935179e+01,1.742216e-11,3.387724e-04,0.000000e+00,3.449715e-04,3.414078e-04,0.000000e+00,1.392955e-08,-6.704780e-10,2.543843e-10,-3.271238e-12,-6.697767e-10,-1.608740e-11,1.393282e-08,0.0000,99.8144,0.1856,1.445314e+02
138700,5.091506e-06,2.936626e+01,1.743076e-11,3.432781e-04,0.000000e+00,3.421895e-04,3.409373e-04,0.000000e+00,1.380827e-08,-6.617877e-10,2.409037e-10,-3.146065e-12,-6.682113e-10,-1.602281e-11,1.381142e-08,0.0000,99.8143,0.1857,1.443414e+02
138800,5.095177e-06,2.936923e+01,1.743252e-11,3.414637e-04,0.000000e+00,3.415545e-04,3.409840e-04,0.000000e+00,1.377134e-08,-6.672877e-10,2.522661e-10,-3.274381e-12,-6.692140e-10,-1.600454e-11,1.377461e-08,0.0000,99.8145,0.1855,1.441110e+02
138900,5.098848e-06,2.936600e+01,1.743060e-11,3.411916e-04,0.000000e+00,3.406170e-04,3.417140e-04,0.000000e+00,1.376061e-08,-6.544905e-10,2.431391e-10,-3.424104e-12,-6.696303e-10,-1.608510e-11,1.376404e-08,0.0000,99.8145,0.1855,1.446663e+02
139000,5.102519e-06,2.938480e+01,1.744176e-11,3.445784e-04,0.000000e+00,3.414335e-04,3.415389e-04,0.000000e+00,1.377780e-08,-6.653182e-10,2.552727e-10,-3.522808e-12,-6.702074e-10,-1.616271e-11,1.378132e-08,0.0000,99.8140,0.1860,1.443484e+02
139100,5.106189e-06,2.940265e+01,1.745236e-11,3.416149e-04,0.000000e+00,3.437922e-04,3.387279e-04,0.000000e+00,1.386697e-08,-6.688608e-10,2.211652e-10,-3.660275e-12,-6.720048e-10,-1.624623e-11,1.387063e-08,0.0000,99.8146,0.1854,1.442112e+02
139200,5.109860e-06,2.942345e+01,1.746470e-11,3.448203e-04,0.000000e+00,3.411614e-04,3.414577e-04,0.000000e+00,1.377789e-08,-6.619655e-10,2.593370e-10,-3.564773e-12,-6.727044e-10,-1.615707e-11,1.378146e-08,0.0000,99.8139,0.1861,1.445723e+02
139300,5.113531e-06,2.942768e+01,1.746721e-11,3.414637e-04,0.000000e+00,3.446086e-04,3.407796e-04,0.000000e+00,1.390412e-08,-6.735311e-10,2.648391e-10,-3.404721e-12,-6.719646e-10,-1.596057e-11,1.390753e-08,0.0000,99.8147,0.1853,1.443164e+02
139400,5.117202e-06,2.941979e+01,1.746253e-11,3.392865e-04,0.000000e+00,3.420685e-04,3.405623e-04,0.000000e+00,1.381479e-08,-6.585333e-10,2.422538e-10,-2.998614e-12,-6.701885e-10,-1.588965e-11,1.381778e-08,0.0000,99.8155,0.1845,1.445761e+02
139500,5.120873e-06,2.942184e+01,1.746375e-11,3.413126e-04,0.000000e+00,3.420081e-04,3.409801e-04,0.000000e+00,1.380092e-08,-6.608146e-10,2.615288e-10,-3.067312e-12,-6.674174e-10,-1.582719e-11,1.380399e-08,0.0000,99.8158,0.1842,1.443369e+02
139600,5.124544e-06,2.940003e+01,1.745080e-11,3.374117e-04,0.000000e+00,3.425524e-04,3.409389e-04,0.000000e+00,1.381706e-08,-6.602340e-10,2.415257e-10,-3.309277e-12,-6.657939e-10,-1.593527e-11,1.382037e-08,0.0000,99.8170,0.1830,1.442176e+02
139700,5.128215e-06,2.939476e+01,1.744767e-11,3.407985e-04,0.000000e+00,3.386515e-04,3.416502e-04,0.000000e+00,1.366899e-08,-6.511708e-10,2.506429e-10,-3.400832e-12,-6.647222e-10,-1.598104e-11,1.367239e-08,0.0000,99.8167,0.1833,1.444177e+02
139800,5.131886e-06,2.938771e+01,1.744349e-11,3.415545e-04,0.000000e+00,3.402239e-04,3.426948e-04,0.000000e+00,1.372656e-08,-6.650529e-10,2.393170e-10,-3.122395e-12,-6.658042e-10,-1.580347e-11,1.372968e-08,0.0000,99.8165,0.1835,1.442885e+02
139900,5.135556e-06,2.939296e+01,1.744660e-11,3.413126e-04,0.000000e+00,3.390446e-04,3.404638e-04,0.000000e+00,1.367842e-08,-6.591158e-10,2.577171e-10,-3.075355e-12,-6.685128e-10,-1.578369e-11,1.368150e-08,0.0000,99.8162,0.1838,1.442761e+02
140000,5.139227e-06,2.941336e+01,1.745871e-11,3.433688e-04,0.000000e+00,3.416754e-04,3.400695e-04,0.000000e+00,1.378473e-08,-6.559268e-10,2.686531e-10,-3.191948e-12,-6.694358e-10,-1.590707e-11,1.378793e-08,0.0000,99.8159,0.1841,1.442797e+02
140100,5.142898e-06,2.940397e+01,1.745314e-11,3.405263e-04,0.000000e+00,3.413730e-04,3.420447e-04,0.000000e+00,1.378666e-08,-6.547193e-10,2.399748e-10,-3.240122e-12,-6.688485e-10,-1.596613e-11,1.378990e-08,0.0000,99.8163,0.1837,1.445733e+02
140200,5.146569e-06,2.940929e+01,1.745630e-11,3.445482e-04,0.000000e+00,3.405566e-04,3.436878e-04,0.000000e+00,1.374570e-08,-6.616415e-10,2.487318e-10,-3.110189e-12,-6.703734e-10,-1.600644e-11,1.374881e-08,0.0000,99.8155,0.1845,1.444129e+02
140300,5.150240e-06,2.940198e+01,1.745196e-11,3.426733e-04,0.000000e+00,3.416149e-04,3.438562e-04,0.000000e+00,1.378792e-08,-6.637934e-10,2.477399e-10,-3.263088e-12,-6.712910e-10,-1.592671e-11,1.379119e-08,0.0000,99.8154,0.1846,1.443991e+02
140400,5.153911e-06,2.939713e+01,1.744908e-11,3.406473e-04,0.000000e+00,3.429152e-04,3.414309e-04,0.000000e+00,1.383729e-08,-6.603216e-10,2.346692e-10,-3.240556e-12,-6.721686e-10,-1.604233e-11,1.384053e-08,0.0000,99.8161,0.1839,1.443357e+02
140500,5.157582e-06,2.939793e+01,1.744955e-11,3.424012e-04,0.000000e+00,3.444272e-04,3.422726e-04,0.000000e+00,1.390135e-08,-6.651430e-10,2.412001e-10,-3.313811e-12,-6.700778e-10,-1.613322e-11,1.390466e-08,0.0000,99.8166,0.1834,1.444059e+02
140600,5.161253e-06,2.941314e+01,1.745858e-11,3.455763e-04,0.000000e+00,3.432176e-04,3.431161e-04,0.000000e+00,1.384328e-08,-6.660027e-10,2.471685e-10,-3.554441e-12,-6.711986e-10,-1.623554e-11,1.384683e-08,0.0000,99.8163,0.1837,1.442082e+02
140700,5.164923e-06,2.942610e+01,1.746628e-11,3.451530e-04,0.000000e+00,3.404961e-04,3.430571e-04,0.000000e+00,1.375126e-08,-6.640159e-10,2.653913e-10,-3.381005e-12,-6.737428e-10,-1.603676e-11,1.375464e-08,0.0000,99.8154,0.1846,1.445805e+02
140800,5.168594e-06,2.940799e+01,1.745553e-11,3.404054e-04,0.000000e+00,3.441853e-04,3.433341e-04,0.000000e+00,1.389965e-08,-6.704974e-10,2.458914e-10,-3.419986e-12,-6.736600e-10,-1.596049e-11,1.390307e-08,0.0000,99.8163,0.1837,1.445675e+02
140900,5.172265e-06,2.941535e+01,1.745990e-11,3.435200e-04,0.000000e+00,3.445784e-04,3.423297e-04,0.000000e+00,1.390031e-08,-6.632201e-10,2.400742e-10,-3.585511e-12,-6.720647e-10,-1.606192e-11,1.390389e-08,0.0000,99.8167,0.1833,1.442542e+02
141000,5.175936e-06,2.942080e+01,1.746313e-11,3.440039e-04,0.000000e+00,3.426733e-04,3.431231e-04,0.000000e+00,1.383186e-08,-6.596824e-10,2.424812e-10,-3.784433e-12,-6.708108e-10,-1.605265e-11,1.383565e-08,0.0000,99.8166,0.1834,1.444286e+02
141100,5.179607e-06,2.942922e+01,1.746813e-11,3.428850e-04,0.000000e+00,3.411916e-04,3.415228e-04,0.000000e+00,1.376282e-08,-6.657993e-10,2.572788e-10,-3.944631e-12,-6.735197e-10,-1.614903e-11,1.376677e-08,0.0000,99.8163,0.1837,1.442393e+02
141200,5.183278e-06,2.945477e+01,1.748329e-11,3.462718e-04,0.000000e+00,3.445784e-04,3.421408e-04,0.000000e+00,1.390486e-08,-6.667462e-10,2.378072e-10,-3.645824e-12,-6.737605e-10,-1.603170e-11,1.390851e-08,0.0000,99.8161,0.1839,1.443428e+02
141300,5.186949e-06,2.944011e+01,1.747459e-11,3.414940e-04,0.000000e+00,3.444877e-04,3.438652e-04,0.000000e+00,1.389699e-08,-6.690846e-10,2.651886e-10,-3.640078e-12,-6.744848e-10,-1.603266e-11,1.390063e-08,0.0000,99.8169,0.1831,1.442679e+02
141400,5.190620e-06,2.941836e+01,1.746168e-11,3.418871e-04,0.000000e+00,3.430060e-04,3.454033e-04,0.000000e+00,1.384749e-08,-6.593222e-10,2.286008e-10,-3.337155e-12,-6.734063e-10,-1.596084e-11,1.385083e-08,0.0000,99.8172,0.1828,1.444664e+02
141500,5.194291e-06,2.942315e+01,1.746452e-11,3.391353e-04,0.000000e+00,3.451530e-04,3.383615e-04,0.000000e+00,1.392999e-08,-6.661443e-10,2.477947e-10,-3.444280e-12,-6.693291e-10,-1.593037e-11,1.393343e-08,0.0000,99.8187,0.1813,1.443869e+02
141600,5.197961e-06,2.941945e+01,1.746232e-11,3.419173e-04,0.000000e+00,3.421895e-04,3.425157e-04,0.000000e+00,1.380817e-08,-6.598409e-10,2.573152e-10,-3.436837e-12,-6.680203e-10,-1.594924e-11,1.381161e-08,0.0000,99.8188,0.1812,1.443404e+02
141700,5.201632e-06,2.940495e+01,1.745372e-11,3.400425e-04,0.000000e+00,3.381979e-04,3.423863e-04,0.000000e+00,1.365126e-08,-6.545054e-10,2.535613e-10,-3.396434e-12,-6.674738e-10,-1.588960e-11,1.365466e-08,0.0000,99.8186,0.1814,1.444231e+02
141800,5.205303e-06,2.942040e+01,1.746289e-11,3.438527e-04,0.000000e+00,3.409799e-04,3.413543e-04,0.000000e+00,1.375870e-08,-6.613631e-10,2.398737e-10,-3.214437e-12,-6.681565e-10,-1.585697e-11,1.376191e-08,0.0000,99.8181,0.1819,1.443248e+02
141900,5.208974e-06,2.941924e+01,1.746220e-11,3.399518e-04,0.000000e+00,3.421593e-04,3.401395e-04,0.000000e+00,1.379553e-08,-6.602488e-10,2.456604e-10,-3.370892e-12,-6.700627e-10,-1.582130e-11,1.379890e-08,0.0000,99.8187,0.1813,1.440964e+02
142000,5.212645e-06,2.942674e+01,1.746665e-11,3.443970e-04,0.000000e+00,3.406473e-04,3.431846e-04,0.000000e+00,1.374845e-08,-6.539956e-10,2.371847e-10,-3.666877e-12,-6.708802e-10,-1.582584e-11,1.375212e-08,0.0000,99.8180,0.1820,1.443853e+02
142100,5.216316e-06,2.939891e+01,1.745013e-11,3.376536e-04,0.000000e+00,3.438527e-04,3.421536e-04,0.000000e+00,1.387870e-08,-6.608173e-10,2.538263e-10,-3.655738e-12,-6.686906e-10,-1.580666e-11,1.388235e-08,0.0000,99.8195,0.1805,1.444069e+02
142200,5.219987e-06,2.939826e+01,1.744975e-11,3.405868e-04,0.000000e+00,3.420081e-04,3.406926e-04,0.000000e+00,1.379987e-08,-6.603884e-10,2.658937e-10,-3.783619e-12,-6.667045e-10,-1.578595e-11,1.380365e-08,0.0000,99.8199,0.1801,1.443193e+02
142300,5.223658e-06,2.941190e+01,1.745784e-11,3.456066e-04,0.000000e+00,3.396494e-04,3.434008e-04,0.000000e+00,1.369666e-08,-6.550623e-10,2.465520e-10,-3.767430e-12,-6.681570e-10,-1.576798e-11,1.370043e-08,0.0000,99.8188,0.1812,1.441436e+02
142400,5.227328e-06,2.938817e+01,1.744376e-11,3.386817e-04,0.000000e+00,3.392563e-04,3.425176e-04,0.000000e+00,1.369759e-08,-6.546188e-10,2.342542e-10,-3.743857e-12,-6.705836e-10,-1.600440e-11,1.370134e-08,0.0000,99.8190,0.1810,1.444973e+02
142500,5.230999e-06,2.936702e+01,1.743121e-11,3.397401e-04,0.000000e+00,3.433084e-04,3.431601e-04,0.000000e+00,1.386445e-08,-6.581230e-10,2.691788e-10,-3.522943e-12,-6.687574e-10,-1.596122e-11,1.386798e-08,0.0000,99.8199,0.1801,1.445665e+02
142600,5.234670e-06,2.935647e+01,1.742495e-11,3.404054e-04,0.000000e+00,3.427943e-04,3.421113e-04,0.000000e+00,1.383445e-08,-6.690503e-10,2.362911e-10,-3.314581e-12,-6.659502e-10,-1.577795e-11,1.383777e-08,0.0000,99.8206,0.1794,1.443903e+02
142700,5.238341e-06,2.937459e+01,1.743570e-11,3.446691e-04,0.000000e+00,3.370185e-04,3.417396e-04,0.000000e+00,1.360374e-08,-6.452416e-10,2.536025e-10,-3.629167e-12,-6.680550e-10,-1.590448e-11,1.360737e-08,0.0000,99.8191,0.1809,1.444131e+02
142800,5.242012e-06,2.934613e+01,1.741881e-11,3.393470e-04,0.000000e+00,3.407985e-04,3.439485e-04,0.000000e+00,1.375094e-08,-6.634315e-10,2.476485e-10,-3.796502e-12,-6.712134e-10,-1.611244e-11,1.375474e-08,0.0000,99.8195,0.1805,1.443233e+02
142900,5.245683e-06,2.934743e+01,1.741958e-11,3.426128e-04,0.000000e+00,3.434898e-04,3.424031e-04,0.000000e+00,1.386872e-08,-6.659031e-10,2.286361e-10,-3.669058e-12,-6.706442e-10,-1.590737e-11,1.387239e-08,0.0000,99.8198,0.1802,1.445102e+02
143000,5.249354e-06,2.933982e+01,1.741506e-11,3.417359e-04,0.000000e+00,3.423407e-04,3.429660e-04,0.000000e+00,1.381653e-08,-6.668976e-10,2.474994e-10,-3.389441e-12,-6.695183e-10,-1.575958e-11,1.381992e-08,0.0000,99.8201,0.1799,1.443940e+02
143100,5.253025e-06,2.935231e+01,1.742248e-11,3.424314e-04,0.000000e+00,3.417964e-04,3.404115e-04,0.000000e+00,1.380885e-08,-6.547706e-10,2.543974e-10,-3.463189e-12,-6.697361e-10,-1.595390e-11,1.381231e-08,0.0000,99.8201,0.1799,1.446676e+02
143200,5.256695e-06,2.936374e+01,1.742926e-11,3.434898e-04,0.000000e+00,3.407985e-04,3.416418e-04,0.000000e+00,1.375134e-08,-6.558492e-10,2.498048e-10,-3.762811e-12,-6.717447e-10,-1.611057e-11,1.375510e-08,0.0000,99.8196,0.1804,1.443208e+02
143300,5.260366e-06,2.936247e+01,1.742851e-11,3.419778e-04,0.000000e+00,3.420685e-04,3.421838e-04,0.000000e+00,1.380596e-08,-6.680728e-10,2.575707e-10,-3.758537e-12,-6.723812e-10,-1.611910e-11,1.380971e-08,0.0000,99.8198,0.1802,1.444049e+02
143400,5.264037e-06,2.937939e+01,1.743855e-11,3.430060e-04,0.000000e+00,3.443063e-04,3.402702e-04,0.000000e+00,1.388822e-08,-6.671772e-10,2.432496e-10,-3.941182e-12,-6.711650e-10,-1.603287e-11,1.389216e-08,0.0000,99.8202,0.1798,1.442375e+02
143500,5.267708e-06,2.939228e+01,1.744620e-11,3.430362e-04,0.000000e+00,3.404658e-04,3.409518e-04,0.000000e+00,1.373864e-08,-6.599997e-10,2.519156e-10,-3.869333e-12,-6.719007e-10,-1.598765e-11,1.374251e-08,0.0000,99.8198,0.1802,1.443450e+02
143600,5.271379e-06,2.940370e+01,1.745298e-11,3.415847e-04,0.000000e+00,3.439736e-04,3.397389e-04,0.000000e+00,1.388011e-08,-6.655030e-10,2.446124e-10,-3.990380e-12,-6.721699e-10,-1.606331e-11,1.388410e-08,0.0000,99.8204,0.1796,1.443465e+02
143700,5.275050e-06,2.939298e+01,1.744661e-11,3.419173e-04,0.000000e+00,3.437619e-04,3.436504e-04,0.000000e+00,1.387650e-08,-6.624372e-10,2.645530e-10,-3.915550e-12,-6.713226e-10,-1.613391e-11,1.388042e-08,0.0000,99.8209,0.1791,1.444373e+02
143800,5.278721e-06,2.937639e+01,1.743677e-11,3.410706e-04,0.000000e+00,3.409799e-04,3.437522e-04,0.000000e+00,1.376356e-08,-6.649212e-10,2.476425e-10,-3.566857e-12,-6.694102e-10,-1.604196e-11,1.376713e-08,0.0000,99.8210,0.1790,1.444333e+02
143900,5.282392e-06,2.938753e+01,1.744338e-11,3.429152e-04,0.000000e+00,3.438829e-04,3.411139e-04,0.000000e+00,1.388476e-08,-6.669555e-10,2.357956e-10,-3.334322e-12,-6.689679e-10,-1.595682e-11,1.388810e-08,0.0000,99.8214,0.1786,1.445110e+02
144000,5.286062e-06,2.939227e+01,1.744619e-11,3.416149e-04,0.000000e+00,3.398913e-04,3.408499e-04,0.000000e+00,1.371970e-08,-6.582183e-10,2.353514e-10,-3.307560e-12,-6.691911e-10,-1.584078e-11,1.372301e-08,0.0000,99.8211,0.1789,1.444258e+02
144100,5.289733e-06,2.940740e+01,1.745518e-11,3.436107e-04,0.000000e+00,3.419476e-04,3.411630e-04,0.000000e+00,1.380128e-08,-6.600839e-10,2.572014e-10,-3.466664e-12,-6.703478e-10,-1.597621e-11,1.380475e-08,0.0000,99.8209,0.1791,1.443922e+02
144200,5.293404e-06,2.940691e+01,1.745488e-11,3.413428e-04,0.000000e+00,3.411916e-04,3.414225e-04,0.000000e+00,1.376597e-08,-6.555146e-10,2.543331e-10,-3.344441e-12,-6.707736e-10,-1.605903e-11,1.376932e-08,0.0000,99.8210,0.1790,1.442932e+02
144300,5.297075e-06,2.941313e+01,1.745857e-11,3.424919e-04,0.000000e+00,3.427036e-04,3.414865e-04,0.000000e+00,1.383232e-08,-6.673714e-10,2.576670e-10,-3.553522e-12,-6.702484e-10,-1.602301e-11,1.383587e-08,0.0000,99.8212,0.1788,1.444078e+02
144400,5.300746e-06,2.941227e+01,1.745807e-11,3.400425e-04,0.000000e+00,3.422802e-04,3.401807e-04,0.000000e+00,1.381031e-08,-6.661174e-10,2.518128e-10,-3.610096e-12,-6.692221e-10,-1.594579e-11,1.381392e-08,0.0000,99.8218,0.1782,1.443132e+02
144500,5.304417e-06,2.939389e+01,1.744716e-11,3.383491e-04,0.000000e+00,3.415242e-04,3.413210e-04,0.000000e+00,1.378114e-08,-6.576636e-10,2.414905e-10,-3.569671e-12,-6.674498e-10,-1.601873e-11,1.378471e-08,0.0000,99.8226,0.1774,1.443349e+02
144600,5.308088e-06,2.940871e+01,1.745595e-11,3.443667e-04,0.000000e+00,3.419778e-04,3.419718e-04,0.000000e+00,1.379993e-08,-6.644664e-10,2.598080e-10,-3.269534e-12,-6.670085e-10,-1.584300e-11,1.380320e-08,0.0000,99.8222,0.1778,1.443434e+02
144700,5.311759e-06,2.942172e+01,1.746368e-11,3.442458e-04,0.000000e+00,3.393167e-04,3.421408e-04,0.000000e+00,1.367766e-08,-6.521327e-10,2.367904e-10,-3.354732e-12,-6.713316e-10,-1.586674e-11,1.368101e-08,0.0000,99.8213,0.1787,1.440285e+02
144800,5.315429e-06,2.943863e+01,1.747371e-11,3.423407e-04,0.000000e+00,3.415847e-04,3.396066e-04,0.000000e+00,1.378748e-08,-6.583057e-10,2.556042e-10,-3.383854e-12,-6.730190e-10,-1.593591e-11,1.379087e-08,0.0000,99.8213,0.1787,1.444104e+02
144900,5.319100e-06,2.942702e+01,1.746682e-11,3.408892e-04,0.000000e+00,3.469976e-04,3.427666e-04,0.000000e+00,1.400213e-08,-6.720805e-10,2.722225e-10,-3.281783e-12,-6.717472e-10,-1.596211e-11,1.400541e-08,0.0000,99.8227,0.1773,1.443494e+02
145000,5.322771e-06,2.943079e+01,1.746906e-11,3.435805e-04,0.000000e+00,3.416149e-04,3.429718e-04,0.000000e+00,1.378342e-08,-6.557224e-10,2.702807e-10,-3.273822e-12,-6.692835e-10,-1.597877e-11,1.378669e-08,0.0000,99.8224,0.1776,1.443015e+02
145100,5.326442e-06,2.943416e+01,1.747106e-11,3.427338e-04,0.000000e+00,3.407380e-04,3.421883e-04,0.000000e+00,1.374450e-08,-6.597717e-10,2.387215e-10,-3.376716e-12,-6.695044e-10,-1.598689e-11,1.374788e-08,0.0000,99.8221,0.1779,1.442420e+02
145200,5.330113e-06,2.941919e+01,1.746217e-11,3.416149e-04,0.000000e+00,3.417057e-04,3.440355e-04,0.000000e+00,1.378858e-08,-6.623094e-10,2.799628e-10,-3.185345e-12,-6.717332e-10,-1.591393e-11,1.379177e-08,0.0000,99.8222,0.1778,1.443456e+02
145300,5.333784e-06,2.939407e+01,1.744726e-11,3.401030e-04,0.000000e+00,3.424616e-04,3.441655e-04,0.000000e+00,1.382001e-08,-6.599874e-10,2.190758e-10,-3.243645e-12,-6.690912e-10,-1.597797e-11,1.382325e-08,0.0000,99.8229,0.1771,1.443490e+02
145400,5.337455e-06,2.939470e+01,1.744764e-11,3.428245e-04,0.000000e+00,3.455158e-04,3.427215e-04,0.000000e+00,1.393869e-08,-6.624812e-10,2.664266e-10,-3.436088e-12,-6.689615e-10,-1.614266e-11,1.394213e-08,0.0000,99.8235,0.1765,1.442518e+02
145500,5.341126e-06,2.939556e+01,1.744815e-11,3.426128e-04,0.000000e+00,3.370185e-04,3.424739e-04,0.000000e+00,1.359372e-08,-6.585512e-10,2.359470e-10,-3.388539e-12,-6.702920e-10,-1.612039e-11,1.359711e-08,0.0000,99.8225,0.1775,1.442242e+02
145600,5.344796e-06,2.940111e+01,1.745144e-11,3.434293e-04,0.000000e+00,3.451832e-04,3.425322e-04,0.000000e+00,1.393291e-08,-6.728464e-10,2.570709e-10,-3.071354e-12,-6.716337e-10,-1.585399e-11,1.393598e-08,0.0000,99.8230,0.1770,1.444294e+02
145700,5.348467e-06,2.938477e+01,1.744174e-11,3.400727e-04,0.000000e+00,3.429757e-04,3.427148e-04,0.000000e+00,1.384471e-08,-6.651238e-10,2.421888e-10,-3.365574e-12,-6.701573e-10,-1.589102e-11,1.384807e-08,0.0000,99.8237,0.1763,1.444364e+02
145800,5.352138e-06,2.937473e+01,1.743578e-11,3.415242e-04,0.000000e+00,3.398308e-04,3.431475e-04,0.000000e+00,1.371724e-08,-6.465785e-10,2.320636e-10,-3.576930e-12,-6.690307e-10,-1.592950e-11,1.372082e-08,0.0000,99.8235,0.1765,1.444149e+02
145900,5.355809e-06,2.937707e+01,1.743717e-11,3.425221e-04,0.000000e+00,3.425524e-04,3.421440e-04,0.000000e+00,1.382066e-08,-6.656262e-10,2.607006e-10,-3.257339e-12,-6.691253e-10,-1.583431e-11,1.382391e-08,0.0000,99.8236,0.1764,1.442952e+02
146000,5.359480e-06,2.936672e+01,1.743103e-11,3.425524e-04,0.000000e+00,3.425826e-04,3.442261e-04,0.000000e+00,1.382309e-08,-6.664809e-10,2.566515e-10,-2.727218e-12,-6.710034e-10,-1.578254e-11,1.382581e-08,0.0000,99.8238,0.1762,1.443261e+02
146100,5.363151e-06,2.936247e+01,1.742851e-11,3.422197e-04,0.000000e+00,3.402239e-04,3.429071e-04,0.000000e+00,1.373651e-08,-6.511673e-10,2.594344e-10,-2.926944e-12,-6.711346e-10,-1.595434e-11,1.373944e-08,0.0000,99.8235,0.1765,1.444922e+02
146200,5.366822e-06,2.936637e+01,1.743082e-11,3.428548e-04,0.000000e+00,3.431572e-04,3.422235e-04,0.000000e+00,1.385545e-08,-6.612195e-10,2.285354e-10,-2.982032e-12,-6.707411e-10,-1.601019e-11,1.385843e-08,0.0000,99.8237,0.1763,1.445104e+02
146300,5.370493e-06,2.936342e+01,1.742907e-11,3.407380e-04,0.000000e+00,3.418266e-04,3.412154e-04,0.000000e+00,1.378942e-08,-6.598024e-10,2.477727e-10,-3.256227e-12,-6.711205e-10,-1.603291e-11,1.379268e-08,0.0000,99.8240,0.1760,1.442499e+02
146400,5.374163e-06,2.935853e+01,1.742617e-11,3.428548e-04,0.000000e+00,3.424012e-04,3.436453e-04,0.000000e+00,1.381774e-08,-6.642904e-10,2.566099e-10,-3.411702e-12,-6.697622e-10,-1.606288e-11,1.382115e-08,0.0000,99.8240,0.1760,1.443614e+02
146500,5.377834e-06,2.937638e+01,1.743677e-11,3.440946e-04,0.000000e+00,3.442458e-04,3.412079e-04,0.000000e+00,1.389770e-08,-6.659547e-10,2.507066e-10,-3.564337e-12,-6.703445e-10,-1.601676e-11,1.390127e-08,0.0000,99.8242,0.1758,1.444782e+02
146600,5.381505e-06,2.938240e+01,1.744034e-11,3.428850e-04,0.000000e+00,3.404054e-04,3.419120e-04,0.000000e+00,1.374515e-08,-6.650099e-10,2.440119e-10,-3.521968e-12,-6.730965e-10,-1.592067e-11,1.374867e-08,0.0000,99.8238,0.1762,1.445245e+02
146700,5.385176e-06,2.936354e+01,1.742914e-11,3.401635e-04,0.000000e+00,3.429152e-04,3.432135e-04,0.000000e+00,1.384884e-08,-6.610176e-10,2.525703e-10,-3.116062e-12,-6.717773e-10,-1.582796e-11,1.385195e-08,0.0000,99.8245,0.1755,1.445674e+02
146800,5.388847e-06,2.937303e+01,1.743477e-11,3.422802e-04,0.000000e+00,3.441853e-04,3.407461e-04,0.000000e+00,1.389389e-08,-6.575842e-10,2.470498e-10,-3.091703e-12,-6.693498e-10,-1.581126e-11,1.389698e-08,0.0000,99.8250,0.1750,1.444485e+02
146900,5.392518e-06,2.936877e+01,1.743224e-11,3.408287e-04,0.000000e+00,3.405566e-04,3.415178e-04,0.000000e+00,1.374399e-08,-6.544754e-10,2.719703e-10,-3.236789e-12,-6.679395e-10,-1.589413e-11,1.374723e-08,0.0000,99.8251,0.1749,1.443733e+02
147000,5.396189e-06,2.935792e+01,1.742580e-11,3.383793e-04,0.000000e+00,3.411311e-04,3.401333e-04,0.000000e+00,1.376857e-08,-6.599142e-10,2.418759e-10,-3.516201e-12,-6.675869e-10,-1.605558e-11,1.377209e-08,0.0000,99.8258,0.1742,1.443991e+02
147100,5.399860e-06,2.937435e+01,1.743556e-11,3.418266e-04,0.000000e+00,3.415242e-04,3.391692e-04,0.000000e+00,1.378405e-08,-6.645774e-10,2.522737e-10,-3.204027e-12,-6.660367e-10,-1.583632e-11,1.378726e-08,0.0000,99.8258,0.1742,1.444017e+02
147200,5.403530e-06,2.935964e+01,1.742683e-11,3.398006e-04,0.000000e+00,3.392563e-04,3.421797e-04,0.000000e+00,1.367987e-08,-6.542147e-10,2.517679e-10,-3.253512e-12,-6.662411e-10,-1.573554e-11,1.368313e-08,0.0000,99.8258,0.1742,1.441267e+02
147300,5.407201e-06,2.936471e+01,1.742984e-11,3.434596e-04,0.000000e+00,3.397099e-04,3.426396e-04,0.000000e+00,1.370615e-08,-6.573217e-10,2.395627e-10,-3.453571e-12,-6.683317e-10,-1.577515e-11,1.370960e-08,0.0000,99.8252,0.1748,1.442949e+02
147400,5.410872e-06,2.938020e+01,1.743903e-11,3.445179e-04,0.000000e+00,3.416754e-04,3.420133e-04,0.000000e+00,1.378748e-08,-6.572533e-10,2.397154e-10,-3.407035e-12,-6.709111e-10,-1.578169e-11,1.379088e-08,0.0000,99.8247,0.1753,1.443359e+02
147500,5.414543e-06,2.938367e+01,1.744109e-11,3.420383e-04,0.000000e+00,3.427338e-04,3.414776e-04,0.000000e+00,1.383876e-08,-6.618057e-10,2.491214e-10,-3.405861e-12,-6.726058e-10,-1.595976e-11,1.384217e-08,0.0000,99.8250,0.1750,1.445184e+02
147600,5.418214e-06,2.935143e+01,1.742195e-11,3.374721e-04,0.000000e+00,3.443365e-04,3.426848e-04,0.000000e+00,1.389633e-08,-6.587823e-10,2.584256e-10,-3.708249e-12,-6.700959e-10,-1.617872e-11,1.390004e-08,0.0000,99.8265,0.1735,1.443683e+02
147700,5.421885e-06,2.935263e+01,1.742266e-11,3.409194e-04,0.000000e+00,3.420081e-04,3.407261e-04,0.000000e+00,1.380010e-08,-6.670137e-10,2.542533e-10,-3.747103e-12,-6.661492e-10,-1.613043e-11,1.380385e-08,0.0000,99.8268,0.1732,1.443280e+02
147800,5.425556e-06,2.934265e+01,1.741674e-11,3.417964e-04,0.000000e+00,3.399820e-04,3.434102e-04,0.000000e+00,1.372377e-08,-6.608512e-10,2.505879e-10,-3.822690e-12,-6.659373e-10,-1.604561e-11,1.372759e-08,0.0000,99.8266,0.1734,1.444472e+02
147900,5.429227e-06,2.934293e+01,1.741691e-11,3.433084e-04,0.000000e+00,3.387120e-04,3.432626e-04,0.000000e+00,1.366749e-08,-6.589077e-10,2.514516e-10,-3.638995e-12,-6.692874e-10,-1.607847e-11,1.367113e-08,0.0000,99.8258,0.1742,1.443329e+02
148000,5.432897e-06,2.936496e+01,1.742999e-11,3.451227e-04,0.000000e+00,3.423105e-04,3.415599e-04,0.000000e+00,1.381653e-08,-6.683424e-10,2.530352e-10,-3.617488e-12,-6.721046e-10,-1.598715e-11,1.382014e-08,0.0000,99.8253,0.1747,1.444248e+02
148100,5.436568e-06,2.937533e+01,1.743614e-11,3.440946e-04,0.000000e+00,3.417661e-04,3.424181e-04,0.000000e+00,1.379372e-08,-6.634362e-10,2.283848e-10,-3.872989e-12,-6.735190e-10,-1.609230e-11,1.379759e-08,0.0000,99.8250,0.1750,1.444019e+02
148200,5.440239e-06,2.937688e+01,1.743706e-11,3.430967e-04,0.000000e+00,3.436107e-04,3.428462e-04,0.000000e+00,1.387773e-08,-6.609504e-10,2.442945e-10,-4.059504e-12,-6.732125e-10,-1.605822e-11,1.388179e-08,0.0000,99.8252,0.1748,1.445886e+02
148300,5.443910e-06,2.937136e+01,1.743378e-11,3.405566e-04,0.000000e+00,3.428245e-04,3.414490e-04,0.000000e+00,1.383065e-08,-6.705813e-10,2.446662e-10,-4.294480e-12,-6.717692e-10,-1.613405e-11,1.383494e-08,0.0000,99.8258,0.1742,1.442900e+02
148400,5.447581e-06,2.939087e+01,1.744536e-11,3.444272e-04,0.000000e+00,3.449715e-04,3.412722e-04,0.000000e+00,1.391802e-08,-6.623307e-10,2.328859e-10,-4.468232e-12,-6.717009e-10,-1.613244e-11,1.392249e-08,0.0000,99.8260,0.1740,1.442915e+02
148500,5.451252e-06,2.939058e+01,1.744519e-11,3.414637e-04,0.000000e+00,3.414033e-04,3.415105e-04,0.000000e+00,1.377012e-08,-6.666071e-10,2.532169e-10,-4.551143e-12,-6.716364e-10,-1.612798e-11,1.377467e-08,0.0000,99.8261,0.1739,1.442030e+02
148600,5.454923e-06,2.940131e+01,1.745156e-11,3.439736e-04,0.000000e+00,3.434596e-04,3.422386e-04,0.000000e+00,1.386475e-08,-6.645756e-10,2.664755e-10,-4.335644e-12,-6.728056e-10,-1.605379e-11,1.386908e-08,0.0000,99.8261,0.1739,1.444506e+02
148700,5.458594e-06,2.942244e+01,1.746410e-11,3.458485e-04,0.000000e+00,3.428850e-04,3.424317e-04,0.000000e+00,1.383628e-08,-6.650502e-10,2.392314e-10,-4.283575e-12,-6.725070e-10,-1.604012e-11,1.384057e-08,0.0000,99.8257,0.1743,1.443463e+02
148800,5.462265e-06,2.940540e+01,1.745399e-11,3.388632e-04,0.000000e+00,3.431269e-04,3.416192e-04,0.000000e+00,1.384702e-08,-6.643393e-10,2.706685e-10,-4.322792e-12,-6.720514e-10,-1.601033e-11,1.385134e-08,0.0000,99.8267,0.1733,1.443642e+02
148900,5.465935e-06,2.938940e+01,1.744449e-11,3.404961e-04,0.000000e+00,3.441248e-04,3.430835e-04,0.000000e+00,1.388499e-08,-6.655653e-10,2.558801e-10,-4.197383e-12,-6.693288e-10,-1.594944e-11,1.388918e-08,0.0000,99.8275,0.1725,1.443129e+02
149000,5.469606e-06,2.938113e+01,1.743958e-11,3.420685e-04,0.000000e+00,3.429455e-04,3.434055e-04,0.000000e+00,1.383495e-08,-6.622256e-10,2.596214e-10,-3.928562e-12,-6.672063e-10,-1.582323e-11,1.383888e-08,0.0000,99.8278,0.1722,1.442625e+02
149100,5.473277e-06,2.939828e+01,1.744976e-11,3.441551e-04,0.000000e+00,3.403751e-04,3.413822e-04,0.000000e+00,1.373634e-08,-6.609561e-10,2.435015e-10,-3.857167e-12,-6.695214e-10,-1.582874e-11,1.374020e-08,0.0000,99.8272,0.1728,1.443681e+02
149200,5.476948e-06,2.940184e+01,1.745188e-11,3.428850e-04,0.000000e+00,3.411311e-04,3.423089e-04,0.000000e+00,1.377553e-08,-6.569320e-10,2.414026e-10,-4.023563e-12,-6.715696e-10,-1.600477e-11,1.377956e-08,0.0000,99.8269,0.1731,1.445465e+02
149300,5.480619e-06,2.937846e+01,1.743800e-11,3.396191e-04,0.000000e+00,3.420685e-04,3.433994e-04,0.000000e+00,1.380858e-08,-6.596521e-10,2.396219e-10,-4.054522e-12,-6.713260e-10,-1.606377e-11,1.381264e-08,0.0000,99.8275,0.1725,1.444463e+02
149400,5.484290e-06,2.936878e+01,1.743225e-11,3.405868e-04,0.000000e+00,3.437922e-04,3.421518e-04,0.000000e+00,1.387414e-08,-6.680191e-10,2.410753e-10,-3.706222e-12,-6.670042e-10,-1.597382e-11,1.387785e-08,0.0000,99.8283,0.1717,1.443732e+02
149500,5.487961e-06,2.933495e+01,1.741217e-11,3.381676e-04,0.000000e+00,3.423407e-04,3.436387e-04,0.000000e+00,1.381659e-08,-6.627094e-10,2.340750e-10,-3.508305e-12,-6.648599e-10,-1.583861e-11,1.382010e-08,0.0000,99.8293,0.1707,1.443935e+02
149600,5.491632e-06,2.933939e+01,1.741481e-11,3.418871e-04,0.000000e+00,3.375024e-04,3.411684e-04,0.000000e+00,1.361913e-08,-6.487947e-10,2.625564e-10,-3.840029e-12,-6.646217e-10,-1.582378e-11,1.362297e-08,0.0000,99.8285,0.1715,1.443188e+02
149700,5.495302e-06,2.933737e+01,1.741361e-11,3.414940e-04,0.000000e+00,3.415242e-04,3.418204e-04,0.000000e+00,1.378192e-08,-6.633876e-10,2.735242e-10,-4.049248e-12,-6.659635e-10,-1.583736e-11,1.378597e-08,0.0000,99.8286,0.1714,1.443512e+02
149800,5.498973e-06,2.932918e+01,1.740875e-11,3.409194e-04,0.000000e+00,3.392260e-04,3.422446e-04,0.000000e+00,1.369502e-08,-6.549730e-10,2.271428e-10,-4.085562e-12,-6.682960e-10,-1.591683e-11,1.369910e-08,0.0000,99.8284,0.1716,1.444694e+02
149900,5.502644e-06,2.931007e+01,1.739740e-11,3.396796e-04,0.000000e+00,3.405868e-04,3.427698e-04,0.000000e+00,1.373710e-08,-6.608927e-10,2.589717e-10,-4.021317e-12,-6.674567e-10,-1.593931e-11,1.374112e-08,0.0000,99.8287,0.1713,1.442046e+02
150000,5.506315e-06,2.928485e+01,1.738244e-11,3.394679e-04,0.000000e+00,3.433084e-04,3.435450e-04,0.000000e+00,1.385028e-08,-6.605924e-10,2.421861e-10,-3.877901e-12,-6.671518e-10,-1.582485e-11,1.385416e-08,0.0000,99.8296,0.1704,1.442723e+02
150100,5.509986e-06,2.929944e+01,1.739109e-11,3.447296e-04,0.000000e+00,3.391655e-04,3.423712e-04,0.000000e+00,1.368191e-08,-6.538775e-10,2.285208e-10,-3.947991e-12,-6.671155e-10,-1.590671e-11,1.368586e-08,0.0000,99.8286,0.1714,1.442436e+02
150200,5.513657e-06,2.931141e+01,1.739820e-11,3.437619e-04,0.000000e+00,3.419173e-04,3.418270e-04,0.000000e+00,1.380115e-08,-6.608531e-10,2.429078e-10,-3.964778e-12,-6.699530e-10,-1.605490e-11,1.380511e-08,0.0000,99.8283,0.1717,1.444193e+02
150300,5.517328e-06,2.930539e+01,1.739463e-11,3.417964e-04,0.000000e+00,3.407380e-04,3.427689e-04,0.000000e+00,1.375190e-08,-6.606384e-10,2.665249e-10,-3.890977e-12,-6.712722e-10,-1.620166e-11,1.375579e-08,0.0000,99.8282,0.1718,1.443823e+02
150400,5.520999e-06,2.929280e+01,1.738716e-11,3.392865e-04,0.000000e+00,3.442155e-04,3.413216e-04,0.000000e+00,1.389322e-08,-6.711685e-10,2.318837e-10,-3.928451e-12,-6.686818e-10,-1.614709e-11,1.389715e-08,0.0000,99.8293,0.1707,1.444138e+02
150500,5.524669e-06,2.929947e+01,1.739111e-11,3.419173e-04,0.000000e+00,3.408892e-04,3.408391e-04,0.000000e+00,1.374853e-08,-6.602641e-10,2.425877e-10,-4.128738e-12,-6.673346e-10,-1.611588e-11,1.375266e-08,0.0000,99.8292,0.1708,1.441822e+02
150600,5.528340e-06,2.931457e+01,1.740007e-11,3.446086e-04,0.000000e+00,3.424919e-04,3.421675e-04,0.000000e+00,1.381027e-08,-6.660681e-10,2.560234e-10,-4.108293e-12,-6.706088e-10,-1.610244e-11,1.381438e-08,0.0000,99.8289,0.1711,1.441311e+02
150700,5.532011e-06,2.932060e+01,1.740365e-11,3.425826e-04,0.000000e+00,3.406473e-04,3.416081e-04,0.000000e+00,1.375432e-08,-6.632333e-10,2.631834e-10,-4.143960e-12,-6.709780e-10,-1.618012e-11,1.375846e-08,0.0000,99.8287,0.1713,1.445111e+02
150800,5.535682e-06,2.930670e+01,1.739540e-11,3.405566e-04,0.000000e+00,3.451832e-04,3.428032e-04,0.000000e+00,1.392282e-08,-6.730683e-10,2.407155e-10,-4.193933e-12,-6.711831e-10,-1.606151e-11,1.392702e-08,0.0000,99.8297,0.1703,1.442223e+02
150900,5.539353e-06,2.930215e+01,1.739270e-11,3.401937e-04,0.000000e+00,3.412218e-04,3.409295e-04,0.000000e+00,1.376732e-08,-6.588529e-10,2.408145e-10,-4.180271e-12,-6.673818e-10,-1.585878e-11,1.377150e-08,0.0000,99.8300,0.1700,1.442997e+02
151000,5.543024e-06,2.927681e+01,1.737766e-11,3.388329e-04,0.000000e+00,3.417964e-04,3.429299e-04,0.000000e+00,1.379199e-08,-6.631740e-10,2.322370e-10,-4.068434e-12,-6.668319e-10,-1.573276e-11,1.379606e-08,0.0000,99.8307,0.1693,1.443293e+02
151100,5.546695e-06,2.928931e+01,1.738508e-11,3.427338e-04,0.000000e+00,3.380165e-04,3.407137e-04,0.000000e+00,1.363937e-08,-6.486466e-10,2.603659e-10,-4.037483e-12,-6.674177e-10,-1.588614e-11,1.364341e-08,0.0000,99.8299,0.1701,1.443233e+02
151200,5.550366e-06,2.929870e+01,1.739065e-11,3.409194e-04,0.000000e+00,3.415545e-04,3.394016e-04,0.000000e+00,1.378422e-08,-6.607570e-10,2.566322e-10,-3.693507e-12,-6.682118e-10,-1.599025e-11,1.378791e-08,0.0000,99.8302,0.1698,1.443678e+02
151300,5.554036e-06,2.930716e+01,1.739568e-11,3.423709e-04,0.000000e+00,3.427640e-04,3.410015e-04,0.000000e+00,1.383677e-08,-6.686949e-10,2.303740e-10,-3.708893e-12,-6.685558e-10,-1.595725e-11,1.384048e-08,0.0000,99.8303,0.1697,1.444580e+02
151400,5.557707e-06,2.932352e+01,1.740539e-11,3.424314e-04,0.000000e+00,3.399820e-04,3.397865e-04,0.000000e+00,1.372807e-08,-6.547159e-10,2.420459e-10,-3.488351e-12,-6.688794e-10,-1.581080e-11,1.373156e-08,0.0000,99.8300,0.1700,1.445187e+02
151500,5.561378e-06,2.932340e+01,1.740531e-11,3.402542e-04,0.000000e+00,3.420383e-04,3.402743e-04,0.000000e+00,1.380466e-08,-6.608285e-10,2.517528e-10,-3.794128e-12,-6.695672e-10,-1.589813e-11,1.380845e-08,0.0000,99.8304,0.1696,1.443908e+02
151600,5.565049e-06,2.934633e+01,1.741892e-11,3.441853e-04,0.000000e+00,3.403449e-04,3.404776e-04,0.000000e+00,1.372810e-08,-6.574244e-10,2.504930e-10,-3.867952e-12,-6.691964e-10,-1.602245e-11,1.373197e-08,0.0000,99.8298,0.1702,1.442265e+02
151700,5.568720e-06,2.934394e+01,1.741751e-11,3.406473e-04,0.000000e+00,3.430967e-04,3.410335e-04,0.000000e+00,1.384191e-08,-6.652089e-10,2.606029e-10,-3.928720e-12,-6.704361e-10,-1.598274e-11,1.384584e-08,0.0000,99.8304,0.1696,1.442832e+02
151800,5.572391e-06,2.936445e+01,1.742968e-11,3.443063e-04,0.000000e+00,3.427036e-04,3.409901e-04,0.000000e+00,1.383453e-08,-6.628595e-10,2.526897e-10,-3.929462e-12,-6.709630e-10,-1.592232e-11,1.383846e-08,0.0000,99.8302,0.1698,1.444508e+02
151900,5.576062e-06,2.938408e+01,1.744134e-11,3.465440e-04,0.000000e+00,3.434293e-04,3.433687e-04,0.000000e+00,1.385914e-08,-6.654800e-10,2.464478e-10,-3.950848e-12,-6.725004e-10,-1.590635e-11,1.386309e-08,0.0000,99.8297,0.1703,1.443613e+02
152000,5.579733e-06,2.938976e+01,1.744470e-11,3.404356e-04,0.000000e+00,3.420685e-04,3.395184e-04,0.000000e+00,1.381325e-08,-6.586009e-10,2.529199e-10,-3.809241e-12,-6.729002e-10,-1.616192e-11,1.381706e-08,0.0000,99.8301,0.1699,1.445383e+02
152100,5.583403e-06,2.938443e+01,1.744154e-11,3.415242e-04,0.000000e+00,3.452739e-04,3.423851e-04,0.000000e+00,1.394435e-08,-6.667731e-10,2.250376e-10,-3.703845e-12,-6.712666e-10,-1.623588e-11,1.394805e-08,0.0000,99.8310,0.1690,1.445807e+02
152200,5.587074e-06,2.936767e+01,1.743160e-11,3.400425e-04,0.000000e+00,3.429757e-04,3.427523e-04,0.000000e+00,1.383056e-08,-6.731722e-10,2.481940e-10,-3.626019e-12,-6.678228e-10,-1.604349e-11,1.383419e-08,0.0000,99.8317,0.1683,1.441564e+02
152300,5.590745e-06,2.937736e+01,1.743735e-11,3.424012e-04,0.000000e+00,3.396796e-04,3.408348e-04,0.000000e+00,1.370621e-08,-6.582306e-10,2.428932e-10,-3.149185e-12,-6.686387e-10,-1.565314e-11,1.370936e-08,0.0000,99.8313,0.1687,1.443305e+02
152400,5.594416e-06,2.939065e+01,1.744523e-11,3.446389e-04,0.000000e+00,3.402239e-04,3.424909e-04,0.000000e+00,1.372915e-08,-6.586303e-10,2.367745e-10,-2.820852e-12,-6.693997e-10,-1.555759e-11,1.373197e-08,0.0000,99.8305,0.1695,1.443404e+02
152500,5.598087e-06,2.939041e+01,1.744509e-11,3.432176e-04,0.000000e+00,3.437015e-04,3.432561e-04,0.000000e+00,1.387269e-08,-6.519076e-10,2.365602e-10,-2.924392e-12,-6.725199e-10,-1.576928e-11,1.387561e-08,0.0000,99.8307,0.1693,1.443879e+02
152600,5.601758e-06,2.937572e+01,1.743637e-11,3.420988e-04,0.000000e+00,3.400727e-04,3.444742e-04,0.000000e+00,1.372505e-08,-6.543741e-10,2.523475e-10,-3.463017e-12,-6.726033e-10,-1.610261e-11,1.372851e-08,0.0000,99.8304,0.1696,1.443848e+02
152700,5.605429e-06,2.939666e+01,1.744880e-11,3.459694e-04,0.000000e+00,3.466045e-04,3.425837e-04,0.000000e+00,1.398480e-08,-6.697887e-10,2.646787e-10,-3.477729e-12,-6.730979e-10,-1.604776e-11,1.398828e-08,0.0000,99.8307,0.1693,1.443054e+02
152800,5.609100e-06,2.938509e+01,1.744193e-11,3.424919e-04,0.000000e+00,3.420685e-04,3.443616e-04,0.000000e+00,1.380736e-08,-6.632984e-10,2.539558e-10,-3.665255e-12,-6.740407e-10,-1.613279e-11,1.381102e-08,0.0000,99.8307,0.1693,1.444255e+02
152900,5.612770e-06,2.937269e+01,1.743457e-11,3.408287e-04,0.000000e+00,3.437317e-04,3.428337e-04,0.000000e+00,1.387541e-08,-6.644906e-10,2.606878e-10,-3.689526e-12,-6.725504e-10,-1.610206e-11,1.387910e-08,0.0000,99.8314,0.1686,1.444481e+02
153000,5.616441e-06,2.937343e+01,1.743501e-11,3.432479e-04,0.000000e+00,3.463021e-04,3.431295e-04,0.000000e+00,1.396773e-08,-6.717249e-10,2.508071e-10,-3.512747e-12,-6.695451e-10,-1.601058e-11,1.397124e-08,0.0000,99.8321,0.1679,1.442151e+02
153100,5.620112e-06,2.935572e+01,1.742450e-11,3.406170e-04,0.000000e+00,3.396494e-04,3.434806e-04,0.000000e+00,1.371362e-08,-6.541331e-10,2.505134e-10,-3.328465e-12,-6.689183e-10,-1.590567e-11,1.371695e-08,0.0000,99.8320,0.1680,1.444948e+02
153200,5.623783e-06,2.933209e+01,1.741047e-11,3.402239e-04,0.000000e+00,3.428245e-04,3.440449e-04,0.000000e+00,1.383804e-08,-6.626703e-10,2.439745e-10,-3.238070e-12,-6.676947e-10,-1.598439e-11,1.384128e-08,0.0000,99.8326,0.1674,1.444269e+02
153300,5.627454e-06,2.930921e+01,1.739690e-11,3.385910e-04,0.000000e+00,3.421895e-04,3.422890e-04,0.000000e+00,1.381884e-08,-6.589053e-10,2.359163e-10,-3.226311e-12,-6.650528e-10,-1.603553e-11,1.382207e-08,0.0000,99.8335,0.1665,1.445556e+02
153400,5.631125e-06,2.931091e+01,1.739790e-11,3.425826e-04,0.000000e+00,3.394982e-04,3.423085e-04,0.000000e+00,1.369261e-08,-6.609733e-10,2.533148e-10,-3.522409e-12,-6.657664e-10,-1.605792e-11,1.369613e-08,0.0000,99.8330,0.1670,1.442043e+02
153500,5.634796e-06,2.929421e+01,1.738799e-11,3.427036e-04,0.000000e+00,3.399518e-04,3.454036e-04,0.000000e+00,1.372086e-08,-6.646861e-10,2.466832e-10,-3.668117e-12,-6.676883e-10,-1.598639e-11,1.372452e-08,0.0000,99.8325,0.1675,1.443941e+02
153600,5.638467e-06,2.928203e+01,1.738076e-11,3.408892e-04,0.000000e+00,3.405868e-04,3.428592e-04,0.000000e+00,1.375415e-08,-6.586392e-10,2.342443e-10,-3.863342e-12,-6.694390e-10,-1.604114e-11,1.375802e-08,0.0000,99.8326,0.1674,1.445552e+02
153700,5.642137e-06,2.927668e+01,1.737758e-11,3.431874e-04,0.000000e+00,3.417661e-04,3.440520e-04,0.000000e+00,1.379336e-08,-6.642300e-10,2.564934e-10,-3.658998e-12,-6.696871e-10,-1.599619e-11,1.379702e-08,0.0000,99.8324,0.1676,1.443890e+02
153800,5.645808e-06,2.928139e+01,1.738038e-11,3.410706e-04,0.000000e+00,3.417964e-04,3.403088e-04,0.000000e+00,1.379562e-08,-6.635802e-10,2.372780e-10,-3.421128e-12,-6.691729e-10,-1.582054e-11,1.379905e-08,0.0000,99.8327,0.1673,1.444032e+02
153900,5.649479e-06,2.927165e+01,1.737460e-11,3.411311e-04,0.000000e+00,3.415242e-04,3.427058e-04,0.000000e+00,1.378484e-08,-6.578022e-10,2.390270e-10,-3.748502e-12,-6.695682e-10,-1.592089e-11,1.378859e-08,0.0000,99.8329,0.1671,1.444161e+02
154000,5.653150e-06,2.925925e+01,1.736724e-11,3.407078e-04,0.000000e+00,3.439434e-04,3.427141e-04,0.000000e+00,1.387967e-08,-6.599071e-10,2.438355e-10,-3.882001e-12,-6.682926e-10,-1.595939e-11,1.388355e-08,0.0000,99.8336,0.1664,1.443488e+02
154100,5.656821e-06,2.926688e+01,1.737177e-11,3.417057e-04,0.000000e+00,3.418871e-04,3.404705e-04,0.000000e+00,1.379856e-08,-6.666952e-10,2.181602e-10,-3.716722e-12,-6.679430e-10,-1.590561e-11,1.380228e-08,0.0000,99.8338,0.1662,1.444016e+02
154200,5.660492e-06,2.928137e+01,1.738037e-11,3.433386e-04,0.000000e+00,3.412521e-04,3.409970e-04,0.000000e+00,1.378349e-08,-6.598579e-10,2.552124e-10,-3.678412e-12,-6.681898e-10,-1.590312e-11,1.378717e-08,0.0000,99.8335,0.1665,1.446112e+02
154300,5.664163e-06,2.926409e+01,1.737011e-11,3.424919e-04,0.000000e+00,3.403146e-04,3.452861e-04,0.000000e+00,1.373940e-08,-6.570412e-10,2.488361e-10,-3.802978e-12,-6.705737e-10,-1.588430e-11,1.374320e-08,0.0000,99.8331,0.1669,1.444774e+02
154400,5.667834e-06,2.927694e+01,1.737774e-11,3.425221e-04,0.000000e+00,3.408590e-04,3.404430e-04,0.000000e+00,1.375523e-08,-6.629097e-10,2.376041e-10,-4.012487e-12,-6.708223e-10,-1.589877e-11,1.375924e-08,0.0000,99.8329,0.1671,1.443571e+02
154500,5.671504e-06,2.929753e+01,1.738996e-11,3.435200e-04,0.000000e+00,3.442155e-04,3.401907e-04,0.000000e+00,1.389040e-08,-6.583292e-10,2.508144e-10,-4.127925e-12,-6.717170e-10,-1.595502e-11,1.389453e-08,0.0000,99.8332,0.1668,1.443438e+02
154600,5.675175e-06,2.931372e+01,1.739957e-11,3.432781e-04,0.000000e+00,3.426733e-04,3.406617e-04,0.000000e+00,1.383029e-08,-6.691132e-10,2.392804e-10,-4.238084e-12,-6.724549e-10,-1.604891e-11,1.383452e-08,0.0000,99.8332,0.1668,1.443970e+02
154700,5.678846e-06,2.931264e+01,1.739893e-11,3.413428e-04,0.000000e+00,3.422197e-04,3.415167e-04,0.000000e+00,1.381805e-08,-6.558602e-10,2.507933e-10,-4.268215e-12,-6.714175e-10,-1.608659e-11,1.382232e-08,0.0000,99.8335,0.1665,1.445126e+02
154800,5.682517e-06,2.930256e+01,1.739294e-11,3.395284e-04,0.000000e+00,3.450622e-04,3.411587e-04,0.000000e+00,1.392714e-08,-6.676409e-10,2.503478e-10,-4.348085e-12,-6.695528e-10,-1.612422e-11,1.393148e-08,0.0000,99.8346,0.1654,1.444061e+02
154900,5.686188e-06,2.929976e+01,1.739128e-11,3.419173e-04,0.000000e+00,3.388632e-04,3.423703e-04,0.000000e+00,1.367428e-08,-6.564161e-10,2.645801e-10,-4.238114e-12,-6.684733e-10,-1.602939e-11,1.367852e-08,0.0000,99.8342,0.1658,1.443466e+02
155000,5.689859e-06,2.928718e+01,1.738382e-11,3.386212e-04,0.000000e+00,3.430967e-04,3.406544e-04,0.000000e+00,1.384646e-08,-6.717132e-10,2.430479e-10,-4.116715e-12,-6.669033e-10,-1.598690e-11,1.385057e-08,0.0000,99.8351,0.1649,1.443805e+02
155100,5.693530e-06,2.929463e+01,1.738824e-11,3.418266e-04,0.000000e+00,3.402844e-04,3.406222e-04,0.000000e+00,1.373951e-08,-6.572998e-10,2.490888e-10,-3.884598e-12,-6.670034e-10,-1.583038e-11,1.374340e-08,0.0000,99.8349,0.1651,1.445045e+02
155200,5.697201e-06,2.929333e+01,1.738747e-11,3.419173e-04,0.000000e+00,3.396796e-04,3.421277e-04,0.000000e+00,1.370777e-08,-6.592464e-10,2.619060e-10,-3.718867e-12,-6.677686e-10,-1.581411e-11,1.371149e-08,0.0000,99.8346,0.1654,1.443592e+02
155300,5.700871e-06,2.928989e+01,1.738543e-11,3.409194e-04,0.000000e+00,3.402844e-04,3.414752e-04,0.000000e+00,1.373384e-08,-6.536532e-10,2.523331e-10,-3.630815e-12,-6.690347e-10,-1.594766e-11,1.373747e-08,0.0000,99.8346,0.1654,1.443829e+02
155400,5.704542e-06,2.930264e+01,1.739299e-11,3.430362e-04,0.000000e+00,3.414940e-04,3.409745e-04,0.000000e+00,1.378382e-08,-6.624326e-10,2.592451e-10,-3.571557e-12,-6.692329e-10,-1.590919e-11,1.378739e-08,0.0000,99.8344,0.1656,1.444151e+02
155500,5.708213e-06,2.930349e+01,1.739350e-11,3.425221e-04,0.000000e+00,3.410706e-04,3.423846e-04,0.000000e+00,1.376526e-08,-6.597523e-10,2.654660e-10,-3.305732e-12,-6.710028e-10,-1.571005e-11,1.376857e-08,0.0000,99.8342,0.1658,1.443800e+02
155600,5.711884e-06,2.930855e+01,1.739650e-11,3.424919e-04,0.000000e+00,3.428245e-04,3.416743e-04,0.000000e+00,1.384478e-08,-6.604767e-10,2.440514e-10,-3.528024e-12,-6.710425e-10,-1.590288e-11,1.384831e-08,0.0000,99.8344,0.1656,1.445562e+02
155700,5.715555e-06,2.931396e+01,1.739971e-11,3.435503e-04,0.000000e+00,3.437619e-04,3.426753e-04,0.000000e+00,1.387735e-08,-6.558870e-10,2.296741e-10,-3.823148e-12,-6.716577e-10,-1.600115e-11,1.388118e-08,0.0000,99.8346,0.1654,1.444498e+02
155800,5.719226e-06,2.930023e+01,1.739156e-11,3.413730e-04,0.000000e+00,3.419476e-04,3.435932e-04,0.000000e+00,1.380632e-08,-6.665700e-10,2.590937e-10,-3.955281e-12,-6.713581e-10,-1.619599e-11,1.381028e-08,0.0000,99.8348,0.1652,1.445152e+02
155900,5.722897e-06,2.930545e+01,1.739466e-11,3.418266e-04,0.000000e+00,3.433386e-04,3.409823e-04,0.000000e+00,1.386412e-08,-6.661736e-10,2.512473e-10,-3.965185e-12,-6.698051e-10,-1.610655e-11,1.386808e-08,0.0000,99.8352,0.1648,1.445325e+02
156000,5.726568e-06,2.932724e+01,1.740759e-11,3.459694e-04,0.000000e+00,3.419778e-04,3.424468e-04,0.000000e+00,1.379834e-08,-6.653668e-10,2.480282e-10,-4.004054e-12,-6.719690e-10,-1.610513e-11,1.380235e-08,0.0000,99.8345,0.1655,1.443136e+02
156100,5.730239e-06,2.933214e+01,1.741050e-11,3.418871e-04,0.000000e+00,3.417057e-04,3.410950e-04,0.000000e+00,1.379573e-08,-6.652166e-10,2.564029e-10,-3.877823e-12,-6.731855e-10,-1.607250e-11,1.379960e-08,0.0000,99.8346,0.1654,1.444827e+02
156200,5.733909e-06,2.933908e+01,1.741462e-11,3.440946e-04,0.000000e+00,3.430060e-04,3.429719e-04,0.000000e+00,1.385388e-08,-6.629287e-10,2.606537e-10,-4.115351e-12,-6.733884e-10,-1.617997e-11,1.385800e-08,0.0000,99.8345,0.1655,1.446103e+02
156300,5.737580e-06,2.934313e+01,1.741703e-11,3.437922e-04,0.000000e+00,3.453949e-04,3.431374e-04,0.000000e+00,1.393684e-08,-6.707107e-10,2.381792e-10,-4.127890e-12,-6.734415e-10,-1.617588e-11,1.394097e-08,0.0000,99.8349,0.1651,1.443283e+02
156400,5.741251e-06,2.933813e+01,1.741406e-11,3.420685e-04,0.000000e+00,3.423105e-04,3.428776e-04,0.000000e+00,1.382471e-08,-6.644922e-10,2.432779e-10,-4.190755e-12,-6.738889e-10,-1.615881e-11,1.382890e-08,0.0000,99.8351,0.1649,1.445841e+02
156500,5.744922e-06,2.934701e+01,1.741933e-11,3.443365e-04,0.000000e+00,3.443667e-04,3.429002e-04,0.000000e+00,1.388984e-08,-6.709105e-10,2.597206e-10,-3.978797e-12,-6.729843e-10,-1.599365e-11,1.389382e-08,0.0000,99.8352,0.1648,1.442090e+02
156600,5.748593e-06,2.933100e+01,1.740983e-11,3.407682e-04,0.000000e+00,3.442155e-04,3.433564e-04,0.000000e+00,1.389264e-08,-6.621478e-10,2.575340e-10,-3.777720e-12,-6.714747e-10,-1.585670e-11,1.389642e-08,0.0000,99.8360,0.1640,1.443842e+02
156700,5.752264e-06,2.933609e+01,1.741285e-11,3.419778e-04,0.000000e+00,3.419173e-04,3.411557e-04,0.000000e+00,1.379475e-08,-6.601557e-10,2.516956e-10,-4.021623e-12,-6.705871e-10,-1.602530e-11,1.379877e-08,0.0000,99.8361,0.1639,1.442775e+02
156800,5.755935e-06,2.933254e+01,1.741074e-11,3.426733e-04,0.000000e+00,3.415242e-04,3.432461e-04,0.000000e+00,1.378444e-08,-6.598207e-10,2.620341e-10,-3.746841e-12,-6.695579e-10,-1.602609e-11,1.378819e-08,0.0000,99.8359,0.1641,1.443996e+02
156900,5.759606e-06,2.932483e+01,1.740616e-11,3.417057e-04,0.000000e+00,3.423105e-04,3.429531e-04,0.000000e+00,1.381787e-08,-6.665897e-10,2.483878e-10,-3.582314e-12,-6.693939e-10,-1.601614e-11,1.382146e-08,0.0000,99.8362,0.1638,1.444488e+02
157000,5.763276e-06,2.930678e+01,1.739545e-11,3.414940e-04,0.000000e+00,3.422197e-04,3.444132e-04,0.000000e+00,1.380666e-08,-6.618392e-10,2.410491e-10,-3.622347e-12,-6.700060e-10,-1.594417e-11,1.381028e-08,0.0000,99.8364,0.1636,1.442753e+02
157100,5.766947e-06,2.927738e+01,1.737800e-11,3.393470e-04,0.000000e+00,3.422802e-04,3.441008e-04,0.000000e+00,1.381528e-08,-6.649121e-10,2.451239e-10,-3.394897e-12,-6.677064e-10,-1.583367e-11,1.381867e-08,0.0000,99.8371,0.1629,1.444157e+02
157200,5.770618e-06,2.926706e+01,1.737187e-11,3.410404e-04,0.000000e+00,3.409799e-04,3.427086e-04,0.000000e+00,1.375978e-08,-6.579499e-10,2.473158e-10,-3.356699e-12,-6.668089e-10,-1.583966e-11,1.376314e-08,0.0000,99.8372,0.1628,1.443418e+02
157300,5.774289e-06,2.925028e+01,1.736192e-11,3.405868e-04,0.000000e+00,3.408892e-04,3.432994e-04,0.000000e+00,1.375583e-08,-6.568732e-10,2.276362e-10,-3.379071e-12,-6.662829e-10,-1.586645e-11,1.375920e-08,0.0000,99.8373,0.1627,1.443395e+02
157400,5.777960e-06,2.925683e+01,1.736580e-11,3.429152e-04,0.000000e+00,3.393470e-04,3.418558e-04,0.000000e+00,1.370731e-08,-6.587776e-10,2.609260e-10,-3.575964e-12,-6.692170e-10,-1.597654e-11,1.371088e-08,0.0000,99.8368,0.1632,1.446267e+02
157500,5.781631e-06,2.924168e+01,1.735681e-11,3.407682e-04,0.000000e+00,3.413428e-04,3.432182e-04,0.000000e+00,1.376989e-08,-6.605449e-10,2.579488e-10,-3.641899e-12,-6.697109e-10,-1.600684e-11,1.377353e-08,0.0000,99.8370,0.1630,1.442543e+02
157600,5.785302e-06,2.923184e+01,1.735097e-11,3.404054e-04,0.000000e+00,3.424314e-04,3.419968e-04,0.000000e+00,1.382806e-08,-6.657021e-10,2.381138e-10,-3.743962e-12,-6.681919e-10,-1.604387e-11,1.383180e-08,0.0000,99.8375,0.1625,1.445456e+02
157700,5.788973e-06,2.921953e+01,1.734366e-11,3.423407e-04,0.000000e+00,3.425524e-04,3.443315e-04,0.000000e+00,1.382221e-08,-6.603071e-10,2.657002e-10,-3.789879e-12,-6.679136e-10,-1.590712e-11,1.382600e-08,0.0000,99.8376,0.1624,1.443205e+02
157800,5.792643e-06,2.922586e+01,1.734742e-11,3.424616e-04,0.000000e+00,3.398611e-04,3.414387e-04,0.000000e+00,1.371348e-08,-6.606565e-10,2.542889e-10,-4.127686e-12,-6.687234e-10,-1.593107e-11,1.371761e-08,0.0000,99.8372,0.1628,1.443225e+02
157900,5.796314e-06,2.920416e+01,1.733454e-11,3.402542e-04,0.000000e+00,3.409194e-04,3.437618e-04,0.000000e+00,1.376685e-08,-6.577049e-10,2.351744e-10,-4.095523e-12,-6.699011e-10,-1.600182e-11,1.377095e-08,0.0000,99.8375,0.1625,1.445407e+02
158000,5.799985e-06,2.921707e+01,1.734220e-11,3.448808e-04,0.000000e+00,3.434596e-04,3.427935e-04,0.000000e+00,1.385842e-08,-6.666762e-10,2.593952e-10,-4.093007e-12,-6.710782e-10,-1.592463e-11,1.386251e-08,0.0000,99.8373,0.1627,1.443209e+02
158100,5.803656e-06,2.923940e+01,1.735546e-11,3.439131e-04,0.000000e+00,3.416754e-04,3.403029e-04,0.000000e+00,1.379935e-08,-6.608371e-10,2.551353e-10,-4.022574e-12,-6.725286e-10,-1.586111e-11,1.380337e-08,0.0000,99.8370,0.1630,1.445866e+02
158200,5.807327e-06,2.922827e+01,1.734885e-11,3.398913e-04,0.000000e+00,3.432479e-04,3.416914e-04,0.000000e+00,1.386499e-08,-6.600709e-10,2.550668e-10,-3.989548e-12,-6.718291e-10,-1.604613e-11,1.386898e-08,0.0000,99.8377,0.1623,1.446186e+02
158300,5.810998e-06,2.920909e+01,1.733747e-11,3.402844e-04,0.000000e+00,3.441248e-04,3.433843e-04,0.000000e+00,1.389687e-08,-6.661765e-10,2.482915e-10,-4.198686e-12,-6.694213e-10,-1.602877e-11,1.390107e-08,0.0000,99.8386,0.1614,1.445591e+02
158400,5.814669e-06,2.924008e+01,1.735586e-11,3.449110e-04,0.000000e+00,3.401030e-04,3.399004e-04,0.000000e+00,1.373176e-08,-6.586132e-10,2.464168e-10,-4.120317e-12,-6.685514e-10,-1.594144e-11,1.373588e-08,0.0000,99.8377,0.1623,1.445000e+02
158500,5.818340e-06,2.924447e+01,1.735846e-11,3.422802e-04,0.000000e+00,3.410706e-04,3.415714e-04,0.000000e+00,1.376438e-08,-6.576363e-10,2.450097e-10,-4.259328e-12,-6.703647e-10,-1.612280e-11,1.376864e-08,0.0000,99.8376,0.1624,1.443598e+02
158600,5.822010e-06,2.923164e+01,1.735085e-11,3.382584e-04,0.000000e+00,3.430362e-04,3.403321e-04,0.000000e+00,1.385196e-08,-6.690014e-10,2.389440e-10,-4.019889e-12,-6.702927e-10,-1.611817e-11,1.385598e-08,0.0000,99.8386,0.1614,1.445372e+02
158700,5.825681e-06,2.924872e+01,1.736099e-11,3.434596e-04,0.000000e+00,3.420988e-04,3.406979e-04,0.000000e+00,1.380993e-08,-6.681182e-10,2.442470e-10,-4.026433e-12,-6.678883e-10,-1.601972e-11,1.381395e-08,0.0000,99.8385,0.1615,1.444583e+02
158800,5.829352e-06,2.923377e+01,1.735211e-11,3.418266e-04,0.000000e+00,3.407985e-04,3.442445e-04,0.000000e+00,1.374828e-08,-6.563555e-10,2.577336e-10,-4.048765e-12,-6.688601e-10,-1.587715e-11,1.375233e-08,0.0000,99.8384,0.1616,1.442538e+02
158900,5.833023e-06,2.923387e+01,1.735217e-11,3.405263e-04,0.000000e+00,3.415545e-04,3.405101e-04,0.000000e+00,1.379612e-08,-6.650057e-10,2.525963e-10,-4.011065e-12,-6.694092e-10,-1.598126e-11,1.380013e-08,0.0000,99.8387,0.1613,1.446214e+02
159000,5.836694e-06,2.924568e+01,1.735918e-11,3.426128e-04,0.000000e+00,3.426733e-04,3.407038e-04,0.000000e+00,1.383258e-08,-6.603456e-10,2.539749e-10,-3.956354e-12,-6.696359e-10,-1.600662e-11,1.383653e-08,0.0000,99.8388,0.1612,1.444352e+02
159100,5.840365e-06,2.924287e+01,1.735752e-11,3.399820e-04,0.000000e+00,3.385910e-04,3.404349e-04,0.000000e+00,1.367205e-08,-6.587804e-10,2.460214e-10,-3.902496e-12,-6.696818e-10,-1.612433e-11,1.367595e-08,0.0000,99.8386,0.1614,1.445286e+02
159200,5.844036e-06,2.924546e+01,1.735905e-11,3.417964e-04,0.000000e+00,3.428850e-04,3.413780e-04,0.000000e+00,1.383864e-08,-6.607589e-10,2.459314e-10,-3.775326e-12,-6.692689e-10,-1.612745e-11,1.384242e-08,0.0000,99.8390,0.1610,1.443785e+02
159300,5.847707e-06,2.924431e+01,1.735837e-11,3.420685e-04,0.000000e+00,3.436712e-04,3.422546e-04,0.000000e+00,1.387101e-08,-6.718317e-10,2.577654e-10,-3.785406e-12,-6.691509e-10,-1.604954e-11,1.387480e-08,0.0000,99.8394,0.1606,1.444070e+02
159400,5.851377e-06,2.925227e+01,1.736309e-11,3.433386e-04,0.000000e+00,3.383793e-04,3.420524e-04,0.000000e+00,1.366207e-08,-6.572730e-10,2.658096e-10,-3.675779e-12,-6.693189e-10,-1.607445e-11,1.366574e-08,0.0000,99.8385,0.1615,1.444942e+02
159500,5.855048e-06,2.925235e+01,1.736314e-11,3.430060e-04,0.000000e+00,3.437619e-04,3.429920e-04,0.000000e+00,1.388059e-08,-6.650672e-10,2.425811e-10,-3.641769e-12,-6.704612e-10,-1.604733e-11,1.388423e-08,0.0000,99.8388,0.1612,1.445223e+02
159600,5.858719e-06,2.927320e+01,1.737552e-11,3.428850e-04,0.000000e+00,3.415545e-04,3.395135e-04,0.000000e+00,1.378623e-08,-6.658201e-10,2.226425e-10,-3.663048e-12,-6.710799e-10,-1.593742e-11,1.378990e-08,0.0000,99.8386,0.1614,1.444215e+02
159700,5.862390e-06,2.927447e+01,1.737627e-11,3.421290e-04,0.000000e+00,3.432176e-04,3.419247e-04,0.000000e+00,1.385332e-08,-6.634302e-10,2.591899e-10,-3.522526e-12,-6.723334e-10,-1.588026e-11,1.385684e-08,0.0000,99.8389,0.1611,1.444183e+02
159800,5.866061e-06,2.930369e+01,1.739362e-11,3.447901e-04,0.000000e+00,3.425524e-04,3.400650e-04,0.000000e+00,1.383363e-08,-6.606941e-10,2.404787e-10,-3.650346e-12,-6.717359e-10,-1.588349e-11,1.383728e-08,0.0000,99.8386,0.1614,1.445630e+02
159900,5.869732e-06,2.929567e+01,1.738886e-11,3.423407e-04,0.000000e+00,3.419778e-04,3.436369e-04,0.000000e+00,1.380678e-08,-6.570873e-10,2.526043e-10,-3.973207e-12,-6.720642e-10,-1.602323e-11,1.381075e-08,0.0000,99.8387,0.1613,1.444858e+02
160000,5.873403e-06,2.928718e+01,1.738382e-11,3.417359e-04,0.000000e+00,3.445482e-04,3.431092e-04,0.000000e+00,1.390426e-08,-6.698747e-10,2.694506e-10,-3.755785e-12,-6.724514e-10,-1.599359e-11,1.390801e-08,0.0000,99.8393,0.1607,1.443629e+02
160100,5.877074e-06,2.928420e+01,1.738205e-11,3.420988e-04,0.000000e+00,3.421290e-04,3.425803e-04,0.000000e+00,1.380932e-08,-6.606678e-10,2.439035e-10,-3.335594e-12,-6.713204e-10,-1.583627e-11,1.381265e-08,0.0000,99.8394,0.1606,1.444085e+02
160200,5.880744e-06,2.927847e+01,1.737865e-11,3.409497e-04,0.000000e+00,3.435503e-04,3.418767e-04,0.000000e+00,1.386957e-08,-6.598774e-10,2.701773e-10,-3.548014e-12,-6.691601e-10,-1.594083e-11,1.387312e-08,0.0000,99.8400,0.1600,1.444749e+02
160300,5.884415e-06,2.929131e+01,1.738627e-11,3.466045e-04,0.000000e+00,3.418569e-04,3.445274e-04,0.000000e+00,1.379528e-08,-6.596298e-10,2.443353e-10,-3.498801e-12,-6.705965e-10,-1.600162e-11,1.379878e-08,0.0000,99.8392,0.1608,1.443437e+02
160400,5.888086e-06,2.928102e+01,1.738016e-11,3.418266e-04,0.000000e+00,3.391353e-04,3.434909e-04,0.000000e+00,1.368364e-08,-6.591022e-10,2.429162e-10,-3.481890e-12,-6.733432e-10,-1.608866e-11,1.368712e-08,0.0000,99.8388,0.1612,1.443154e+02
160500,5.891757e-06,2.927561e+01,1.737695e-11,3.417057e-04,0.000000e+00,3.439434e-04,3.425807e-04,0.000000e+00,1.388449e-08,-6.660354e-10,2.640689e-10,-3.566748e-12,-6.726006e-10,-1.599307e-11,1.388806e-08,0.0000,99.8393,0.1607,1.444599e+02
160600,5.895428e-06,2.927636e+01,1.737740e-11,3.422802e-04,0.000000e+00,3.473604e-04,3.421582e-04,0.000000e+00,1.401052e-08,-6.754076e-10,2.606169e-10,-3.166094e-12,-6.699998e-10,-1.588532e-11,1.401369e-08,0.0000,99.8404,0.1596,1.442194e+02
160700,5.899099e-06,2.926647e+01,1.737152e-11,3.422802e-04,0.000000e+00,3.391655e-04,3.438802e-04,0.000000e+00,1.368248e-08,-6.466850e-10,2.421644e-10,-3.197363e-12,-6.703794e-10,-1.591679e-11,1.368568e-08,0.0000,99.8399,0.1601,1.442503e+02
160800,5.902770e-06,2.924347e+01,1.735787e-11,3.395889e-04,0.000000e+00,3.425524e-04,3.433084e-04,0.000000e+00,1.383307e-08,-6.680128e-10,2.479534e-10,-3.264054e-12,-6.693770e-10,-1.600565e-11,1.383633e-08,0.0000,99.8405,0.1595,1.445584e+02
160900,5.906441e-06,2.922016e+01,1.734404e-11,3.412218e-04,0.000000e+00,3.422802e-04,3.449904e-04,0.000000e+00,1.381269e-08,-6.600349e-10,2.587511e-10,-3.171109e-12,-6.678689e-10,-1.597939e-11,1.381586e-08,0.0000,99.8408,0.1592,1.443525e+02
161000,5.910111e-06,2.921245e+01,1.733946e-11,3.423709e-04,0.000000e+00,3.407985e-04,3.436174e-04,0.000000e+00,1.376152e-08,-6.639633e-10,2.430724e-10,-3.291346e-12,-6.683998e-10,-1.588440e-11,1.376481e-08,0.0000,99.8407,0.1593,1.445444e+02
161100,5.913782e-06,2.920014e+01,1.733215e-11,3.407985e-04,0.000000e+00,3.407078e-04,3.427885e-04,0.000000e+00,1.376120e-08,-6.587804e-10,2.503283e-10,-3.172817e-12,-6.685569e-10,-1.584060e-11,1.376437e-08,0.0000,99.8407,0.1593,1.446071e+02
161200,5.917453e-06,2.918447e+01,1.732285e-11,3.416149e-04,0.000000e+00,3.425826e-04,3.441499e-04,0.000000e+00,1.383409e-08,-6.607968e-10,2.327236e-10,-3.132731e-12,-6.687848e-10,-1.590274e-11,1.383723e-08,0.0000,99.8410,0.1590,1.445424e+02
161300,5.921124e-06,2.916616e+01,1.731198e-11,3.384700e-04,0.000000e+00,3.417661e-04,3.414298e-04,0.000000e+00,1.380262e-08,-6.595030e-10,2.527857e-10,-3.554852e-12,-6.658397e-10,-1.589317e-11,1.380617e-08,0.0000,99.8417,0.1583,1.445737e+02
161400,5.924795e-06,2.919187e+01,1.732725e-11,3.448506e-04,0.000000e+00,3.412823e-04,3.406931e-04,0.000000e+00,1.377987e-08,-6.555122e-10,2.434872e-10,-3.667437e-12,-6.682531e-10,-1.593178e-11,1.378354e-08,0.0000,99.8412,0.1588,1.445049e+02
161500,5.928466e-06,2.918070e+01,1.732061e-11,3.413428e-04,0.000000e+00,3.401937e-04,3.431502e-04,0.000000e+00,1.374127e-08,-6.601016e-10,2.601611e-10,-3.778146e-12,-6.686840e-10,-1.598360e-11,1.374505e-08,0.0000,99.8411,0.1589,1.446232e+02
161600,5.932137e-06,2.917714e+01,1.731850e-11,3.418266e-04,0.000000e+00,3.420988e-04,3.424019e-04,0.000000e+00,1.381182e-08,-6.645097e-10,2.209509e-10,-3.858719e-12,-6.701967e-10,-1.606667e-11,1.381568e-08,0.0000,99.8412,0.1588,1.445020e+02
161700,5.935808e-06,2.916810e+01,1.731313e-11,3.410404e-04,0.000000e+00,3.407985e-04,3.425020e-04,0.000000e+00,1.376032e-08,-6.629460e-10,2.499796e-10,-3.886014e-12,-6.683796e-10,-1.597702e-11,1.376421e-08,0.0000,99.8413,0.1587,1.445084e+02
161800,5.939478e-06,2.917130e+01,1.731503e-11,3.434898e-04,0.000000e+00,3.423709e-04,3.429726e-04,0.000000e+00,1.382246e-08,-6.621128e-10,2.495516e-10,-3.765529e-12,-6.700956e-10,-1.583298e-11,1.382622e-08,0.0000,99.8412,0.1588,1.444789e+02
161900,5.943149e-06,2.917255e+01,1.731578e-11,3.417359e-04,0.000000e+00,3.407078e-04,3.415333e-04,0.000000e+00,1.375312e-08,-6.609246e-10,2.639049e-10,-3.772919e-12,-6.709152e-10,-1.585243e-11,1.375689e-08,0.0000,99.8411,0.1589,1.444372e+02
162000,5.946820e-06,2.917669e+01,1.731824e-11,3.433688e-04,0.000000e+00,3.430664e-04,3.426988e-04,0.000000e+00,1.385078e-08,-6.550475e-10,2.623470e-10,-3.888318e-12,-6.711032e-10,-1.600426e-11,1.385467e-08,0.0000,99.8411,0.1589,1.444743e+02
162100,5.950491e-06,2.918425e+01,1.732272e-11,3.436712e-04,0.000000e+00,3.446086e-04,3.424496e-04,0.000000e+00,1.391322e-08,-6.674377e-10,2.511489e-10,-4.027885e-12,-6.710960e-10,-1.607486e-11,1.391725e-08,0.0000,99.8414,0.1586,1.444867e+02
162200,5.954162e-06,2.919341e+01,1.732816e-11,3.418266e-04,0.000000e+00,3.399518e-04,3.403453e-04,0.000000e+00,1.372142e-08,-6.612777e-10,2.410635e-10,-4.173210e-12,-6.719673e-10,-1.617388e-11,1.372560e-08,0.0000,99.8411,0.1589,1.444087e+02
162300,5.957833e-06,2.919035e+01,1.732634e-11,3.406170e-04,0.000000e+00,3.432479e-04,3.411126e-04,0.000000e+00,1.385625e-08,-6.676226e-10,2.609814e-10,-4.248734e-12,-6.703020e-10,-1.619435e-11,1.386050e-08,0.0000,99.8417,0.1583,1.444545e+02
162400,5.961504e-06,2.918165e+01,1.732118e-11,3.402239e-04,0.000000e+00,3.443667e-04,3.416294e-04,0.000000e+00,1.389634e-08,-6.702939e-10,2.607341e-10,-4.135730e-12,-6.682428e-10,-1.605619e-11,1.390048e-08,0.0000,99.8426,0.1574,1.443419e+02
162500,5.965175e-06,2.917279e+01,1.731592e-11,3.416452e-04,0.000000e+00,3.409497e-04,3.430779e-04,0.000000e+00,1.376035e-08,-6.655245e-10,2.415998e-10,-4.125451e-12,-6.669746e-10,-1.590355e-11,1.376447e-08,0.0000,99.8426,0.1574,1.443915e+02
162600,5.968845e-06,2.919038e+01,1.732636e-11,3.433386e-04,0.000000e+00,3.409497e-04,3.404941e-04,0.000000e+00,1.376141e-08,-6.563425e-10,2.263098e-10,-4.157339e-12,-6.682644e-10,-1.574329e-11,1.376557e-08,0.0000,99.8422,0.1578,1.443992e+02
162700,5.972516e-06,2.919698e+01,1.733027e-11,3.411311e-04,0.000000e+00,3.401332e-04,3.400654e-04,0.000000e+00,1.373487e-08,-6.576543e-10,2.367689e-10,-4.349138e-12,-6.699170e-10,-1.596868e-11,1.373922e-08,0.0000,99.8421,0.1579,1.445286e+02
162800,5.976187e-06,2.921340e+01,1.734002e-11,3.433991e-04,0.000000e+00,3.422197e-04,3.407433e-04,0.000000e+00,1.382482e-08,-6.591880e-10,2.646247e-10,-4.040293e-12,-6.704860e-10,-1.611234e-11,1.382886e-08,0.0000,99.8420,0.1580,1.446556e+02
162900,5.979858e-06,2.921437e+01,1.734060e-11,3.436410e-04,0.000000e+00,3.427338e-04,3.434840e-04,0.000000e+00,1.383814e-08,-6.708344e-10,2.434750e-10,-3.847684e-12,-6.707376e-10,-1.610923e-11,1.384199e-08,0.0000,99.8420,0.1580,1.445103e+02
163000,5.983529e-06,2.923502e+01,1.735286e-11,3.452739e-04,0.000000e+00,3.420081e-04,3.419342e-04,0.000000e+00,1.380457e-08,-6.640808e-10,2.455420e-10,-3.751183e-12,-6.722268e-10,-1.598197e-11,1.380833e-08,0.0000,99.8415,0.1585,1.444181e+02
163100,5.987200e-06,2.925419e+01,1.736424e-11,3.442458e-04,0.000000e+00,3.423407e-04,3.411463e-04,0.000000e+00,1.381924e-08,-6.588226e-10,2.631516e-10,-3.714204e-12,-6.743128e-10,-1.585649e-11,1.382296e-08,0.0000,99.8412,0.1588,1.444349e+02
163200,5.990871e-06,2.926378e+01,1.736993e-11,3.434898e-04,0.000000e+00,3.429152e-04,3.419402e-04,0.000000e+00,1.384049e-08,-6.640455e-10,2.266532e-10,-3.809836e-12,-6.752824e-10,-1.584392e-11,1.384429e-08,0.0000,99.8412,0.1588,1.444023e+02
163300,5.994542e-06,2.926426e+01,1.737021e-11,3.411916e-04,0.000000e+00,3.476326e-04,3.411128e-04,0.000000e+00,1.402894e-08,-6.704603e-10,2.587302e-10,-4.019617e-12,-6.729402e-10,-1.581683e-11,1.403296e-08,0.0000,99.8425,0.1575,1.443653e+02
163400,5.998213e-06,2.926117e+01,1.736838e-11,3.408287e-04,0.000000e+00,3.443667e-04,3.413284e-04,0.000000e+00,1.389891e-08,-6.598126e-10,2.417253e-10,-3.853522e-12,-6.699104e-10,-1.587473e-11,1.390276e-08,0.0000,99.8432,0.1568,1.443963e+02
163440,5.999681e-06,2.925785e+01,1.736641e-11,3.440492e-04,0.000000e+00,3.441248e-04,3.453915e-04,0.000000e+00,1.388360e-08,-6.530169e-10,2.580094e-10,-3.926376e-12,-6.691650e-10,-1.604763e-11,1.388752e-08,0.0000,99.8433,0.1567,1.442711e+02
