step,t,phi_body,Q_body,I_emit,I_body,I_escape,I_amb_e,I_amb_i,F_beam_N,F_beam_y_N,F_net_N,F_lorentz_z_N,F_lorentz_y_N,F_lorentz_beam_z_N,F_thrust_N,pct_body,pct_escape,pct_inflight,beam_escape_KE_mean
100,3.670877e-09,-2.703626e-02,-1.604775e-14,0.000000e+00,0.000000e+00,0.000000e+00,4.558045e-06,1.864050e-07,0.000000e+00,0.000000e+00,1.658962e-13,0.000000e+00,0.000000e+00,0.000000e+00,0.000000e+00,0.0000,0.0000,100.0000,nan
200,7.341753e-09,-5.324908e-02,-3.160674e-14,0.000000e+00,0.000000e+00,0.000000e+00,4.460404e-06,2.219107e-07,0.000000e+00,0.000000e+00,-5.764658e-13,0.000000e+00,0.000000e+00,0.000000e+00,0.000000e+00,0.0000,0.0000,100.0000,nan
300,1.101263e-08,-7.614070e-02,-4.519438e-14,0.000000e+00,0.000000e+00,0.000000e+00,3.972201e-06,2.707310e-07,0.000000e+00,0.000000e+00,-2.353712e-13,0.000000e+00,0.000000e+00,0.000000e+00,0.000000e+00,0.0000,0.0000,100.0000,nan
400,1.468351e-08,-9.705606e-02,-5.760898e-14,0.000000e+00,0.000000e+00,0.000000e+00,3.599391e-06,2.174725e-07,0.000000e+00,0.000000e+00,1.276933e-12,0.000000e+00,0.000000e+00,0.000000e+00,0.000000e+00,0.0000,0.0000,100.0000,nan
500,1.835438e-08,-1.158579e-01,-6.876910e-14,0.000000e+00,0.000000e+00,0.000000e+00,3.244334e-06,2.041578e-07,0.000000e+00,0.000000e+00,-1.794669e-13,0.000000e+00,0.000000e+00,0.000000e+00,0.000000e+00,0.0000,0.0000,100.0000,nan
600,2.202526e-08,-1.341108e-01,-7.960336e-14,0.000000e+00,0.000000e+00,0.000000e+00,3.137817e-06,1.864050e-07,0.000000e+00,0.000000e+00,-2.562419e-13,0.000000e+00,0.000000e+00,0.000000e+00,0.000000e+00,0.0000,0.0000,100.0000,nan
700,2.569614e-08,-1.473133e-01,-8.743988e-14,0.000000e+00,0.000000e+00,0.000000e+00,2.285680e-06,1.508993e-07,0.000000e+00,0.000000e+00,-4.563081e-13,0.000000e+00,0.000000e+00,0.000000e+00,0.000000e+00,0.0000,0.0000,100.0000,nan
800,2.936701e-08,-1.588964e-01,-9.431516e-14,0.000000e+00,0.000000e+00,0.000000e+00,2.068207e-06,1.952814e-07,0.000000e+00,0.000000e+00,5.194980e-13,0.000000e+00,0.000000e+00,0.000000e+00,0.000000e+00,0.0000,0.0000,100.0000,nan
900,3.303789e-08,-1.691345e-01,-1.003921e-13,0.000000e+00,0.000000e+00,0.000000e+00,1.868488e-06,2.130342e-07,0.000000e+00,0.000000e+00,5.147518e-13,0.000000e+00,0.000000e+00,0.000000e+00,0.000000e+00,0.0000,0.0000,100.0000,nan
1000,3.670877e-08,-1.775884e-01,-1.054101e-13,0.000000e+00,0.000000e+00,0.000000e+00,1.606633e-06,2.396635e-07,0.000000e+00,0.000000e+00,-2.316042e-13,0.000000e+00,0.000000e+00,0.000000e+00,0.000000e+00,0.0000,0.0000,100.0000,nan
1100,4.037964e-08,-1.854660e-01,-1.100859e-13,0.000000e+00,0.000000e+00,0.000000e+00,1.451296e-06,1.775285e-07,0.000000e+00,0.000000e+00,-1.605414e-13,0.000000e+00,0.000000e+00,0.000000e+00,0.000000e+00,0.0000,0.0000,100.0000,nan
1200,4.405052e-08,-1.909007e-01,-1.133118e-13,0.000000e+00,0.000000e+00,0.000000e+00,1.113992e-06,2.352253e-07,0.000000e+00,0.000000e+00,-3.817579e-13,0.000000e+00,0.000000e+00,0.000000e+00,0.000000e+00,0.0000,0.0000,100.0000,nan
1300,4.772140e-08,-1.957864e-01,-1.162118e-13,0.000000e+00,0.000000e+00,0.000000e+00,1.025227e-06,2.352253e-07,0.000000e+00,0.000000e+00,2.307032e-13,0.000000e+00,0.000000e+00,0.000000e+00,0.000000e+00,0.0000,0.0000,100.0000,nan
1400,5.139227e-08,-1.996841e-01,-1.185253e-13,0.000000e+00,0.000000e+00,0.000000e+00,8.343841e-07,2.041578e-07,0.000000e+00,0.000000e+00,-2.278888e-13,0.000000e+00,0.000000e+00,0.000000e+00,0.000000e+00,0.0000,0.0000,100.0000,nan
1500,5.506315e-08,-2.031425e-01,-1.205781e-13,0.000000e+00,0.000000e+00,0.000000e+00,7.855638e-07,2.263489e-07,0.000000e+00,0.000000e+00,-1.860892e-13,0.000000e+00,0.000000e+00,0.000000e+00,0.000000e+00,0.0000,0.0000,100.0000,nan
1600,5.873403e-08,-2.052285e-01,-1.218163e-13,0.000000e+00,0.000000e+00,0.000000e+00,6.612938e-07,3.239896e-07,0.000000e+00,0.000000e+00,-2.050696e-14,0.000000e+00,0.000000e+00,0.000000e+00,0.000000e+00,0.0000,0.0000,100.0000,nan
1700,6.240490e-08,-2.080282e-01,-1.234781e-13,0.000000e+00,0.000000e+00,0.000000e+00,6.612938e-07,2.085960e-07,0.000000e+00,0.000000e+00,-2.134088e-13,0.000000e+00,0.000000e+00,0.000000e+00,0.000000e+00,0.0000,0.0000,100.0000,nan
1800,6.607578e-08,-2.112671e-01,-1.254006e-13,0.000000e+00,0.000000e+00,0.000000e+00,6.967995e-07,1.730903e-07,0.000000e+00,0.000000e+00,4.968178e-13,0.000000e+00,0.000000e+00,0.000000e+00,0.000000e+00,0.0000,0.0000,100.0000,nan
1900,6.974666e-08,-2.132434e-01,-1.265736e-13,0.000000e+00,0.000000e+00,0.000000e+00,5.769677e-07,2.574164e-07,0.000000e+00,0.000000e+00,-2.842270e-13,0.000000e+00,0.000000e+00,0.000000e+00,0.000000e+00,0.0000,0.0000,100.0000,nan
2000,7.341753e-08,-2.146981e-01,-1.274371e-13,0.000000e+00,0.000000e+00,0.000000e+00,5.015181e-07,2.662928e-07,0.000000e+00,0.000000e+00,-1.311209e-13,0.000000e+00,0.000000e+00,0.000000e+00,0.000000e+00,0.0000,0.0000,100.0000,nan
2100,7.708841e-08,-2.154666e-01,-1.278932e-13,0.000000e+00,0.000000e+00,0.000000e+00,4.393831e-07,3.151131e-07,0.000000e+00,0.000000e+00,-6.002284e-13,0.000000e+00,0.000000e+00,0.000000e+00,0.000000e+00,0.0000,0.0000,100.0000,nan
2200,8.075929e-08,-2.161528e-01,-1.283006e-13,0.000000e+00,0.000000e+00,0.000000e+00,4.482595e-07,3.373042e-07,0.000000e+00,0.000000e+00,5.717128e-14,0.000000e+00,0.000000e+00,0.000000e+00,0.000000e+00,0.0000,0.0000,100.0000,nan
2300,8.443016e-08,-2.171135e-01,-1.288708e-13,0.000000e+00,0.000000e+00,0.000000e+00,4.882035e-07,3.328660e-07,0.000000e+00,0.000000e+00,1.352855e-12,0.000000e+00,0.000000e+00,0.000000e+00,0.000000e+00,0.0000,0.0000,100.0000,nan
2400,8.810104e-08,-2.181291e-01,-1.294736e-13,0.000000e+00,0.000000e+00,0.000000e+00,4.837652e-07,3.195514e-07,0.000000e+00,0.000000e+00,-8.218626e-13,0.000000e+00,0.000000e+00,0.000000e+00,0.000000e+00,0.0000,0.0000,100.0000,nan
2500,9.177192e-08,-2.188427e-01,-1.298972e-13,0.000000e+00,0.000000e+00,0.000000e+00,4.438213e-07,3.284278e-07,0.000000e+00,0.000000e+00,-3.686457e-14,0.000000e+00,0.000000e+00,0.000000e+00,0.000000e+00,0.0000,0.0000,100.0000,nan
2600,9.544279e-08,-2.200779e-01,-1.306303e-13,0.000000e+00,0.000000e+00,0.000000e+00,5.148327e-07,3.151131e-07,0.000000e+00,0.000000e+00,-8.428238e-13,0.000000e+00,0.000000e+00,0.000000e+00,0.000000e+00,0.0000,0.0000,100.0000,nan
2700,9.911367e-08,-2.212033e-01,-1.312983e-13,0.000000e+00,0.000000e+00,0.000000e+00,5.680913e-07,3.861246e-07,0.000000e+00,0.000000e+00,-1.083735e-12,0.000000e+00,0.000000e+00,0.000000e+00,0.000000e+00,0.0000,0.0000,100.0000,nan
2800,1.027845e-07,-2.232070e-01,-1.324876e-13,0.000000e+00,0.000000e+00,0.000000e+00,6.568556e-07,3.328660e-07,0.000000e+00,0.000000e+00,1.245629e-12,0.000000e+00,0.000000e+00,0.000000e+00,0.000000e+00,0.0000,0.0000,100.0000,nan
2900,1.064554e-07,-2.244970e-01,-1.332534e-13,0.000000e+00,0.000000e+00,0.000000e+00,5.680913e-07,3.594953e-07,0.000000e+00,0.000000e+00,8.672464e-14,0.000000e+00,0.000000e+00,0.000000e+00,0.000000e+00,0.0000,0.0000,100.0000,nan
3000,1.101263e-07,-2.258145e-01,-1.340354e-13,0.000000e+00,0.000000e+00,0.000000e+00,6.124734e-07,3.994392e-07,0.000000e+00,0.000000e+00,-1.080779e-13,0.000000e+00,0.000000e+00,0.000000e+00,0.000000e+00,0.0000,0.0000,100.0000,nan
3100,1.137972e-07,-2.278182e-01,-1.352247e-13,0.000000e+00,0.000000e+00,0.000000e+00,6.879231e-07,3.639335e-07,0.000000e+00,0.000000e+00,-2.206395e-12,0.000000e+00,0.000000e+00,0.000000e+00,0.000000e+00,0.0000,0.0000,100.0000,nan
3200,1.174681e-07,-2.303160e-01,-1.367073e-13,0.000000e+00,0.000000e+00,0.000000e+00,7.855638e-07,3.816863e-07,0.000000e+00,0.000000e+00,-2.158620e-12,0.000000e+00,0.000000e+00,0.000000e+00,0.000000e+00,0.0000,0.0000,100.0000,nan
3300,1.211389e-07,-2.328961e-01,-1.382388e-13,0.000000e+00,0.000000e+00,0.000000e+00,7.678109e-07,3.506188e-07,0.000000e+00,0.000000e+00,2.830713e-13,0.000000e+00,0.000000e+00,0.000000e+00,0.000000e+00,0.0000,0.0000,100.0000,nan
3400,1.248098e-07,-2.357507e-01,-1.399331e-13,0.000000e+00,0.000000e+00,0.000000e+00,8.476987e-07,3.861246e-07,0.000000e+00,0.000000e+00,1.655482e-12,0.000000e+00,0.000000e+00,0.000000e+00,0.000000e+00,0.0000,0.0000,100.0000,nan
3500,1.284807e-07,-2.375074e-01,-1.409758e-13,0.000000e+00,0.000000e+00,0.000000e+00,7.012377e-07,4.171920e-07,0.000000e+00,0.000000e+00,2.104078e-13,0.000000e+00,0.000000e+00,0.000000e+00,0.000000e+00,0.0000,0.0000,100.0000,nan
3600,1.321516e-07,-2.402796e-01,-1.426213e-13,0.000000e+00,0.000000e+00,0.000000e+00,8.077548e-07,3.594953e-07,0.000000e+00,0.000000e+00,-4.515910e-13,0.000000e+00,0.000000e+00,0.000000e+00,0.000000e+00,0.0000,0.0000,100.0000,nan
3700,1.358224e-07,-2.420088e-01,-1.436477e-13,0.000000e+00,0.000000e+00,0.000000e+00,6.923613e-07,4.127538e-07,0.000000e+00,0.000000e+00,3.633585e-15,0.000000e+00,0.000000e+00,0.000000e+00,0.000000e+00,0.0000,0.0000,100.0000,nan
3800,1.394933e-07,-2.439576e-01,-1.448045e-13,0.000000e+00,0.000000e+00,0.000000e+00,7.411816e-07,4.260685e-07,0.000000e+00,0.000000e+00,-1.080171e-12,0.000000e+00,0.000000e+00,0.000000e+00,0.000000e+00,0.0000,0.0000,100.0000,nan
3900,1.431642e-07,-2.463182e-01,-1.462056e-13,0.000000e+00,0.000000e+00,0.000000e+00,7.944402e-07,4.127538e-07,0.000000e+00,0.000000e+00,-8.921295e-13,0.000000e+00,0.000000e+00,0.000000e+00,0.000000e+00,0.0000,0.0000,100.0000,nan
4000,1.468351e-07,-2.484317e-01,-1.474601e-13,0.000000e+00,0.000000e+00,0.000000e+00,8.610134e-07,5.192710e-07,0.000000e+00,0.000000e+00,-5.004145e-13,0.000000e+00,0.000000e+00,0.000000e+00,0.000000e+00,0.0000,0.0000,100.0000,nan
4100,1.505059e-07,4.479400e-02,2.658811e-14,4.765736e-05,0.000000e+00,0.000000e+00,6.879231e-07,4.438213e-07,0.000000e+00,0.000000e+00,-8.846683e-13,0.000000e+00,0.000000e+00,0.000000e+00,0.000000e+00,0.0000,0.0000,100.0000,nan
4200,1.541768e-07,2.170283e+00,1.288202e-12,3.445784e-04,0.000000e+00,0.000000e+00,1.415790e-06,5.192710e-07,0.000000e+00,0.000000e+00,-4.893505e-13,0.000000e+00,0.000000e+00,0.000000e+00,0.000000e+00,0.0000,0.0000,100.0000,nan
4300,1.578477e-07,4.235646e+00,2.514127e-12,3.428850e-04,0.000000e+00,0.000000e+00,9.298057e-06,3.728099e-07,0.000000e+00,0.000000e+00,-6.994096e-12,0.000000e+00,0.000000e+00,0.000000e+00,0.000000e+00,0.0000,0.0000,100.0000,nan
4400,1.615186e-07,6.127426e+00,3.637020e-12,3.414335e-04,0.000000e+00,2.667119e-04,3.581638e-05,2.751692e-07,1.163820e-08,2.690654e-12,-2.673125e-11,0.000000e+00,0.000000e+00,0.000000e+00,1.163820e-08,0.0000,24.7746,75.2254,1.683933e+02
4500,1.651895e-07,7.725743e+00,4.585723e-12,3.404054e-04,0.000000e+00,3.407078e-04,8.223122e-05,2.662928e-07,1.464542e-08,3.189995e-12,-3.088845e-11,0.000000e+00,0.000000e+00,0.000000e+00,1.464542e-08,0.0000,42.8678,57.1322,1.634552e+02
4600,1.688603e-07,9.002368e+00,5.343482e-12,3.417057e-04,0.000000e+00,3.385305e-04,1.354099e-04,1.287082e-07,1.446968e-08,-1.049397e-12,5.341864e-13,0.000000e+00,0.000000e+00,0.000000e+00,1.446968e-08,0.0000,53.7880,46.2120,1.616080e+02
4700,1.725312e-07,9.948015e+00,5.904784e-12,3.430664e-04,0.000000e+00,3.377745e-04,1.902440e-04,8.432605e-08,1.437085e-08,-6.306352e-12,5.074160e-11,0.000000e+00,0.000000e+00,0.000000e+00,1.437085e-08,0.0000,61.0794,38.9206,1.601100e+02
4800,1.762021e-07,1.056888e+01,6.273308e-12,3.436410e-04,0.000000e+00,3.399215e-04,2.432762e-04,2.662928e-08,1.440234e-08,1.849037e-12,1.110546e-10,0.000000e+00,0.000000e+00,0.000000e+00,1.440234e-08,0.0000,66.3967,33.6033,1.587813e+02
4900,1.798730e-07,1.084042e+01,6.434483e-12,3.405566e-04,0.000000e+00,3.420081e-04,2.966635e-04,1.331464e-08,1.446543e-08,-4.026166e-12,2.067066e-10,0.000000e+00,0.000000e+00,0.000000e+00,1.446543e-08,0.0000,70.5565,29.4435,1.582220e+02
5000,1.835438e-07,1.081045e+01,6.416695e-12,3.417964e-04,0.000000e+00,3.428548e-04,3.466466e-04,4.438213e-09,1.447002e-08,3.326174e-12,2.984451e-10,0.000000e+00,0.000000e+00,0.000000e+00,1.447002e-08,0.0000,73.8079,26.1921,1.575460e+02
5100,1.872147e-07,1.049584e+01,6.229952e-12,3.389236e-04,0.000000e+00,3.417057e-04,3.897950e-04,0.000000e+00,1.441200e-08,-6.136469e-12,3.771149e-10,0.000000e+00,0.000000e+00,0.000000e+00,1.441200e-08,0.0000,76.4489,23.5511,1.573354e+02
5200,1.908856e-07,9.958283e+00,5.910878e-12,3.421290e-04,0.000000e+00,3.402239e-04,4.290494e-04,0.000000e+00,1.435606e-08,1.897534e-12,4.414584e-10,0.000000e+00,0.000000e+00,0.000000e+00,1.435606e-08,0.0000,78.5144,21.4856,1.574754e+02
5300,1.945565e-07,9.214507e+00,5.469400e-12,3.394679e-04,0.000000e+00,3.404356e-04,4.597330e-04,0.000000e+00,1.436975e-08,6.494677e-12,4.742266e-10,0.000000e+00,0.000000e+00,0.000000e+00,1.436975e-08,0.0000,80.2960,19.7040,1.575833e+02
5400,1.982273e-07,8.384095e+00,4.976497e-12,3.431269e-04,0.000000e+00,3.444575e-04,4.774008e-04,0.000000e+00,1.457264e-08,-5.301811e-12,4.857331e-10,0.000000e+00,0.000000e+00,0.000000e+00,1.457264e-08,0.0000,81.8309,18.1691,1.582884e+02
5500,2.018982e-07,7.511692e+00,4.458670e-12,3.435805e-04,0.000000e+00,3.417661e-04,4.846440e-04,0.000000e+00,1.448957e-08,-3.746797e-12,4.743640e-10,0.000000e+00,0.000000e+00,0.000000e+00,1.448957e-08,0.0000,83.0845,16.9155,1.589562e+02
5600,2.055691e-07,6.660805e+00,3.953614e-12,3.439736e-04,0.000000e+00,3.419173e-04,4.815581e-04,0.000000e+00,1.453092e-08,-2.741421e-12,4.245338e-10,0.000000e+00,0.000000e+00,0.000000e+00,1.453092e-08,0.0000,84.1683,15.8317,1.597278e+02
5700,2.092400e-07,5.874513e+00,3.486900e-12,3.426733e-04,0.000000e+00,3.436712e-04,4.698132e-04,0.000000e+00,1.464626e-08,-2.908748e-12,3.603329e-10,0.000000e+00,0.000000e+00,0.000000e+00,1.464626e-08,0.0000,85.1689,14.8311,1.606164e+02
5800,2.129108e-07,5.218837e+00,3.097714e-12,3.433688e-04,0.000000e+00,3.458485e-04,4.493887e-04,0.000000e+00,1.478043e-08,-7.445716e-12,2.803269e-10,0.000000e+00,0.000000e+00,0.000000e+00,1.478043e-08,0.0000,86.0795,13.9205,1.615234e+02
5900,2.165817e-07,4.714281e+00,2.798227e-12,3.403449e-04,0.000000e+00,3.454554e-04,4.219293e-04,0.000000e+00,1.479546e-08,6.022774e-13,2.224868e-10,0.000000e+00,0.000000e+00,0.000000e+00,1.479546e-08,0.0000,86.9253,13.0747,1.622134e+02
6000,2.202526e-07,4.440736e+00,2.635861e-12,3.442760e-04,0.000000e+00,3.432176e-04,3.885069e-04,0.000000e+00,1.473334e-08,-1.793026e-12,1.309804e-10,0.000000e+00,0.000000e+00,0.000000e+00,1.473334e-08,0.0000,87.5964,12.4036,1.629492e+02
6100,2.239235e-07,4.286749e+00,2.544460e-12,3.386817e-04,0.000000e+00,3.437317e-04,3.635807e-04,0.000000e+00,1.477556e-08,-1.332783e-12,1.107382e-10,0.000000e+00,0.000000e+00,0.000000e+00,1.477556e-08,0.0000,88.2796,11.7204,1.633988e+02
6200,2.275944e-07,4.317160e+00,2.562511e-12,3.405263e-04,0.000000e+00,3.423105e-04,3.356090e-04,0.000000e+00,1.472801e-08,-1.925964e-12,7.799912e-11,0.000000e+00,0.000000e+00,0.000000e+00,1.472801e-08,0.0000,88.8564,11.1436,1.636924e+02
6300,2.312652e-07,4.524358e+00,2.685496e-12,3.433386e-04,0.000000e+00,3.383188e-04,3.098357e-04,0.000000e+00,1.456224e-08,-3.399406e-12,5.313491e-11,0.000000e+00,0.000000e+00,0.000000e+00,1.456224e-08,0.0000,89.2954,10.7046,1.638147e+02
6400,2.349361e-07,4.850130e+00,2.878863e-12,3.411614e-04,0.000000e+00,3.412823e-04,2.884855e-04,0.000000e+00,1.468351e-08,-1.521855e-11,3.152456e-11,0.000000e+00,0.000000e+00,0.000000e+00,1.468351e-08,0.0000,89.7584,10.2416,1.636864e+02
6500,2.386070e-07,5.290909e+00,3.140493e-12,3.415847e-04,0.000000e+00,3.404961e-04,2.703128e-04,0.000000e+00,1.464398e-08,-1.744220e-12,3.057176e-11,0.000000e+00,0.000000e+00,0.000000e+00,1.464398e-08,0.0000,90.1690,9.8310,1.635443e+02
6600,2.422779e-07,5.822006e+00,3.455733e-12,3.434898e-04,0.000000e+00,3.433688e-04,2.576139e-04,0.000000e+00,1.473962e-08,2.935561e-12,2.676835e-11,0.000000e+00,0.000000e+00,0.000000e+00,1.473962e-08,0.0000,90.5603,9.4397,1.629332e+02
6700,2.459487e-07,6.393424e+00,3.794906e-12,3.403146e-04,0.000000e+00,3.407985e-04,2.479190e-04,0.000000e+00,1.461755e-08,2.330829e-12,3.421804e-11,0.000000e+00,0.000000e+00,0.000000e+00,1.461755e-08,0.0000,90.9251,9.0749,1.626703e+02
6800,2.496196e-07,7.024606e+00,4.169553e-12,3.455461e-04,0.000000e+00,3.426128e-04,2.434868e-04,0.000000e+00,1.466842e-08,-1.009058e-13,4.064062e-11,0.000000e+00,0.000000e+00,0.000000e+00,1.466842e-08,0.0000,91.2313,8.7687,1.620700e+02
6900,2.532905e-07,7.647621e+00,4.539353e-12,3.426733e-04,0.000000e+00,3.393167e-04,2.419346e-04,0.000000e+00,1.450801e-08,-2.001950e-12,5.082730e-11,0.000000e+00,0.000000e+00,0.000000e+00,1.450801e-08,0.0000,91.5086,8.4914,1.616376e+02
7000,2.569614e-07,8.247081e+00,4.895170e-12,3.430664e-04,0.000000e+00,3.424919e-04,2.461366e-04,0.000000e+00,1.461964e-08,1.214643e-12,7.226771e-11,0.000000e+00,0.000000e+00,0.000000e+00,1.461964e-08,0.0000,91.7950,8.2050,1.611128e+02
7100,2.606322e-07,8.789172e+00,5.216936e-12,3.422197e-04,0.000000e+00,3.435200e-04,2.545661e-04,0.000000e+00,1.463151e-08,-5.550166e-12,8.832675e-11,0.000000e+00,0.000000e+00,0.000000e+00,1.463151e-08,0.0000,92.0799,7.9201,1.604085e+02
7200,2.643031e-07,9.275338e+00,5.505507e-12,3.431874e-04,0.000000e+00,3.411311e-04,2.645765e-04,0.000000e+00,1.451189e-08,-2.920516e-12,9.838846e-11,0.000000e+00,0.000000e+00,0.000000e+00,1.451189e-08,0.0000,92.3157,7.6843,1.600229e+02
7300,2.679740e-07,9.667823e+00,5.738472e-12,3.437922e-04,0.000000e+00,3.423709e-04,2.803290e-04,0.000000e+00,1.453331e-08,-1.762478e-12,1.161036e-10,0.000000e+00,0.000000e+00,0.000000e+00,1.453331e-08,0.0000,92.5429,7.4571,1.593400e+02
7400,2.716449e-07,9.944835e+00,5.902896e-12,3.437317e-04,0.000000e+00,3.431572e-04,2.989402e-04,0.000000e+00,1.455585e-08,1.629315e-12,1.334402e-10,0.000000e+00,0.000000e+00,0.000000e+00,1.455585e-08,0.0000,92.7639,7.2361,1.590993e+02
7500,2.753158e-07,1.006508e+01,5.974270e-12,3.418266e-04,0.000000e+00,3.434898e-04,3.223835e-04,0.000000e+00,1.455802e-08,1.080194e-13,1.486279e-10,0.000000e+00,0.000000e+00,0.000000e+00,1.455802e-08,0.0000,92.9898,7.0102,1.588454e+02
7600,2.789866e-07,1.004233e+01,5.960768e-12,3.411916e-04,0.000000e+00,3.420081e-04,3.448697e-04,0.000000e+00,1.449227e-08,4.598353e-12,1.762057e-10,0.000000e+00,0.000000e+00,0.000000e+00,1.449227e-08,0.0000,93.1955,6.8045,1.587712e+02
7700,2.826575e-07,9.891378e+00,5.871166e-12,3.430967e-04,0.000000e+00,3.444877e-04,3.675056e-04,0.000000e+00,1.458481e-08,6.342604e-13,1.702073e-10,0.000000e+00,0.000000e+00,0.000000e+00,1.458481e-08,0.0000,93.3954,6.6046,1.585037e+02
7800,2.863284e-07,9.592142e+00,5.693550e-12,3.410706e-04,0.000000e+00,3.396494e-04,3.894557e-04,0.000000e+00,1.439352e-08,1.184918e-12,1.538691e-10,0.000000e+00,0.000000e+00,0.000000e+00,1.439352e-08,0.0000,93.5615,6.4385,1.587908e+02
7900,2.899993e-07,9.175706e+00,5.446369e-12,3.440039e-04,0.000000e+00,3.444575e-04,4.113396e-04,0.000000e+00,1.460920e-08,-9.532857e-12,1.692536e-10,0.000000e+00,0.000000e+00,0.000000e+00,1.460920e-08,0.0000,93.7346,6.2654,1.590486e+02
8000,2.936701e-07,8.646532e+00,5.132271e-12,3.425524e-04,0.000000e+00,3.427338e-04,4.281174e-04,0.000000e+00,1.455328e-08,3.623082e-12,1.670891e-10,0.000000e+00,0.000000e+00,0.000000e+00,1.455328e-08,0.0000,93.8962,6.1038,1.594259e+02
8100,2.973410e-07,8.060062e+00,4.784163e-12,3.398006e-04,0.000000e+00,3.419476e-04,4.346302e-04,0.000000e+00,1.453734e-08,-6.143743e-12,1.844892e-10,0.000000e+00,0.000000e+00,0.000000e+00,1.453734e-08,0.0000,94.0628,5.9372,1.597991e+02
8200,3.010119e-07,7.492114e+00,4.447049e-12,3.436712e-04,0.000000e+00,3.437619e-04,4.355058e-04,0.000000e+00,1.463120e-08,7.250636e-12,1.610276e-10,0.000000e+00,0.000000e+00,0.000000e+00,1.463120e-08,0.0000,94.2084,5.7916,1.601672e+02
8300,3.046828e-07,6.927146e+00,4.111705e-12,3.419173e-04,0.000000e+00,3.420988e-04,4.332700e-04,0.000000e+00,1.457634e-08,-4.486324e-12,1.369444e-10,0.000000e+00,0.000000e+00,0.000000e+00,1.457634e-08,0.0000,94.3469,5.6531,1.605237e+02
8400,3.083536e-07,6.435769e+00,3.820041e-12,3.412218e-04,0.000000e+00,3.419476e-04,4.206753e-04,0.000000e+00,1.460215e-08,-2.660384e-12,1.170683e-10,0.000000e+00,0.000000e+00,0.000000e+00,1.460215e-08,0.0000,94.4825,5.5175,1.612180e+02
8500,3.120245e-07,6.063506e+00,3.599079e-12,3.405868e-04,0.000000e+00,3.419476e-04,4.007800e-04,0.000000e+00,1.462274e-08,-2.544236e-12,7.897539e-11,0.000000e+00,0.000000e+00,0.000000e+00,1.462274e-08,0.0000,94.6159,5.3841,1.616683e+02
8600,3.156954e-07,5.846654e+00,3.470363e-12,3.424919e-04,0.000000e+00,3.436712e-04,3.775560e-04,0.000000e+00,1.471541e-08,1.497638e-12,7.876815e-11,0.000000e+00,0.000000e+00,0.000000e+00,1.471541e-08,0.0000,94.7430,5.2570,1.620794e+02
8700,3.193663e-07,5.755825e+00,3.416451e-12,3.425826e-04,0.000000e+00,3.413428e-04,3.572692e-04,0.000000e+00,1.462529e-08,2.102670e-12,7.714221e-11,0.000000e+00,0.000000e+00,0.000000e+00,1.462529e-08,0.0000,94.8492,5.1508,1.622892e+02
8800,3.230371e-07,5.798026e+00,3.441500e-12,3.431874e-04,0.000000e+00,3.408590e-04,3.363636e-04,0.000000e+00,1.462126e-08,-6.996114e-12,5.864395e-11,0.000000e+00,0.000000e+00,0.000000e+00,1.462126e-08,0.0000,94.9443,5.0557,1.626542e+02
8900,3.267080e-07,5.989738e+00,3.555293e-12,3.452437e-04,0.000000e+00,3.437015e-04,3.142448e-04,0.000000e+00,1.473988e-08,-6.620017e-13,6.306307e-11,0.000000e+00,0.000000e+00,0.000000e+00,1.473988e-08,0.0000,95.0409,4.9591,1.625766e+02
9000,3.303789e-07,6.269479e+00,3.721337e-12,3.404961e-04,0.000000e+00,3.432781e-04,2.952632e-04,0.000000e+00,1.471803e-08,-3.634594e-12,6.198941e-11,0.000000e+00,0.000000e+00,0.000000e+00,1.471803e-08,0.0000,95.1578,4.8422,1.625002e+02
9100,3.340498e-07,6.654783e+00,3.950040e-12,3.416149e-04,0.000000e+00,3.455461e-04,2.793130e-04,0.000000e+00,1.480833e-08,-8.847214e-12,5.258443e-11,0.000000e+00,0.000000e+00,0.000000e+00,1.480833e-08,0.0000,95.2771,4.7229,1.623445e+02
9200,3.377207e-07,7.111780e+00,4.221297e-12,3.402542e-04,0.000000e+00,3.411009e-04,2.663597e-04,0.000000e+00,1.460178e-08,2.789769e-13,5.956324e-11,0.000000e+00,0.000000e+00,0.000000e+00,1.460178e-08,0.0000,95.3738,4.6262,1.619802e+02
9300,3.413915e-07,7.655161e+00,4.543828e-12,3.447598e-04,0.000000e+00,3.394075e-04,2.568977e-04,0.000000e+00,1.451603e-08,-6.309810e-13,6.289761e-11,0.000000e+00,0.000000e+00,0.000000e+00,1.451603e-08,0.0000,95.4332,4.5668,1.616827e+02
9400,3.450624e-07,8.221947e+00,4.880252e-12,3.426431e-04,0.000000e+00,3.397099e-04,2.509964e-04,0.000000e+00,1.450222e-08,7.247602e-12,5.592437e-11,0.000000e+00,0.000000e+00,0.000000e+00,1.450222e-08,0.0000,95.5031,4.4969,1.610944e+02
9500,3.487333e-07,8.760813e+00,5.200104e-12,3.400123e-04,0.000000e+00,3.440946e-04,2.528800e-04,0.000000e+00,1.467625e-08,3.422801e-13,7.919328e-11,0.000000e+00,0.000000e+00,0.000000e+00,1.467625e-08,0.0000,95.6077,4.3923,1.608095e+02
9600,3.524042e-07,9.272851e+00,5.504031e-12,3.392260e-04,0.000000e+00,3.421290e-04,2.564319e-04,0.000000e+00,1.458083e-08,7.854532e-12,8.408272e-11,0.000000e+00,0.000000e+00,0.000000e+00,1.458083e-08,0.0000,95.7020,4.2980,1.605505e+02
9700,3.560750e-07,9.742428e+00,5.782755e-12,3.384700e-04,0.000000e+00,3.414033e-04,2.625416e-04,0.000000e+00,1.451995e-08,-2.109359e-12,9.437245e-11,0.000000e+00,0.000000e+00,0.000000e+00,1.451995e-08,0.0000,95.7931,4.2069,1.598879e+02
9800,3.597459e-07,1.013710e+01,6.017017e-12,3.381072e-04,0.000000e+00,3.389539e-04,2.742907e-04,0.000000e+00,1.439933e-08,-8.915715e-12,1.165067e-10,0.000000e+00,0.000000e+00,0.000000e+00,1.439933e-08,0.0000,95.8702,4.1298,1.595189e+02
9900,3.634168e-07,1.047924e+01,6.220099e-12,3.417964e-04,0.000000e+00,3.383188e-04,2.864740e-04,0.000000e+00,1.435699e-08,-5.745561e-12,1.153368e-10,0.000000e+00,0.000000e+00,0.000000e+00,1.435699e-08,0.0000,95.9237,4.0763,1.591756e+02
10000,3.670877e-07,1.070621e+01,6.354824e-12,3.439131e-04,0.000000e+00,3.373814e-04,3.072121e-04,0.000000e+00,1.430461e-08,-6.710725e-14,1.201532e-10,0.000000e+00,0.000000e+00,0.000000e+00,1.430461e-08,0.0000,95.9607,4.0393,1.588996e+02
10100,3.707585e-07,1.081479e+01,6.419269e-12,3.438527e-04,0.000000e+00,3.376838e-04,3.262968e-04,0.000000e+00,1.430477e-08,1.091066e-12,1.406440e-10,0.000000e+00,0.000000e+00,0.000000e+00,1.430477e-08,0.0000,95.9982,4.0018,1.586139e+02
10200,3.744294e-07,1.075050e+01,6.381113e-12,3.415242e-04,0.000000e+00,3.429757e-04,3.519185e-04,0.000000e+00,1.451711e-08,-4.291090e-12,1.328799e-10,0.000000e+00,0.000000e+00,0.000000e+00,1.451711e-08,0.0000,96.0705,3.9295,1.583597e+02
10300,3.781003e-07,1.056113e+01,6.268708e-12,3.410404e-04,0.000000e+00,3.450622e-04,3.716612e-04,0.000000e+00,1.460402e-08,-1.849810e-12,1.294557e-10,0.000000e+00,0.000000e+00,0.000000e+00,1.460402e-08,0.0000,96.1525,3.8475,1.583422e+02
10400,3.817712e-07,1.026570e+01,6.093352e-12,3.421290e-04,0.000000e+00,3.421895e-04,3.898985e-04,0.000000e+00,1.449385e-08,4.460985e-12,1.269833e-10,0.000000e+00,0.000000e+00,0.000000e+00,1.449385e-08,0.0000,96.2137,3.7863,1.585705e+02
10500,3.854421e-07,9.847316e+00,5.845012e-12,3.424012e-04,0.000000e+00,3.407985e-04,4.100524e-04,0.000000e+00,1.443349e-08,5.123487e-13,1.263836e-10,0.000000e+00,0.000000e+00,0.000000e+00,1.443349e-08,0.0000,96.2655,3.7345,1.585444e+02
10600,3.891129e-07,9.368617e+00,5.560874e-12,3.437015e-04,0.000000e+00,3.434898e-04,4.211049e-04,0.000000e+00,1.457642e-08,-2.243041e-12,1.374341e-10,0.000000e+00,0.000000e+00,0.000000e+00,1.457642e-08,0.0000,96.3221,3.6779,1.591705e+02
10700,3.927838e-07,8.812971e+00,5.231062e-12,3.415545e-04,0.000000e+00,3.412823e-04,4.313999e-04,0.000000e+00,1.449458e-08,-7.968724e-13,1.522761e-10,0.000000e+00,0.000000e+00,0.000000e+00,1.449458e-08,0.0000,96.3765,3.6235,1.594237e+02
10800,3.964547e-07,8.274425e+00,4.911401e-12,3.443365e-04,0.000000e+00,3.440643e-04,4.314169e-04,0.000000e+00,1.463027e-08,1.043660e-12,1.143097e-10,0.000000e+00,0.000000e+00,0.000000e+00,1.463027e-08,0.0000,96.4296,3.5704,1.598136e+02
10900,4.001256e-07,7.764605e+00,4.608790e-12,3.430060e-04,0.000000e+00,3.435805e-04,4.254416e-04,0.000000e+00,1.462850e-08,4.028723e-12,9.886212e-11,0.000000e+00,0.000000e+00,0.000000e+00,1.462850e-08,0.0000,96.4846,3.5154,1.602164e+02
11000,4.037964e-07,7.330162e+00,4.350920e-12,3.410102e-04,0.000000e+00,3.432479e-04,4.112576e-04,0.000000e+00,1.462510e-08,-2.139391e-13,7.004166e-11,0.000000e+00,0.000000e+00,0.000000e+00,1.462510e-08,0.0000,96.5447,3.4553,1.604500e+02
11100,4.074673e-07,6.997442e+00,4.153430e-12,3.404356e-04,0.000000e+00,3.444272e-04,3.942349e-04,0.000000e+00,1.471038e-08,4.054500e-12,5.200541e-11,0.000000e+00,0.000000e+00,0.000000e+00,1.471038e-08,0.0000,96.6104,3.3896,1.611995e+02
11200,4.111382e-07,6.808227e+00,4.041119e-12,3.408287e-04,0.000000e+00,3.419173e-04,3.714239e-04,0.000000e+00,1.460844e-08,-6.080227e-13,7.097320e-11,0.000000e+00,0.000000e+00,0.000000e+00,1.460844e-08,0.0000,96.6623,3.3377,1.613210e+02
11300,4.148091e-07,6.767587e+00,4.016996e-12,3.447296e-04,0.000000e+00,3.427338e-04,3.513010e-04,0.000000e+00,1.465662e-08,-1.679984e-12,6.463441e-11,0.000000e+00,0.000000e+00,0.000000e+00,1.465662e-08,0.0000,96.7009,3.2991,1.616068e+02
11400,4.184799e-07,6.863933e+00,4.074184e-12,3.443667e-04,0.000000e+00,3.389236e-04,3.287880e-04,0.000000e+00,1.449415e-08,8.600705e-13,6.739230e-11,0.000000e+00,0.000000e+00,0.000000e+00,1.449415e-08,0.0000,96.7245,3.2755,1.616150e+02
11500,4.221508e-07,7.060782e+00,4.191026e-12,3.394982e-04,0.000000e+00,3.444877e-04,3.076685e-04,0.000000e+00,1.474589e-08,3.340516e-12,5.917863e-11,0.000000e+00,0.000000e+00,0.000000e+00,1.474589e-08,0.0000,96.7880,3.2120,1.619193e+02
11600,4.258217e-07,7.388624e+00,4.385621e-12,3.415847e-04,0.000000e+00,3.452134e-04,2.885742e-04,0.000000e+00,1.477400e-08,6.935033e-12,6.271932e-11,0.000000e+00,0.000000e+00,0.000000e+00,1.477400e-08,0.0000,96.8448,3.1552,1.618463e+02
11700,4.294926e-07,7.801788e+00,4.630861e-12,3.403146e-04,0.000000e+00,3.416452e-04,2.735079e-04,0.000000e+00,1.461240e-08,6.704587e-12,7.351054e-11,0.000000e+00,0.000000e+00,0.000000e+00,1.461240e-08,0.0000,96.8912,3.1088,1.616535e+02
11800,4.331634e-07,8.286285e+00,4.918440e-12,3.422802e-04,0.000000e+00,3.410404e-04,2.639393e-04,0.000000e+00,1.457270e-08,1.685426e-12,8.154213e-11,0.000000e+00,0.000000e+00,0.000000e+00,1.457270e-08,0.0000,96.9268,3.0732,1.613398e+02
11900,4.368343e-07,8.808503e+00,5.228411e-12,3.388027e-04,0.000000e+00,3.359602e-04,2.543623e-04,0.000000e+00,1.433136e-08,-5.292384e-13,7.528359e-11,0.000000e+00,0.000000e+00,0.000000e+00,1.433136e-08,0.0000,96.9551,3.0449,1.607903e+02
12000,4.405052e-07,9.348517e+00,5.548944e-12,3.395284e-04,0.000000e+00,3.430664e-04,2.522106e-04,0.000000e+00,1.461682e-08,1.056226e-11,8.221040e-11,0.000000e+00,0.000000e+00,0.000000e+00,1.461682e-08,0.0000,97.0064,2.9936,1.604055e+02
12100,4.441761e-07,9.918930e+00,5.887520e-12,3.437619e-04,0.000000e+00,3.390446e-04,2.515289e-04,0.000000e+00,1.442972e-08,1.415727e-12,1.039949e-10,0.000000e+00,0.000000e+00,0.000000e+00,1.442972e-08,0.0000,97.0267,2.9733,1.600562e+02
12200,4.478470e-07,1.045983e+01,6.208580e-12,3.424314e-04,0.000000e+00,3.396191e-04,2.549699e-04,0.000000e+00,1.443449e-08,-2.964913e-13,1.032379e-10,0.000000e+00,0.000000e+00,0.000000e+00,1.443449e-08,0.0000,97.0533,2.9467,1.596179e+02
12300,4.515178e-07,1.092811e+01,6.486532e-12,3.409497e-04,0.000000e+00,3.416452e-04,2.652316e-04,0.000000e+00,1.449968e-08,1.777138e-12,1.114567e-10,0.000000e+00,0.000000e+00,0.000000e+00,1.449968e-08,0.0000,97.0915,2.9085,1.591648e+02
12400,4.551887e-07,1.132913e+01,6.724565e-12,3.419173e-04,0.000000e+00,3.396191e-04,2.770736e-04,0.000000e+00,1.439676e-08,-8.139752e-12,1.222558e-10,0.000000e+00,0.000000e+00,0.000000e+00,1.439676e-08,0.0000,97.1184,2.8816,1.587824e+02
12500,4.588596e-07,1.165020e+01,6.915140e-12,3.444877e-04,0.000000e+00,3.414940e-04,2.925724e-04,0.000000e+00,1.445738e-08,9.983135e-12,1.127139e-10,0.000000e+00,0.000000e+00,0.000000e+00,1.445738e-08,0.0000,97.1425,2.8575,1.583836e+02
12600,4.625305e-07,1.184621e+01,7.031482e-12,3.419476e-04,0.000000e+00,3.425524e-04,3.102542e-04,0.000000e+00,1.448288e-08,1.278193e-12,1.457018e-10,0.000000e+00,0.000000e+00,0.000000e+00,1.448288e-08,0.0000,97.1781,2.8219,1.579573e+02
12700,4.662013e-07,1.188159e+01,7.052482e-12,3.397703e-04,0.000000e+00,3.399518e-04,3.340496e-04,0.000000e+00,1.437049e-08,5.974457e-12,1.241029e-10,0.000000e+00,0.000000e+00,0.000000e+00,1.437049e-08,0.0000,97.2113,2.7887,1.579080e+02
12800,4.698722e-07,1.180492e+01,7.006978e-12,3.399820e-04,0.000000e+00,3.449715e-04,3.523779e-04,0.000000e+00,1.456624e-08,-1.920922e-12,1.136207e-10,0.000000e+00,0.000000e+00,0.000000e+00,1.456624e-08,0.0000,97.2599,2.7401,1.575424e+02
12900,4.735431e-07,1.162042e+01,6.897465e-12,3.433991e-04,0.000000e+00,3.412218e-04,3.732321e-04,0.000000e+00,1.441804e-08,7.535605e-13,1.297572e-10,0.000000e+00,0.000000e+00,0.000000e+00,1.441804e-08,0.0000,97.2838,2.7162,1.577679e+02
13000,4.772140e-07,1.131975e+01,6.718999e-12,3.412218e-04,0.000000e+00,3.400727e-04,3.898386e-04,0.000000e+00,1.437854e-08,-8.282126e-12,1.236673e-10,0.000000e+00,0.000000e+00,0.000000e+00,1.437854e-08,0.0000,97.3105,2.6895,1.579610e+02
13100,4.808848e-07,1.090951e+01,6.475490e-12,3.409194e-04,0.000000e+00,3.418569e-04,4.072547e-04,0.000000e+00,1.445055e-08,3.681006e-12,1.176974e-10,0.000000e+00,0.000000e+00,0.000000e+00,1.445055e-08,0.0000,97.3433,2.6567,1.578867e+02
13200,4.845557e-07,1.044142e+01,6.197648e-12,3.439131e-04,0.000000e+00,3.413730e-04,4.196013e-04,0.000000e+00,1.444145e-08,3.647531e-12,1.172162e-10,0.000000e+00,0.000000e+00,0.000000e+00,1.444145e-08,0.0000,97.3644,2.6356,1.581408e+02
13300,4.882266e-07,9.923825e+00,5.890425e-12,3.437317e-04,0.000000e+00,3.416149e-04,4.274237e-04,0.000000e+00,1.448262e-08,-4.158804e-13,1.243815e-10,0.000000e+00,0.000000e+00,0.000000e+00,1.448262e-08,0.0000,97.3865,2.6135,1.588130e+02
13400,4.918975e-07,9.375323e+00,5.564854e-12,3.397401e-04,0.000000e+00,3.426733e-04,4.284304e-04,0.000000e+00,1.453946e-08,-6.535503e-12,1.159851e-10,0.000000e+00,0.000000e+00,0.000000e+00,1.453946e-08,0.0000,97.4235,2.5765,1.590637e+02
13500,4.955684e-07,8.893598e+00,5.278920e-12,3.430362e-04,0.000000e+00,3.459997e-04,4.209289e-04,0.000000e+00,1.469730e-08,6.203847e-13,9.952280e-11,0.000000e+00,0.000000e+00,0.000000e+00,1.469730e-08,0.0000,97.4602,2.5398,1.594371e+02
13600,4.992392e-07,8.511519e+00,5.052131e-12,3.445482e-04,0.000000e+00,3.423407e-04,4.063286e-04,0.000000e+00,1.455869e-08,4.737739e-14,8.623667e-11,0.000000e+00,0.000000e+00,0.000000e+00,1.455869e-08,0.0000,97.4803,2.5197,1.597954e+02
13700,5.029101e-07,8.196724e+00,4.865281e-12,3.408892e-04,0.000000e+00,3.427338e-04,3.917901e-04,0.000000e+00,1.459654e-08,2.607946e-12,1.012092e-10,0.000000e+00,0.000000e+00,0.000000e+00,1.459654e-08,0.0000,97.5120,2.4880,1.602608e+02
13800,5.065810e-07,8.018967e+00,4.759771e-12,3.430060e-04,0.000000e+00,3.434898e-04,3.717485e-04,0.000000e+00,1.464168e-08,6.930498e-12,9.458280e-11,0.000000e+00,0.000000e+00,0.000000e+00,1.464168e-08,0.0000,97.5392,2.4608,1.605375e+02
13900,5.102519e-07,7.958542e+00,4.723905e-12,3.386212e-04,0.000000e+00,3.427036e-04,3.483917e-04,0.000000e+00,1.460641e-08,-3.901221e-12,1.027236e-10,0.000000e+00,0.000000e+00,0.000000e+00,1.460641e-08,0.0000,97.5762,2.4238,1.605012e+02
14000,5.139227e-07,8.038358e+00,4.771280e-12,3.414637e-04,0.000000e+00,3.435200e-04,3.285579e-04,0.000000e+00,1.465424e-08,-4.238709e-13,9.669184e-11,0.000000e+00,0.000000e+00,0.000000e+00,1.465424e-08,0.0000,97.6066,2.3934,1.607747e+02
14100,5.175936e-07,8.257614e+00,4.901423e-12,3.429757e-04,0.000000e+00,3.408590e-04,3.075231e-04,0.000000e+00,1.454436e-08,-5.878049e-12,9.980014e-11,0.000000e+00,0.000000e+00,0.000000e+00,1.454436e-08,0.0000,97.6244,2.3756,1.608579e+02
14200,5.212645e-07,8.587582e+00,5.097280e-12,3.427338e-04,0.000000e+00,3.398611e-04,2.893795e-04,0.000000e+00,1.449982e-08,-9.459436e-15,9.301684e-11,0.000000e+00,0.000000e+00,0.000000e+00,1.449982e-08,0.0000,97.6397,2.3603,1.608094e+02
14300,5.249354e-07,9.010913e+00,5.348554e-12,3.447901e-04,0.000000e+00,3.417964e-04,2.763394e-04,0.000000e+00,1.457569e-08,-1.714633e-12,9.483749e-11,0.000000e+00,0.000000e+00,0.000000e+00,1.457569e-08,0.0000,97.6544,2.3456,1.606676e+02
14400,5.286062e-07,9.504793e+00,5.641703e-12,3.424314e-04,0.000000e+00,3.425826e-04,2.625733e-04,0.000000e+00,1.459113e-08,3.144569e-13,9.114962e-11,0.000000e+00,0.000000e+00,0.000000e+00,1.459113e-08,0.0000,97.6776,2.3224,1.602681e+02
14500,5.322771e-07,1.003924e+01,5.958932e-12,3.413428e-04,0.000000e+00,3.432479e-04,2.549251e-04,0.000000e+00,1.460373e-08,-8.144255e-12,9.708865e-11,0.000000e+00,0.000000e+00,0.000000e+00,1.460373e-08,0.0000,97.7052,2.2948,1.599140e+02
14600,5.359480e-07,1.061669e+01,6.301685e-12,3.428548e-04,0.000000e+00,3.428548e-04,2.494837e-04,0.000000e+00,1.457532e-08,6.127027e-12,1.083510e-10,0.000000e+00,0.000000e+00,0.000000e+00,1.457532e-08,0.0000,97.7271,2.2729,1.596673e+02
14700,5.396189e-07,1.117370e+01,6.632308e-12,3.401030e-04,0.000000e+00,3.389236e-04,2.500365e-04,0.000000e+00,1.438068e-08,1.811536e-12,1.058128e-10,0.000000e+00,0.000000e+00,0.000000e+00,1.438068e-08,0.0000,97.7451,2.2549,1.590557e+02
14800,5.432897e-07,1.173083e+01,6.963000e-12,3.438224e-04,0.000000e+00,3.428850e-04,2.537372e-04,0.000000e+00,1.452925e-08,-1.794676e-12,1.108518e-10,0.000000e+00,0.000000e+00,0.000000e+00,1.452925e-08,0.0000,97.7637,2.2363,1.586337e+02
14900,5.469606e-07,1.223405e+01,7.261693e-12,3.410706e-04,0.000000e+00,3.395587e-04,2.597023e-04,0.000000e+00,1.437421e-08,-3.399590e-12,1.356202e-10,0.000000e+00,0.000000e+00,0.000000e+00,1.437421e-08,0.0000,97.7802,2.2198,1.583238e+02
15000,5.506315e-07,1.267251e+01,7.521948e-12,3.442155e-04,0.000000e+00,3.412823e-04,2.733184e-04,0.000000e+00,1.443218e-08,-3.022908e-12,1.241965e-10,0.000000e+00,0.000000e+00,0.000000e+00,1.443218e-08,0.0000,97.7929,2.2071,1.579971e+02
15100,5.543024e-07,1.298483e+01,7.707325e-12,3.405868e-04,0.000000e+00,3.416754e-04,2.900873e-04,0.000000e+00,1.442436e-08,-6.697378e-12,1.286017e-10,0.000000e+00,0.000000e+00,0.000000e+00,1.442436e-08,0.0000,97.8157,2.1843,1.574695e+02
15200,5.579733e-07,1.320747e+01,7.839478e-12,3.437619e-04,0.000000e+00,3.433084e-04,3.077615e-04,0.000000e+00,1.447947e-08,-9.327016e-13,1.379084e-10,0.000000e+00,0.000000e+00,0.000000e+00,1.447947e-08,0.0000,97.8343,2.1657,1.571730e+02
15300,5.616441e-07,1.325243e+01,7.866166e-12,3.391051e-04,0.000000e+00,3.410404e-04,3.318349e-04,0.000000e+00,1.437130e-08,-6.927173e-13,1.387117e-10,0.000000e+00,0.000000e+00,0.000000e+00,1.437130e-08,0.0000,97.8584,2.1416,1.569026e+02
15400,5.653150e-07,1.318184e+01,7.824265e-12,3.426431e-04,0.000000e+00,3.410102e-04,3.540576e-04,0.000000e+00,1.436665e-08,5.064795e-12,1.350543e-10,0.000000e+00,0.000000e+00,0.000000e+00,1.436665e-08,0.0000,97.8732,2.1268,1.568267e+02
15500,5.689859e-07,1.296128e+01,7.693347e-12,3.394679e-04,0.000000e+00,3.405868e-04,3.751319e-04,0.000000e+00,1.434107e-08,-1.529461e-12,1.242853e-10,0.000000e+00,0.000000e+00,0.000000e+00,1.434107e-08,0.0000,97.8946,2.1054,1.566647e+02
15600,5.726568e-07,1.262607e+01,7.494379e-12,3.413126e-04,0.000000e+00,3.440039e-04,3.955142e-04,0.000000e+00,1.449426e-08,6.688766e-12,1.255358e-10,0.000000e+00,0.000000e+00,0.000000e+00,1.449426e-08,0.0000,97.9196,2.0804,1.568609e+02
15700,5.763276e-07,1.219303e+01,7.237346e-12,3.416452e-04,0.000000e+00,3.393772e-04,4.116648e-04,0.000000e+00,1.430274e-08,-3.387670e-12,1.237627e-10,0.000000e+00,0.000000e+00,0.000000e+00,1.430274e-08,0.0000,97.9318,2.0682,1.569394e+02
15800,5.799985e-07,1.168975e+01,6.938613e-12,3.412218e-04,0.000000e+00,3.411009e-04,4.226011e-04,0.000000e+00,1.438049e-08,-2.310237e-12,1.287657e-10,0.000000e+00,0.000000e+00,0.000000e+00,1.438049e-08,0.0000,97.9491,2.0509,1.570476e+02
15900,5.836694e-07,1.116288e+01,6.625883e-12,3.444575e-04,0.000000e+00,3.426733e-04,4.296496e-04,0.000000e+00,1.446925e-08,2.021232e-12,1.521682e-10,0.000000e+00,0.000000e+00,0.000000e+00,1.446925e-08,0.0000,97.9622,2.0378,1.575293e+02
16000,5.873403e-07,1.061754e+01,6.302189e-12,3.399215e-04,0.000000e+00,3.426128e-04,4.281004e-04,0.000000e+00,1.449057e-08,-1.145649e-12,1.348003e-10,0.000000e+00,0.000000e+00,0.000000e+00,1.449057e-08,0.0000,97.9858,2.0142,1.580489e+02
16100,5.910111e-07,1.012977e+01,6.012665e-12,3.411614e-04,0.000000e+00,3.420383e-04,4.200319e-04,0.000000e+00,1.447833e-08,-1.507187e-12,1.592086e-10,0.000000e+00,0.000000e+00,0.000000e+00,1.447833e-08,0.0000,98.0047,1.9953,1.583115e+02
16200,5.946820e-07,9.724983e+00,5.772400e-12,3.395889e-04,0.000000e+00,3.443063e-04,4.050406e-04,0.000000e+00,1.459733e-08,1.433341e-13,1.431415e-10,0.000000e+00,0.000000e+00,0.000000e+00,1.459733e-08,0.0000,98.0324,1.9676,1.588115e+02
16300,5.983529e-07,9.441614e+00,5.604202e-12,3.431269e-04,0.000000e+00,3.400727e-04,3.889464e-04,0.000000e+00,1.443732e-08,-4.460389e-12,1.517286e-10,0.000000e+00,0.000000e+00,0.000000e+00,1.443732e-08,0.0000,98.0413,1.9587,1.592308e+02
16400,6.020238e-07,9.266675e+00,5.500365e-12,3.413428e-04,0.000000e+00,3.431572e-04,3.696297e-04,0.000000e+00,1.458720e-08,5.866318e-12,1.526329e-10,0.000000e+00,0.000000e+00,0.000000e+00,1.458720e-08,0.0000,98.0614,1.9386,1.596451e+02
16500,6.056947e-07,9.244637e+00,5.487284e-12,3.433991e-04,0.000000e+00,3.417359e-04,3.469625e-04,0.000000e+00,1.453397e-08,-2.629790e-12,1.542101e-10,0.000000e+00,0.000000e+00,0.000000e+00,1.453397e-08,0.0000,98.0732,1.9268,1.597930e+02
16600,6.093655e-07,9.340214e+00,5.544015e-12,3.412823e-04,0.000000e+00,3.419476e-04,3.258280e-04,0.000000e+00,1.454204e-08,-1.151343e-12,1.406194e-10,0.000000e+00,0.000000e+00,0.000000e+00,1.454204e-08,0.0000,98.0901,1.9099,1.597800e+02
16700,6.130364e-07,9.571181e+00,5.681109e-12,3.438527e-04,0.000000e+00,3.421895e-04,3.065063e-04,0.000000e+00,1.456012e-08,2.733975e-12,1.388858e-10,0.000000e+00,0.000000e+00,0.000000e+00,1.456012e-08,0.0000,98.1015,1.8985,1.599573e+02
16800,6.167073e-07,9.903010e+00,5.878071e-12,3.429152e-04,0.000000e+00,3.411614e-04,2.892600e-04,0.000000e+00,1.450202e-08,-4.053980e-12,1.324249e-10,0.000000e+00,0.000000e+00,0.000000e+00,1.450202e-08,0.0000,98.1124,1.8876,1.596396e+02
16900,6.203782e-07,1.033288e+01,6.133227e-12,3.445179e-04,0.000000e+00,3.423709e-04,2.750095e-04,0.000000e+00,1.455064e-08,2.309183e-12,1.259265e-10,0.000000e+00,0.000000e+00,0.000000e+00,1.455064e-08,0.0000,98.1224,1.8776,1.595718e+02
17000,6.240490e-07,1.082935e+01,6.427911e-12,3.425524e-04,0.000000e+00,3.438224e-04,2.622762e-04,0.000000e+00,1.459710e-08,5.360667e-12,1.145910e-10,0.000000e+00,0.000000e+00,0.000000e+00,1.459710e-08,0.0000,98.1398,1.8602,1.592484e+02
17100,6.277199e-07,1.138883e+01,6.760001e-12,3.435805e-04,0.000000e+00,3.441551e-04,2.531144e-04,0.000000e+00,1.460392e-08,-1.306551e-13,1.223837e-10,0.000000e+00,0.000000e+00,0.000000e+00,1.460392e-08,0.0000,98.1555,1.8445,1.590836e+02
17200,6.313908e-07,1.195604e+01,7.096677e-12,3.409497e-04,0.000000e+00,3.428245e-04,2.492342e-04,0.000000e+00,1.452312e-08,2.678545e-12,1.205606e-10,0.000000e+00,0.000000e+00,0.000000e+00,1.452312e-08,0.0000,98.1737,1.8263,1.585650e+02
17300,6.350617e-07,1.255332e+01,7.451202e-12,3.436410e-04,0.000000e+00,3.406170e-04,2.470634e-04,0.000000e+00,1.440778e-08,3.863196e-12,1.160358e-10,0.000000e+00,0.000000e+00,0.000000e+00,1.440778e-08,0.0000,98.1809,1.8191,1.580839e+02
17400,6.387325e-07,1.309426e+01,7.772284e-12,3.396796e-04,0.000000e+00,3.397703e-04,2.522122e-04,0.000000e+00,1.434751e-08,2.346304e-13,1.228897e-10,0.000000e+00,0.000000e+00,0.000000e+00,1.434751e-08,0.0000,98.1946,1.8054,1.575374e+02
17500,6.424034e-07,1.361964e+01,8.084127e-12,3.437317e-04,0.000000e+00,3.417661e-04,2.587811e-04,0.000000e+00,1.440817e-08,2.223768e-12,1.234639e-10,0.000000e+00,0.000000e+00,0.000000e+00,1.440817e-08,0.0000,98.2039,1.7961,1.570355e+02
17600,6.460743e-07,1.404879e+01,8.338854e-12,3.397401e-04,0.000000e+00,3.419173e-04,2.703488e-04,0.000000e+00,1.439471e-08,-1.762327e-12,1.320607e-10,0.000000e+00,0.000000e+00,0.000000e+00,1.439471e-08,0.0000,98.2218,1.7782,1.566106e+02
17700,6.497452e-07,1.434693e+01,8.515822e-12,3.382281e-04,0.000000e+00,3.402542e-04,2.900194e-04,0.000000e+00,1.432216e-08,-2.817642e-12,1.405460e-10,0.000000e+00,0.000000e+00,0.000000e+00,1.432216e-08,0.0000,98.2390,1.7610,1.565582e+02
17800,6.534161e-07,1.453696e+01,8.628618e-12,3.410706e-04,0.000000e+00,3.418871e-04,3.103434e-04,0.000000e+00,1.436383e-08,3.896677e-15,1.482606e-10,0.000000e+00,0.000000e+00,0.000000e+00,1.436383e-08,0.0000,98.2536,1.7464,1.559650e+02
17900,6.570869e-07,1.455887e+01,8.641623e-12,3.380165e-04,0.000000e+00,3.375931e-04,3.344737e-04,0.000000e+00,1.417827e-08,-8.682648e-13,1.454927e-10,0.000000e+00,0.000000e+00,0.000000e+00,1.417827e-08,0.0000,98.2652,1.7348,1.558433e+02
18000,6.607578e-07,1.445861e+01,8.582113e-12,3.427338e-04,0.000000e+00,3.418266e-04,3.589452e-04,0.000000e+00,1.435901e-08,-4.708254e-12,1.591131e-10,0.000000e+00,0.000000e+00,0.000000e+00,1.435901e-08,0.0000,98.2758,1.7242,1.559214e+02
18100,6.644287e-07,1.421496e+01,8.437488e-12,3.414335e-04,0.000000e+00,3.383491e-04,3.808314e-04,0.000000e+00,1.421149e-08,-5.053711e-12,1.352218e-10,0.000000e+00,0.000000e+00,0.000000e+00,1.421149e-08,0.0000,98.2816,1.7184,1.558900e+02
18200,6.680996e-07,1.381355e+01,8.199225e-12,3.382886e-04,0.000000e+00,3.390446e-04,4.031949e-04,0.000000e+00,1.424317e-08,-3.599329e-12,1.797056e-10,0.000000e+00,0.000000e+00,0.000000e+00,1.424317e-08,0.0000,98.2952,1.7048,1.559436e+02
18300,6.717704e-07,1.334909e+01,7.923539e-12,3.409194e-04,0.000000e+00,3.419476e-04,4.160202e-04,0.000000e+00,1.437191e-08,8.286875e-14,1.493564e-10,0.000000e+00,0.000000e+00,0.000000e+00,1.437191e-08,0.0000,98.3093,1.6907,1.560910e+02
18400,6.754413e-07,1.280488e+01,7.600514e-12,3.421290e-04,0.000000e+00,3.414033e-04,4.301259e-04,0.000000e+00,1.436501e-08,2.774091e-12,1.664087e-10,0.000000e+00,0.000000e+00,0.000000e+00,1.436501e-08,0.0000,98.3197,1.6803,1.564346e+02
18500,6.791122e-07,1.222895e+01,7.258662e-12,3.392260e-04,0.000000e+00,3.411614e-04,4.323514e-04,0.000000e+00,1.437212e-08,1.536198e-12,1.799349e-10,0.000000e+00,0.000000e+00,0.000000e+00,1.437212e-08,0.0000,98.3351,1.6649,1.568129e+02
18600,6.827831e-07,1.170829e+01,6.949619e-12,3.432479e-04,0.000000e+00,3.413126e-04,4.274358e-04,0.000000e+00,1.439502e-08,-3.967427e-12,1.908472e-10,0.000000e+00,0.000000e+00,0.000000e+00,1.439502e-08,0.0000,98.3428,1.6572,1.571798e+02
18700,6.864539e-07,1.122852e+01,6.664846e-12,3.422197e-04,0.000000e+00,3.420081e-04,4.197960e-04,0.000000e+00,1.444869e-08,6.556151e-13,1.821506e-10,0.000000e+00,0.000000e+00,0.000000e+00,1.444869e-08,0.0000,98.3537,1.6463,1.576981e+02
18800,6.901248e-07,1.082984e+01,6.428203e-12,3.403449e-04,0.000000e+00,3.426733e-04,4.048099e-04,0.000000e+00,1.450396e-08,1.534457e-12,1.796647e-10,0.000000e+00,0.000000e+00,0.000000e+00,1.450396e-08,0.0000,98.3695,1.6305,1.582832e+02
18900,6.937957e-07,1.054314e+01,6.258030e-12,3.411009e-04,0.000000e+00,3.424616e-04,3.874585e-04,0.000000e+00,1.450388e-08,2.360380e-12,1.755911e-10,0.000000e+00,0.000000e+00,0.000000e+00,1.450388e-08,0.0000,98.3831,1.6169,1.584850e+02
19000,6.974666e-07,1.039484e+01,6.170001e-12,3.418266e-04,0.000000e+00,3.427640e-04,3.658069e-04,0.000000e+00,1.451954e-08,-3.402068e-12,1.704549e-10,0.000000e+00,0.000000e+00,0.000000e+00,1.451954e-08,0.0000,98.3958,1.6042,1.585434e+02
19100,7.011374e-07,1.038729e+01,6.165524e-12,3.425826e-04,0.000000e+00,3.415242e-04,3.438024e-04,0.000000e+00,1.449043e-08,-1.073641e-12,1.560463e-10,0.000000e+00,0.000000e+00,0.000000e+00,1.449043e-08,0.0000,98.4044,1.5956,1.590618e+02
19200,7.048083e-07,1.050032e+01,6.232612e-12,3.415847e-04,0.000000e+00,3.420685e-04,3.233087e-04,0.000000e+00,1.451012e-08,5.277088e-12,1.570715e-10,0.000000e+00,0.000000e+00,0.000000e+00,1.451012e-08,0.0000,98.4159,1.5841,1.589817e+02
19300,7.084792e-07,1.074553e+01,6.378162e-12,3.421593e-04,0.000000e+00,3.403449e-04,3.025095e-04,0.000000e+00,1.444012e-08,2.134499e-12,1.477649e-10,0.000000e+00,0.000000e+00,0.000000e+00,1.444012e-08,0.0000,98.4229,1.5771,1.590490e+02
19400,7.121501e-07,1.110539e+01,6.591759e-12,3.430967e-04,0.000000e+00,3.440341e-04,2.849096e-04,0.000000e+00,1.458590e-08,1.035628e-12,1.201630e-10,0.000000e+00,0.000000e+00,0.000000e+00,1.458590e-08,0.0000,98.4350,1.5650,1.588195e+02
19500,7.158210e-07,1.156166e+01,6.862583e-12,3.443063e-04,0.000000e+00,3.414033e-04,2.705300e-04,0.000000e+00,1.446799e-08,-1.679542e-12,1.246421e-10,0.000000e+00,0.000000e+00,0.000000e+00,1.446799e-08,0.0000,98.4397,1.5603,1.586784e+02
19600,7.194918e-07,1.208558e+01,7.173566e-12,3.418569e-04,0.000000e+00,3.406170e-04,2.571405e-04,0.000000e+00,1.442319e-08,2.917556e-12,1.244764e-10,0.000000e+00,0.000000e+00,0.000000e+00,1.442319e-08,0.0000,98.4474,1.5526,1.584290e+02
19700,7.231627e-07,1.264907e+01,7.508035e-12,3.420081e-04,0.000000e+00,3.430060e-04,2.508939e-04,0.000000e+00,1.449727e-08,-9.701763e-13,1.143834e-10,0.000000e+00,0.000000e+00,0.000000e+00,1.449727e-08,0.0000,98.4592,1.5408,1.578348e+02
19800,7.268336e-07,1.324103e+01,7.859398e-12,3.411916e-04,0.000000e+00,3.409194e-04,2.454753e-04,0.000000e+00,1.439246e-08,4.163612e-12,1.224926e-10,0.000000e+00,0.000000e+00,0.000000e+00,1.439246e-08,0.0000,98.4685,1.5315,1.574800e+02
19900,7.305045e-07,1.383846e+01,8.214010e-12,3.414940e-04,0.000000e+00,3.417661e-04,2.448924e-04,0.000000e+00,1.440778e-08,-2.245591e-12,1.215402e-10,0.000000e+00,0.000000e+00,0.000000e+00,1.440778e-08,0.0000,98.4787,1.5213,1.570374e+02
20000,7.341753e-07,1.441443e+01,8.555884e-12,3.423709e-04,0.000000e+00,3.409497e-04,2.492395e-04,0.000000e+00,1.434451e-08,-6.483317e-13,1.219892e-10,0.000000e+00,0.000000e+00,0.000000e+00,1.434451e-08,0.0000,98.4856,1.5144,1.564059e+02
20100,7.378462e-07,1.494249e+01,8.869326e-12,3.434898e-04,0.000000e+00,3.409799e-04,2.581038e-04,0.000000e+00,1.433118e-08,4.186179e-12,1.390321e-10,0.000000e+00,0.000000e+00,0.000000e+00,1.433118e-08,0.0000,98.4906,1.5094,1.560940e+02
20200,7.415171e-07,1.538931e+01,9.134542e-12,3.427943e-04,0.000000e+00,3.436712e-04,2.705454e-04,0.000000e+00,1.443199e-08,7.982923e-12,1.420121e-10,0.000000e+00,0.000000e+00,0.000000e+00,1.443199e-08,0.0000,98.5015,1.4985,1.558356e+02
20300,7.451880e-07,1.571236e+01,9.326294e-12,3.427036e-04,0.000000e+00,3.402844e-04,2.904675e-04,0.000000e+00,1.426955e-08,9.617562e-13,1.545653e-10,0.000000e+00,0.000000e+00,0.000000e+00,1.426955e-08,0.0000,98.5064,1.4936,1.553850e+02
20400,7.488588e-07,1.589337e+01,9.433735e-12,3.432479e-04,0.000000e+00,3.413126e-04,3.139795e-04,0.000000e+00,1.429274e-08,-6.411468e-12,1.591128e-10,0.000000e+00,0.000000e+00,0.000000e+00,1.429274e-08,0.0000,98.5122,1.4878,1.549687e+02
20500,7.525297e-07,1.589633e+01,9.435490e-12,3.423709e-04,0.000000e+00,3.430664e-04,3.418927e-04,0.000000e+00,1.436312e-08,1.042909e-12,1.898828e-10,0.000000e+00,0.000000e+00,0.000000e+00,1.436312e-08,0.0000,98.5225,1.4775,1.549041e+02
20600,7.562006e-07,1.570881e+01,9.324182e-12,3.409497e-04,0.000000e+00,3.421290e-04,3.712716e-04,0.000000e+00,1.431822e-08,-3.569572e-12,1.776662e-10,0.000000e+00,0.000000e+00,0.000000e+00,1.431822e-08,0.0000,98.5335,1.4665,1.547871e+02
20700,7.598715e-07,1.538478e+01,9.131854e-12,3.417359e-04,0.000000e+00,3.437317e-04,3.941289e-04,0.000000e+00,1.439044e-08,2.102771e-12,1.864245e-10,0.000000e+00,0.000000e+00,0.000000e+00,1.439044e-08,0.0000,98.5458,1.4542,1.548918e+02
20800,7.635424e-07,1.492267e+01,8.857561e-12,3.421593e-04,0.000000e+00,3.399820e-04,4.168807e-04,0.000000e+00,1.423450e-08,-1.271429e-12,2.041007e-10,0.000000e+00,0.000000e+00,0.000000e+00,1.423450e-08,0.0000,98.5507,1.4493,1.549079e+02
20900,7.672132e-07,1.436067e+01,8.523979e-12,3.431572e-04,0.000000e+00,3.414637e-04,4.340295e-04,0.000000e+00,1.431187e-08,-2.132312e-12,1.879243e-10,0.000000e+00,0.000000e+00,0.000000e+00,1.431187e-08,0.0000,98.5564,1.4436,1.552471e+02
21000,7.708841e-07,1.376740e+01,8.171836e-12,3.403146e-04,0.000000e+00,3.430362e-04,4.362436e-04,0.000000e+00,1.439698e-08,7.812561e-12,2.081513e-10,0.000000e+00,0.000000e+00,0.000000e+00,1.439698e-08,0.0000,98.5696,1.4304,1.556607e+02
21100,7.745550e-07,1.317350e+01,7.819316e-12,3.434898e-04,0.000000e+00,3.440643e-04,4.395214e-04,0.000000e+00,1.445609e-08,-1.166284e-12,2.166081e-10,0.000000e+00,0.000000e+00,0.000000e+00,1.445609e-08,0.0000,98.5791,1.4209,1.560054e+02
21200,7.782259e-07,1.260625e+01,7.482619e-12,3.432176e-04,0.000000e+00,3.434898e-04,4.349388e-04,0.000000e+00,1.445702e-08,2.014016e-12,2.103822e-10,0.000000e+00,0.000000e+00,0.000000e+00,1.445702e-08,0.0000,98.5879,1.4121,1.565344e+02
21300,7.818967e-07,1.211621e+01,7.191744e-12,3.433084e-04,0.000000e+00,3.420383e-04,4.225470e-04,0.000000e+00,1.441766e-08,-2.419744e-12,1.913147e-10,0.000000e+00,0.000000e+00,0.000000e+00,1.441766e-08,0.0000,98.5939,1.4061,1.570204e+02
21400,7.855676e-07,1.175370e+01,6.976572e-12,3.445179e-04,0.000000e+00,3.453344e-04,4.031339e-04,0.000000e+00,1.456817e-08,-2.446537e-12,1.776727e-10,0.000000e+00,0.000000e+00,0.000000e+00,1.456817e-08,0.0000,98.6035,1.3965,1.572686e+02
21500,7.892385e-07,1.150662e+01,6.829919e-12,3.437922e-04,0.000000e+00,3.441551e-04,3.837426e-04,0.000000e+00,1.454673e-08,6.148285e-13,1.680846e-10,0.000000e+00,0.000000e+00,0.000000e+00,1.454673e-08,0.0000,98.6122,1.3878,1.578744e+02
21600,7.929094e-07,1.138342e+01,6.756789e-12,3.432479e-04,0.000000e+00,3.426128e-04,3.631693e-04,0.000000e+00,1.449123e-08,-2.245337e-12,1.672798e-10,0.000000e+00,0.000000e+00,0.000000e+00,1.449123e-08,0.0000,98.6191,1.3809,1.580770e+02
21700,7.965802e-07,1.138199e+01,6.755939e-12,3.411009e-04,0.000000e+00,3.448506e-04,3.413325e-04,0.000000e+00,1.458873e-08,7.860962e-12,1.325325e-10,0.000000e+00,0.000000e+00,0.000000e+00,1.458873e-08,0.0000,98.6331,1.3669,1.581433e+02
21800,8.002511e-07,1.156682e+01,6.865646e-12,3.430362e-04,0.000000e+00,3.447598e-04,3.131504e-04,0.000000e+00,1.457990e-08,2.322321e-12,1.536549e-10,0.000000e+00,0.000000e+00,0.000000e+00,1.457990e-08,0.0000,98.6437,1.3563,1.580385e+02
21900,8.039220e-07,1.184518e+01,7.030870e-12,3.430362e-04,0.000000e+00,3.408892e-04,2.980268e-04,0.000000e+00,1.441958e-08,4.550494e-12,1.417272e-10,0.000000e+00,0.000000e+00,0.000000e+00,1.441958e-08,0.0000,98.6478,1.3522,1.581075e+02
22000,8.075929e-07,1.224775e+01,7.269825e-12,3.445784e-04,0.000000e+00,3.408892e-04,2.794837e-04,0.000000e+00,1.441336e-08,-6.690551e-12,1.268358e-10,0.000000e+00,0.000000e+00,0.000000e+00,1.441336e-08,0.0000,98.6494,1.3506,1.579626e+02
22100,8.112637e-07,1.271687e+01,7.548276e-12,3.423407e-04,0.000000e+00,3.443063e-04,2.664864e-04,0.000000e+00,1.454660e-08,-4.474548e-12,1.313777e-10,0.000000e+00,0.000000e+00,0.000000e+00,1.454660e-08,0.0000,98.6601,1.3399,1.577353e+02
22200,8.149346e-07,1.325658e+01,7.868631e-12,3.413126e-04,0.000000e+00,3.439434e-04,2.540432e-04,0.000000e+00,1.451494e-08,-3.762698e-12,1.245457e-10,0.000000e+00,0.000000e+00,0.000000e+00,1.451494e-08,0.0000,98.6717,1.3283,1.573738e+02
22300,8.186055e-07,1.384497e+01,8.217874e-12,3.430664e-04,0.000000e+00,3.421290e-04,2.479277e-04,0.000000e+00,1.442137e-08,1.138478e-12,1.205148e-10,0.000000e+00,0.000000e+00,0.000000e+00,1.442137e-08,0.0000,98.6775,1.3225,1.570144e+02
22400,8.222764e-07,1.447022e+01,8.589003e-12,3.444877e-04,0.000000e+00,3.402239e-04,2.433868e-04,0.000000e+00,1.431417e-08,1.707841e-13,1.281179e-10,0.000000e+00,0.000000e+00,0.000000e+00,1.431417e-08,0.0000,98.6780,1.3220,1.564256e+02
22500,8.259473e-07,1.508306e+01,8.952761e-12,3.421593e-04,0.000000e+00,3.417661e-04,2.430663e-04,0.000000e+00,1.436614e-08,-3.452211e-12,1.352230e-10,0.000000e+00,0.000000e+00,0.000000e+00,1.436614e-08,0.0000,98.6845,1.3155,1.561498e+02
22600,8.296181e-07,1.565596e+01,9.292812e-12,3.413730e-04,0.000000e+00,3.438527e-04,2.487380e-04,0.000000e+00,1.443453e-08,-1.065045e-11,1.438411e-10,0.000000e+00,0.000000e+00,0.000000e+00,1.443453e-08,0.0000,98.6955,1.3045,1.557282e+02
22700,8.332890e-07,1.618308e+01,9.605694e-12,3.417964e-04,0.000000e+00,3.417359e-04,2.565630e-04,0.000000e+00,1.432346e-08,-3.378038e-14,1.631707e-10,0.000000e+00,0.000000e+00,0.000000e+00,1.432346e-08,0.0000,98.7025,1.2975,1.552510e+02
22800,8.369599e-07,1.661193e+01,9.860245e-12,3.435503e-04,0.000000e+00,3.399518e-04,2.742067e-04,0.000000e+00,1.422499e-08,-4.194734e-12,1.680108e-10,0.000000e+00,0.000000e+00,0.000000e+00,1.422499e-08,0.0000,98.7038,1.2962,1.547326e+02
22900,8.406308e-07,1.692016e+01,1.004320e-11,3.440946e-04,0.000000e+00,3.416452e-04,2.942557e-04,0.000000e+00,1.428266e-08,-1.839865e-12,1.776610e-10,0.000000e+00,0.000000e+00,0.000000e+00,1.428266e-08,0.0000,98.7069,1.2931,1.544512e+02
23000,8.443016e-07,1.703208e+01,1.010963e-11,3.409799e-04,0.000000e+00,3.415545e-04,3.228834e-04,0.000000e+00,1.426758e-08,-5.163570e-12,1.928550e-10,0.000000e+00,0.000000e+00,0.000000e+00,1.426758e-08,0.0000,98.7146,1.2854,1.542104e+02
23100,8.479725e-07,1.698178e+01,1.007977e-11,3.456973e-04,0.000000e+00,3.437015e-04,3.538303e-04,0.000000e+00,1.434379e-08,-3.105898e-12,1.937504e-10,0.000000e+00,0.000000e+00,0.000000e+00,1.434379e-08,0.0000,98.7184,1.2816,1.539312e+02
23200,8.516434e-07,1.672522e+01,9.927486e-12,3.408892e-04,0.000000e+00,3.417359e-04,3.823742e-04,0.000000e+00,1.426338e-08,-4.982644e-12,2.156333e-10,0.000000e+00,0.000000e+00,0.000000e+00,1.426338e-08,0.0000,98.7264,1.2736,1.539641e+02
23300,8.553143e-07,1.629882e+01,9.674396e-12,3.413126e-04,0.000000e+00,3.434898e-04,4.102582e-04,0.000000e+00,1.434004e-08,-4.489712e-12,2.158967e-10,0.000000e+00,0.000000e+00,0.000000e+00,1.434004e-08,0.0000,98.7363,1.2637,1.540372e+02
23400,8.589851e-07,1.576707e+01,9.358768e-12,3.428548e-04,0.000000e+00,3.444575e-04,4.288363e-04,0.000000e+00,1.439127e-08,-5.018550e-12,2.069902e-10,0.000000e+00,0.000000e+00,0.000000e+00,1.439127e-08,0.0000,98.7453,1.2547,1.542732e+02
23500,8.626560e-07,1.514250e+01,8.988041e-12,3.425826e-04,0.000000e+00,3.403751e-04,4.435741e-04,0.000000e+00,1.423971e-08,-3.678736e-12,2.062201e-10,0.000000e+00,0.000000e+00,0.000000e+00,1.423971e-08,0.0000,98.7484,1.2516,1.546804e+02
23600,8.663269e-07,1.449961e+01,8.606446e-12,3.438829e-04,0.000000e+00,3.437922e-04,4.478348e-04,0.000000e+00,1.439859e-08,-5.926817e-12,2.235226e-10,0.000000e+00,0.000000e+00,0.000000e+00,1.439859e-08,0.0000,98.7547,1.2453,1.550205e+02
23700,8.699978e-07,1.386379e+01,8.229046e-12,3.427943e-04,0.000000e+00,3.443970e-04,4.456034e-04,0.000000e+00,1.444334e-08,-1.565393e-12,2.019646e-10,0.000000e+00,0.000000e+00,0.000000e+00,1.444334e-08,0.0000,98.7635,1.2365,1.554392e+02
23800,8.736687e-07,1.327323e+01,7.878509e-12,3.395284e-04,0.000000e+00,3.433991e-04,4.350198e-04,0.000000e+00,1.443093e-08,-2.479334e-12,1.838058e-10,0.000000e+00,0.000000e+00,0.000000e+00,1.443093e-08,0.0000,98.7754,1.2246,1.560724e+02
23900,8.773395e-07,1.280551e+01,7.600890e-12,3.446086e-04,0.000000e+00,3.427036e-04,4.202360e-04,0.000000e+00,1.442355e-08,-2.982180e-12,1.776335e-10,0.000000e+00,0.000000e+00,0.000000e+00,1.442355e-08,0.0000,98.7789,1.2211,1.565447e+02
24000,8.810104e-07,1.244697e+01,7.388072e-12,3.391655e-04,0.000000e+00,3.438527e-04,3.971403e-04,0.000000e+00,1.448402e-08,-3.932536e-12,1.896064e-10,0.000000e+00,0.000000e+00,0.000000e+00,1.448402e-08,0.0000,98.7918,1.2082,1.567972e+02
24100,8.846813e-07,1.223529e+01,7.262427e-12,3.431269e-04,0.000000e+00,3.426733e-04,3.773544e-04,0.000000e+00,1.445323e-08,1.671893e-12,1.526449e-10,0.000000e+00,0.000000e+00,0.000000e+00,1.445323e-08,0.0000,98.7972,1.2028,1.572105e+02
24200,8.883522e-07,1.216639e+01,7.221529e-12,3.427036e-04,0.000000e+00,3.429757e-04,3.538448e-04,0.000000e+00,1.447468e-08,-4.095862e-12,1.513404e-10,0.000000e+00,0.000000e+00,0.000000e+00,1.447468e-08,0.0000,98.8036,1.1964,1.573938e+02
24300,8.920230e-07,1.224640e+01,7.269025e-12,3.427640e-04,0.000000e+00,3.401030e-04,3.298254e-04,0.000000e+00,1.435790e-08,9.013726e-12,1.347920e-10,0.000000e+00,0.000000e+00,0.000000e+00,1.435790e-08,0.0000,98.8057,1.1943,1.574887e+02
24400,8.956939e-07,1.245879e+01,7.395092e-12,3.420988e-04,0.000000e+00,3.439736e-04,3.077562e-04,0.000000e+00,1.452483e-08,-2.476404e-12,1.386204e-10,0.000000e+00,0.000000e+00,0.000000e+00,1.452483e-08,0.0000,98.8143,1.1857,1.575767e+02
24500,8.993648e-07,1.279527e+01,7.594812e-12,3.424616e-04,0.000000e+00,3.416149e-04,2.880550e-04,0.000000e+00,1.442050e-08,2.266881e-12,1.373441e-10,0.000000e+00,0.000000e+00,0.000000e+00,1.442050e-08,0.0000,98.8189,1.1811,1.574719e+02
24600,9.030357e-07,1.324844e+01,7.863800e-12,3.436107e-04,0.000000e+00,3.419173e-04,2.703347e-04,0.000000e+00,1.441167e-08,-4.124698e-12,1.156426e-10,0.000000e+00,0.000000e+00,0.000000e+00,1.441167e-08,0.0000,98.8222,1.1778,1.569976e+02
24700,9.067065e-07,1.376848e+01,8.172476e-12,3.423407e-04,0.000000e+00,3.420988e-04,2.582529e-04,0.000000e+00,1.440988e-08,9.092061e-13,1.390486e-10,0.000000e+00,0.000000e+00,0.000000e+00,1.440988e-08,0.0000,98.8276,1.1724,1.568016e+02
24800,9.103774e-07,1.432894e+01,8.505142e-12,3.401030e-04,0.000000e+00,3.424919e-04,2.494799e-04,0.000000e+00,1.441124e-08,-5.850745e-15,1.281686e-10,0.000000e+00,0.000000e+00,0.000000e+00,1.441124e-08,0.0000,98.8366,1.1634,1.564701e+02
24900,9.140483e-07,1.494791e+01,8.872543e-12,3.412823e-04,0.000000e+00,3.415242e-04,2.411968e-04,0.000000e+00,1.434822e-08,1.014371e-12,1.184222e-10,0.000000e+00,0.000000e+00,0.000000e+00,1.434822e-08,0.0000,98.8425,1.1575,1.559836e+02
25000,9.177192e-07,1.557589e+01,9.245290e-12,3.411916e-04,0.000000e+00,3.418569e-04,2.396498e-04,0.000000e+00,1.433759e-08,-5.076442e-12,1.399893e-10,0.000000e+00,0.000000e+00,0.000000e+00,1.433759e-08,0.0000,98.8490,1.1510,1.554572e+02
25100,9.213900e-07,1.621173e+01,9.622699e-12,3.438829e-04,0.000000e+00,3.403449e-04,2.410712e-04,0.000000e+00,1.426915e-08,-5.951984e-12,1.495049e-10,0.000000e+00,0.000000e+00,0.000000e+00,1.426915e-08,0.0000,98.8496,1.1504,1.553411e+02
25200,9.250609e-07,1.678541e+01,9.963218e-12,3.397401e-04,0.000000e+00,3.391655e-04,2.469779e-04,0.000000e+00,1.419599e-08,-1.132629e-11,1.685470e-10,0.000000e+00,0.000000e+00,0.000000e+00,1.419599e-08,0.0000,98.8542,1.1458,1.548348e+02
25300,9.287318e-07,1.729984e+01,1.026856e-11,3.409194e-04,0.000000e+00,3.419476e-04,2.577398e-04,0.000000e+00,1.429841e-08,3.864614e-12,1.559278e-10,0.000000e+00,0.000000e+00,0.000000e+00,1.429841e-08,0.0000,98.8610,1.1390,1.545314e+02
25400,9.324027e-07,1.772808e+01,1.052275e-11,3.454251e-04,0.000000e+00,3.413126e-04,2.761804e-04,0.000000e+00,1.424302e-08,2.175442e-12,1.864644e-10,0.000000e+00,0.000000e+00,0.000000e+00,1.424302e-08,0.0000,98.8607,1.1393,1.539132e+02
25500,9.360736e-07,1.797778e+01,1.067096e-11,3.416149e-04,0.000000e+00,3.384398e-04,3.012389e-04,0.000000e+00,1.411478e-08,2.236071e-12,1.989487e-10,0.000000e+00,0.000000e+00,0.000000e+00,1.411478e-08,0.0000,98.8617,1.1383,1.537253e+02
25600,9.397444e-07,1.803064e+01,1.070234e-11,3.412823e-04,0.000000e+00,3.426431e-04,3.327346e-04,0.000000e+00,1.428264e-08,-2.065803e-12,2.147366e-10,0.000000e+00,0.000000e+00,0.000000e+00,1.428264e-08,0.0000,98.8688,1.1312,1.535683e+02
25700,9.434153e-07,1.787361e+01,1.060913e-11,3.426431e-04,0.000000e+00,3.425826e-04,3.680342e-04,0.000000e+00,1.426349e-08,-6.034540e-12,2.258696e-10,0.000000e+00,0.000000e+00,0.000000e+00,1.426349e-08,0.0000,98.8740,1.1260,1.532205e+02
25800,9.470862e-07,1.753060e+01,1.040553e-11,3.425221e-04,0.000000e+00,3.425221e-04,3.979857e-04,0.000000e+00,1.426709e-08,-7.734254e-12,2.287048e-10,0.000000e+00,0.000000e+00,0.000000e+00,1.426709e-08,0.0000,98.8792,1.1208,1.533533e+02
25900,9.507571e-07,1.700037e+01,1.009081e-11,3.404054e-04,0.000000e+00,3.422500e-04,4.261407e-04,0.000000e+00,1.426333e-08,-4.695412e-12,2.402232e-10,0.000000e+00,0.000000e+00,0.000000e+00,1.426333e-08,0.0000,98.8868,1.1132,1.535119e+02
26000,9.544279e-07,1.635745e+01,9.709196e-12,3.428850e-04,0.000000e+00,3.426431e-04,4.468425e-04,0.000000e+00,1.429143e-08,-6.720260e-12,2.316150e-10,0.000000e+00,0.000000e+00,0.000000e+00,1.429143e-08,0.0000,98.8915,1.1085,1.537641e+02
26100,9.580988e-07,1.567585e+01,9.304623e-12,3.440946e-04,0.000000e+00,3.413730e-04,4.543060e-04,0.000000e+00,1.425315e-08,-1.284889e-12,2.143917e-10,0.000000e+00,0.000000e+00,0.000000e+00,1.425315e-08,0.0000,98.8930,1.1070,1.540836e+02
26200,9.617697e-07,1.497844e+01,8.890664e-12,3.409194e-04,0.000000e+00,3.428548e-04,4.536879e-04,0.000000e+00,1.433636e-08,-1.946581e-13,2.136169e-10,0.000000e+00,0.000000e+00,0.000000e+00,1.433636e-08,0.0000,98.9005,1.0995,1.545367e+02
26300,9.654406e-07,1.433606e+01,8.509369e-12,3.426733e-04,0.000000e+00,3.445482e-04,4.465437e-04,0.000000e+00,1.443941e-08,-5.987635e-12,1.931231e-10,0.000000e+00,0.000000e+00,0.000000e+00,1.443941e-08,0.0000,98.9080,1.0920,1.552256e+02
26400,9.691114e-07,1.379122e+01,8.185970e-12,3.428245e-04,0.000000e+00,3.448203e-04,4.309230e-04,0.000000e+00,1.446562e-08,-1.351693e-12,1.804928e-10,0.000000e+00,0.000000e+00,0.000000e+00,1.446562e-08,0.0000,98.9155,1.0845,1.555482e+02
26500,9.727823e-07,1.336984e+01,7.935857e-12,3.440039e-04,0.000000e+00,3.419476e-04,4.121384e-04,0.000000e+00,1.437367e-08,-1.433333e-12,1.655142e-10,0.000000e+00,0.000000e+00,0.000000e+00,1.437367e-08,0.0000,98.9177,1.0823,1.561661e+02
26600,9.764532e-07,1.305076e+01,7.746463e-12,3.382886e-04,0.000000e+00,3.437317e-04,3.898821e-04,0.000000e+00,1.445862e-08,-5.401575e-12,1.475546e-10,0.000000e+00,0.000000e+00,0.000000e+00,1.445862e-08,0.0000,98.9295,1.0705,1.563778e+02
26700,9.801241e-07,1.291596e+01,7.666449e-12,3.428548e-04,0.000000e+00,3.426431e-04,3.646518e-04,0.000000e+00,1.442127e-08,1.234006e-13,1.462480e-10,0.000000e+00,0.000000e+00,0.000000e+00,1.442127e-08,0.0000,98.9340,1.0660,1.565520e+02
26800,9.837950e-07,1.293900e+01,7.680127e-12,3.426128e-04,0.000000e+00,3.427640e-04,3.388869e-04,0.000000e+00,1.443601e-08,-8.277052e-12,1.476567e-10,0.000000e+00,0.000000e+00,0.000000e+00,1.443601e-08,0.0000,98.9389,1.0611,1.567576e+02
26900,9.874658e-07,1.310350e+01,7.777767e-12,3.437619e-04,0.000000e+00,3.400123e-04,3.171634e-04,0.000000e+00,1.432875e-08,8.191457e-13,1.390597e-10,0.000000e+00,0.000000e+00,0.000000e+00,1.432875e-08,0.0000,98.9387,1.0613,1.569501e+02
27000,9.911367e-07,1.340370e+01,7.955956e-12,3.446389e-04,0.000000e+00,3.432781e-04,2.960974e-04,0.000000e+00,1.446575e-08,-5.335987e-12,1.390808e-10,0.000000e+00,0.000000e+00,0.000000e+00,1.446575e-08,0.0000,98.9417,1.0583,1.569360e+02
27100,9.948076e-07,1.378479e+01,8.182154e-12,3.411614e-04,0.000000e+00,3.439736e-04,2.795419e-04,0.000000e+00,1.447784e-08,-9.214081e-12,1.398917e-10,0.000000e+00,0.000000e+00,0.000000e+00,1.447784e-08,0.0000,98.9498,1.0502,1.565716e+02
27200,9.984785e-07,1.426443e+01,8.466850e-12,3.411614e-04,0.000000e+00,3.433991e-04,2.636059e-04,0.000000e+00,1.444852e-08,1.530449e-12,1.403629e-10,0.000000e+00,0.000000e+00,0.000000e+00,1.444852e-08,0.0000,98.9572,1.0428,1.564588e+02
27300,1.002149e-06,1.482664e+01,8.800562e-12,3.423407e-04,0.000000e+00,3.427338e-04,2.514329e-04,0.000000e+00,1.439649e-08,-1.240768e-11,1.363909e-10,0.000000e+00,0.000000e+00,0.000000e+00,1.439649e-08,0.0000,98.9622,1.0378,1.559343e+02
27400,1.005820e-06,1.543022e+01,9.158823e-12,3.409497e-04,0.000000e+00,3.396494e-04,2.433542e-04,0.000000e+00,1.425210e-08,-6.468776e-12,1.393255e-10,0.000000e+00,0.000000e+00,0.000000e+00,1.425210e-08,0.0000,98.9650,1.0350,1.556104e+02
27500,1.009491e-06,1.605867e+01,9.531849e-12,3.411916e-04,0.000000e+00,3.415847e-04,2.395740e-04,0.000000e+00,1.431695e-08,1.514030e-12,1.382056e-10,0.000000e+00,0.000000e+00,0.000000e+00,1.431695e-08,0.0000,98.9699,1.0301,1.552609e+02
27600,1.013162e-06,1.671026e+01,9.918608e-12,3.446389e-04,0.000000e+00,3.399820e-04,2.392801e-04,0.000000e+00,1.422676e-08,-1.503171e-12,1.468418e-10,0.000000e+00,0.000000e+00,0.000000e+00,1.422676e-08,0.0000,98.9685,1.0315,1.547566e+02
27700,1.016833e-06,1.732076e+01,1.028098e-11,3.413126e-04,0.000000e+00,3.410102e-04,2.425964e-04,0.000000e+00,1.425464e-08,-1.457415e-12,1.672962e-10,0.000000e+00,0.000000e+00,0.000000e+00,1.425464e-08,0.0000,98.9725,1.0275,1.544372e+02
27800,1.020504e-06,1.789397e+01,1.062121e-11,3.433991e-04,0.000000e+00,3.418871e-04,2.507151e-04,0.000000e+00,1.427833e-08,1.724483e-12,1.679002e-10,0.000000e+00,0.000000e+00,0.000000e+00,1.427833e-08,0.0000,98.9750,1.0250,1.541491e+02
27900,1.024175e-06,1.836798e+01,1.090257e-11,3.429455e-04,0.000000e+00,3.413730e-04,2.662994e-04,0.000000e+00,1.422979e-08,-1.668407e-12,1.839021e-10,0.000000e+00,0.000000e+00,0.000000e+00,1.422979e-08,0.0000,98.9774,1.0226,1.535797e+02
28000,1.027845e-06,1.871894e+01,1.111089e-11,3.434898e-04,0.000000e+00,3.410706e-04,2.867404e-04,0.000000e+00,1.420426e-08,-1.649574e-12,2.122117e-10,0.000000e+00,0.000000e+00,0.000000e+00,1.420426e-08,0.0000,98.9787,1.0213,1.532938e+02
28100,1.031516e-06,1.888425e+01,1.120901e-11,3.418569e-04,0.000000e+00,3.424616e-04,3.151279e-04,0.000000e+00,1.425947e-08,-2.873746e-12,2.307347e-10,0.000000e+00,0.000000e+00,0.000000e+00,1.425947e-08,0.0000,98.9837,1.0163,1.532533e+02
28200,1.035187e-06,1.883665e+01,1.118076e-11,3.421290e-04,0.000000e+00,3.435805e-04,3.498260e-04,0.000000e+00,1.428362e-08,-2.100766e-12,2.407886e-10,0.000000e+00,0.000000e+00,0.000000e+00,1.428362e-08,0.0000,98.9897,1.0103,1.527697e+02
28300,1.038858e-06,1.855873e+01,1.101580e-11,3.399820e-04,0.000000e+00,3.419476e-04,3.849193e-04,0.000000e+00,1.420615e-08,-2.882414e-12,2.440989e-10,0.000000e+00,0.000000e+00,0.000000e+00,1.420615e-08,0.0000,98.9962,1.0038,1.525618e+02
28400,1.042529e-06,1.808029e+01,1.073181e-11,3.413730e-04,0.000000e+00,3.417057e-04,4.187360e-04,0.000000e+00,1.420474e-08,-2.304193e-12,2.416484e-10,0.000000e+00,0.000000e+00,0.000000e+00,1.420474e-08,0.0000,99.0007,0.9993,1.527445e+02
28500,1.046200e-06,1.745265e+01,1.035927e-11,3.394075e-04,0.000000e+00,3.394075e-04,4.408928e-04,0.000000e+00,1.411576e-08,1.123566e-12,2.545392e-10,0.000000e+00,0.000000e+00,0.000000e+00,1.411576e-08,0.0000,99.0048,0.9952,1.528886e+02
28600,1.049871e-06,1.676692e+01,9.952241e-12,3.444877e-04,0.000000e+00,3.436107e-04,4.553673e-04,0.000000e+00,1.430980e-08,5.248104e-12,2.489565e-10,0.000000e+00,0.000000e+00,0.000000e+00,1.430980e-08,0.0000,99.0078,0.9922,1.533069e+02
28700,1.053542e-06,1.603133e+01,9.515618e-12,3.428548e-04,0.000000e+00,3.422197e-04,4.617973e-04,0.000000e+00,1.427416e-08,-8.910966e-13,1.987695e-10,0.000000e+00,0.000000e+00,0.000000e+00,1.427416e-08,0.0000,99.0111,0.9889,1.537666e+02
28800,1.057212e-06,1.535921e+01,9.116672e-12,3.453344e-04,0.000000e+00,3.422802e-04,4.540129e-04,0.000000e+00,1.430267e-08,-2.484618e-12,2.257210e-10,0.000000e+00,0.000000e+00,0.000000e+00,1.430267e-08,0.0000,99.0115,0.9885,1.543378e+02
28900,1.060883e-06,1.473039e+01,8.743429e-12,3.410404e-04,0.000000e+00,3.435503e-04,4.427172e-04,0.000000e+00,1.436588e-08,1.153499e-12,1.718248e-10,0.000000e+00,0.000000e+00,0.000000e+00,1.436588e-08,0.0000,99.0184,0.9816,1.545566e+02
29000,1.064554e-06,1.422679e+01,8.444511e-12,3.425826e-04,0.000000e+00,3.467556e-04,4.240122e-04,0.000000e+00,1.453086e-08,-7.984920e-12,1.633600e-10,0.000000e+00,0.000000e+00,0.000000e+00,1.453086e-08,0.0000,99.0273,0.9727,1.552092e+02
29100,1.068225e-06,1.386464e+01,8.229549e-12,3.430060e-04,0.000000e+00,3.402844e-04,4.015647e-04,0.000000e+00,1.427882e-08,-3.858952e-12,1.528501e-10,0.000000e+00,0.000000e+00,0.000000e+00,1.427882e-08,0.0000,99.0280,0.9720,1.556127e+02
29200,1.071896e-06,1.364028e+01,8.096379e-12,3.398913e-04,0.000000e+00,3.455763e-04,3.761687e-04,0.000000e+00,1.451511e-08,-1.726313e-12,1.365759e-10,0.000000e+00,0.000000e+00,0.000000e+00,1.451511e-08,0.0000,99.0385,0.9615,1.559337e+02
29300,1.075567e-06,1.357981e+01,8.060484e-12,3.411614e-04,0.000000e+00,3.427640e-04,3.509397e-04,0.000000e+00,1.440846e-08,5.112877e-12,1.399545e-10,0.000000e+00,0.000000e+00,0.000000e+00,1.440846e-08,0.0000,99.0441,0.9559,1.561747e+02
29400,1.079238e-06,1.368938e+01,8.125521e-12,3.430664e-04,0.000000e+00,3.408590e-04,3.253495e-04,0.000000e+00,1.432747e-08,-1.585972e-11,1.418971e-10,0.000000e+00,0.000000e+00,0.000000e+00,1.432747e-08,0.0000,99.0454,0.9546,1.561517e+02
29500,1.082909e-06,1.393257e+01,8.269873e-12,3.420685e-04,0.000000e+00,3.416754e-04,3.027450e-04,0.000000e+00,1.436560e-08,6.244300e-12,1.171635e-10,0.000000e+00,0.000000e+00,0.000000e+00,1.436560e-08,0.0000,99.0487,0.9513,1.562412e+02
29600,1.086579e-06,1.428258e+01,8.477626e-12,3.433688e-04,0.000000e+00,3.441551e-04,2.867737e-04,0.000000e+00,1.446821e-08,-2.864727e-12,1.430669e-10,0.000000e+00,0.000000e+00,0.000000e+00,1.446821e-08,0.0000,99.0533,0.9467,1.561989e+02
29700,1.090250e-06,1.474543e+01,8.752358e-12,3.435805e-04,0.000000e+00,3.403449e-04,2.687396e-04,0.000000e+00,1.430016e-08,1.083317e-12,1.357569e-10,0.000000e+00,0.000000e+00,0.000000e+00,1.430016e-08,0.0000,99.0533,0.9467,1.560268e+02
29800,1.093921e-06,1.529175e+01,9.076633e-12,3.437619e-04,0.000000e+00,3.445179e-04,2.554247e-04,0.000000e+00,1.445231e-08,-2.655362e-12,1.392554e-10,0.000000e+00,0.000000e+00,0.000000e+00,1.445231e-08,0.0000,99.0579,0.9421,1.555391e+02
29900,1.097592e-06,1.589532e+01,9.434889e-12,3.448203e-04,0.000000e+00,3.423105e-04,2.472261e-04,0.000000e+00,1.434717e-08,-1.324294e-12,1.471355e-10,0.000000e+00,0.000000e+00,0.000000e+00,1.434717e-08,0.0000,99.0587,0.9413,1.552618e+02
30000,1.101263e-06,1.652024e+01,9.805821e-12,3.430060e-04,0.000000e+00,3.407380e-04,2.419588e-04,0.000000e+00,1.425918e-08,-1.552267e-13,1.527964e-10,0.000000e+00,0.000000e+00,0.000000e+00,1.425918e-08,0.0000,99.0598,0.9402,1.547875e+02
30100,1.104934e-06,1.715481e+01,1.018248e-11,3.411311e-04,0.000000e+00,3.451832e-04,2.385250e-04,0.000000e+00,1.443187e-08,8.065969e-12,1.581474e-10,0.000000e+00,0.000000e+00,0.000000e+00,1.443187e-08,0.0000,99.0680,0.9320,1.545063e+02
30200,1.108605e-06,1.777846e+01,1.055265e-11,3.419476e-04,0.000000e+00,3.430967e-04,2.411056e-04,0.000000e+00,1.432722e-08,-4.241597e-12,1.692632e-10,0.000000e+00,0.000000e+00,0.000000e+00,1.432722e-08,0.0000,99.0728,0.9272,1.541347e+02
30300,1.112276e-06,1.835938e+01,1.089747e-11,3.405566e-04,0.000000e+00,3.402239e-04,2.466240e-04,0.000000e+00,1.418254e-08,4.445880e-12,1.923677e-10,0.000000e+00,0.000000e+00,0.000000e+00,1.418254e-08,0.0000,99.0760,0.9240,1.535970e+02
30400,1.115947e-06,1.888146e+01,1.120735e-11,3.427640e-04,0.000000e+00,3.420383e-04,2.583468e-04,0.000000e+00,1.424311e-08,-1.083326e-12,1.916207e-10,0.000000e+00,0.000000e+00,0.000000e+00,1.424311e-08,0.0000,99.0787,0.9213,1.532835e+02
30500,1.119617e-06,1.929632e+01,1.145360e-11,3.429455e-04,0.000000e+00,3.387724e-04,2.758637e-04,0.000000e+00,1.408879e-08,2.680588e-13,2.156549e-10,0.000000e+00,0.000000e+00,0.000000e+00,1.408879e-08,0.0000,99.0776,0.9224,1.528712e+02
30600,1.123288e-06,1.953264e+01,1.159387e-11,3.406775e-04,0.000000e+00,3.404961e-04,3.024658e-04,0.000000e+00,1.415498e-08,-1.185718e-12,2.392900e-10,0.000000e+00,0.000000e+00,0.000000e+00,1.415498e-08,0.0000,99.0808,0.9192,1.527636e+02
30700,1.126959e-06,1.959041e+01,1.162816e-11,3.414335e-04,0.000000e+00,3.410706e-04,3.320929e-04,0.000000e+00,1.416519e-08,-6.706626e-12,2.451201e-10,0.000000e+00,0.000000e+00,0.000000e+00,1.416519e-08,0.0000,99.0839,0.9161,1.524744e+02
30800,1.130630e-06,1.942019e+01,1.152712e-11,3.427036e-04,0.000000e+00,3.424919e-04,3.702279e-04,0.000000e+00,1.421085e-08,2.991875e-12,2.635535e-10,0.000000e+00,0.000000e+00,0.000000e+00,1.421085e-08,0.0000,99.0871,0.9129,1.521887e+02
30900,1.134301e-06,1.901126e+01,1.128440e-11,3.380769e-04,0.000000e+00,3.401030e-04,4.041977e-04,0.000000e+00,1.410768e-08,1.645861e-13,2.743055e-10,0.000000e+00,0.000000e+00,0.000000e+00,1.410768e-08,0.0000,99.0926,0.9074,1.520987e+02
31000,1.137972e-06,1.841953e+01,1.093317e-11,3.396494e-04,0.000000e+00,3.415847e-04,4.353296e-04,0.000000e+00,1.418436e-08,-2.860911e-12,2.673703e-10,0.000000e+00,0.000000e+00,0.000000e+00,1.418436e-08,0.0000,99.0981,0.9019,1.524228e+02
31100,1.141643e-06,1.771864e+01,1.051715e-11,3.419173e-04,0.000000e+00,3.424314e-04,4.552492e-04,0.000000e+00,1.422309e-08,3.523917e-12,2.444639e-10,0.000000e+00,0.000000e+00,0.000000e+00,1.422309e-08,0.0000,99.1020,0.8980,1.525033e+02
31200,1.145314e-06,1.696475e+01,1.006967e-11,3.425826e-04,0.000000e+00,3.402239e-04,4.644824e-04,0.000000e+00,1.416049e-08,-4.583046e-12,2.132886e-10,0.000000e+00,0.000000e+00,0.000000e+00,1.416049e-08,0.0000,99.1028,0.8972,1.531290e+02
31300,1.148984e-06,1.622062e+01,9.627977e-12,3.404054e-04,0.000000e+00,3.426128e-04,4.607277e-04,0.000000e+00,1.428720e-08,1.019721e-12,2.094927e-10,0.000000e+00,0.000000e+00,0.000000e+00,1.428720e-08,0.0000,99.1084,0.8916,1.537134e+02
31400,1.152655e-06,1.557684e+01,9.245849e-12,3.457275e-04,0.000000e+00,3.417057e-04,4.498248e-04,0.000000e+00,1.427628e-08,-2.252607e-12,1.841895e-10,0.000000e+00,0.000000e+00,0.000000e+00,1.427628e-08,0.0000,99.1074,0.8926,1.542872e+02
31500,1.156326e-06,1.501696e+01,8.913526e-12,3.397401e-04,0.000000e+00,3.419778e-04,4.302697e-04,0.000000e+00,1.429626e-08,-1.920539e-12,1.508239e-10,0.000000e+00,0.000000e+00,0.000000e+00,1.429626e-08,0.0000,99.1130,0.8870,1.544796e+02
31600,1.159997e-06,1.459828e+01,8.665012e-12,3.419778e-04,0.000000e+00,3.461509e-04,4.096765e-04,0.000000e+00,1.450446e-08,-1.235396e-12,1.314144e-10,0.000000e+00,0.000000e+00,0.000000e+00,1.450446e-08,0.0000,99.1207,0.8793,1.551988e+02
31700,1.163668e-06,1.433592e+01,8.509284e-12,3.413730e-04,0.000000e+00,3.432176e-04,3.837958e-04,0.000000e+00,1.438805e-08,-3.284232e-12,1.160747e-10,0.000000e+00,0.000000e+00,0.000000e+00,1.438805e-08,0.0000,99.1258,0.8742,1.553392e+02
31800,1.167339e-06,1.422953e+01,8.446138e-12,3.422802e-04,0.000000e+00,3.403146e-04,3.594819e-04,0.000000e+00,1.427908e-08,-1.355452e-12,1.260733e-10,0.000000e+00,0.000000e+00,0.000000e+00,1.427908e-08,0.0000,99.1269,0.8731,1.555957e+02
31900,1.171010e-06,1.431332e+01,8.495872e-12,3.453344e-04,0.000000e+00,3.424314e-04,3.317861e-04,0.000000e+00,1.436228e-08,-1.280301e-12,1.224757e-10,0.000000e+00,0.000000e+00,0.000000e+00,1.436228e-08,0.0000,99.1270,0.8730,1.554811e+02
32000,1.174681e-06,1.450144e+01,8.607531e-12,3.421895e-04,0.000000e+00,3.416452e-04,3.117719e-04,0.000000e+00,1.434267e-08,-7.183873e-12,1.276278e-10,0.000000e+00,0.000000e+00,0.000000e+00,1.434267e-08,0.0000,99.1296,0.8704,1.557618e+02
32100,1.178351e-06,1.483715e+01,8.806801e-12,3.444272e-04,0.000000e+00,3.456066e-04,2.901434e-04,0.000000e+00,1.450148e-08,-2.259832e-12,1.305910e-10,0.000000e+00,0.000000e+00,0.000000e+00,1.450148e-08,0.0000,99.1339,0.8661,1.556054e+02
32200,1.182022e-06,1.524827e+01,9.050827e-12,3.424012e-04,0.000000e+00,3.433991e-04,2.759250e-04,0.000000e+00,1.440188e-08,7.375745e-12,1.510316e-10,0.000000e+00,0.000000e+00,0.000000e+00,1.440188e-08,0.0000,99.1380,0.8620,1.554621e+02
32300,1.185693e-06,1.576145e+01,9.355431e-12,3.428245e-04,0.000000e+00,3.416149e-04,2.598460e-04,0.000000e+00,1.431441e-08,-7.440246e-12,1.406738e-10,0.000000e+00,0.000000e+00,0.000000e+00,1.431441e-08,0.0000,99.1399,0.8601,1.551886e+02
32400,1.189364e-06,1.632613e+01,9.690603e-12,3.411614e-04,0.000000e+00,3.435805e-04,2.498555e-04,0.000000e+00,1.437578e-08,-2.449505e-12,1.548016e-10,0.000000e+00,0.000000e+00,0.000000e+00,1.437578e-08,0.0000,99.1454,0.8546,1.547404e+02
32500,1.193035e-06,1.693338e+01,1.005105e-11,3.420383e-04,0.000000e+00,3.404961e-04,2.438483e-04,0.000000e+00,1.424235e-08,-2.346018e-12,1.658998e-10,0.000000e+00,0.000000e+00,0.000000e+00,1.424235e-08,0.0000,99.1468,0.8532,1.546381e+02
32600,1.196706e-06,1.755255e+01,1.041856e-11,3.400425e-04,0.000000e+00,3.420081e-04,2.399258e-04,0.000000e+00,1.427893e-08,-8.808510e-12,1.763458e-10,0.000000e+00,0.000000e+00,0.000000e+00,1.427893e-08,0.0000,99.1518,0.8482,1.540814e+02
32700,1.200377e-06,1.817681e+01,1.078910e-11,3.424314e-04,0.000000e+00,3.411614e-04,2.414919e-04,0.000000e+00,1.422256e-08,3.242882e-12,1.858707e-10,0.000000e+00,0.000000e+00,0.000000e+00,1.422256e-08,0.0000,99.1535,0.8465,1.536252e+02
32800,1.204048e-06,1.876701e+01,1.113942e-11,3.398006e-04,0.000000e+00,3.387422e-04,2.443682e-04,0.000000e+00,1.410616e-08,-2.245128e-12,1.915710e-10,0.000000e+00,0.000000e+00,0.000000e+00,1.410616e-08,0.0000,99.1553,0.8447,1.532700e+02
32900,1.207718e-06,1.932341e+01,1.146968e-11,3.442458e-04,0.000000e+00,3.428548e-04,2.542775e-04,0.000000e+00,1.426756e-08,-3.341104e-12,2.126164e-10,0.000000e+00,0.000000e+00,0.000000e+00,1.426756e-08,0.0000,99.1569,0.8431,1.530764e+02
33000,1.211389e-06,1.976922e+01,1.173430e-11,3.406775e-04,0.000000e+00,3.380165e-04,2.685917e-04,0.000000e+00,1.406302e-08,-6.309643e-12,2.302796e-10,0.000000e+00,0.000000e+00,0.000000e+00,1.406302e-08,0.0000,99.1571,0.8429,1.530067e+02
33100,1.215060e-06,2.006314e+01,1.190876e-11,3.400727e-04,0.000000e+00,3.414940e-04,2.925479e-04,0.000000e+00,1.417335e-08,-4.720424e-12,2.560692e-10,0.000000e+00,0.000000e+00,0.000000e+00,1.417335e-08,0.0000,99.1614,0.8386,1.522688e+02
33200,1.218731e-06,2.015968e+01,1.196606e-11,3.381072e-04,0.000000e+00,3.423407e-04,3.224974e-04,0.000000e+00,1.419565e-08,-3.904075e-12,2.451804e-10,0.000000e+00,0.000000e+00,0.000000e+00,1.419565e-08,0.0000,99.1685,0.8315,1.520051e+02
33300,1.222402e-06,2.006990e+01,1.191277e-11,3.439434e-04,0.000000e+00,3.378048e-04,3.584599e-04,0.000000e+00,1.401431e-08,-3.078301e-12,2.755799e-10,0.000000e+00,0.000000e+00,0.000000e+00,1.401431e-08,0.0000,99.1652,0.8348,1.521464e+02
33400,1.226073e-06,1.977437e+01,1.173735e-11,3.453646e-04,0.000000e+00,3.388329e-04,3.931506e-04,0.000000e+00,1.404081e-08,-7.123306e-12,2.788812e-10,0.000000e+00,0.000000e+00,0.000000e+00,1.404081e-08,0.0000,99.1616,0.8384,1.517915e+02
33500,1.229744e-06,1.926155e+01,1.143296e-11,3.411614e-04,0.000000e+00,3.425221e-04,4.240821e-04,0.000000e+00,1.420053e-08,4.489146e-12,2.651506e-10,0.000000e+00,0.000000e+00,0.000000e+00,1.420053e-08,0.0000,99.1658,0.8342,1.519457e+02
33600,1.233415e-06,1.859680e+01,1.103839e-11,3.410102e-04,0.000000e+00,3.447901e-04,4.484975e-04,0.000000e+00,1.431045e-08,-9.676883e-12,2.575996e-10,0.000000e+00,0.000000e+00,0.000000e+00,1.431045e-08,0.0000,99.1723,0.8277,1.522809e+02
33700,1.237085e-06,1.785545e+01,1.059835e-11,3.413730e-04,0.000000e+00,3.430664e-04,4.612462e-04,0.000000e+00,1.424374e-08,-3.428095e-13,2.324159e-10,0.000000e+00,0.000000e+00,0.000000e+00,1.424374e-08,0.0000,99.1768,0.8232,1.523852e+02
33800,1.240756e-06,1.713079e+01,1.016822e-11,3.433084e-04,0.000000e+00,3.415242e-04,4.604811e-04,0.000000e+00,1.419949e-08,-2.708091e-12,1.730289e-10,0.000000e+00,0.000000e+00,0.000000e+00,1.419949e-08,0.0000,99.1778,0.8222,1.528021e+02
33900,1.244427e-06,1.644220e+01,9.759496e-12,3.423407e-04,0.000000e+00,3.433688e-04,4.536840e-04,0.000000e+00,1.430246e-08,-3.654480e-12,1.572499e-10,0.000000e+00,0.000000e+00,0.000000e+00,1.430246e-08,0.0000,99.1816,0.8184,1.533675e+02
34000,1.248098e-06,1.582760e+01,9.394697e-12,3.394982e-04,0.000000e+00,3.434293e-04,4.388749e-04,0.000000e+00,1.433784e-08,1.719713e-12,1.402158e-10,0.000000e+00,0.000000e+00,0.000000e+00,1.433784e-08,0.0000,99.1881,0.8119,1.540649e+02
34100,1.251769e-06,1.538222e+01,9.130332e-12,3.417359e-04,0.000000e+00,3.441248e-04,4.137527e-04,0.000000e+00,1.437262e-08,2.578119e-12,1.140138e-10,0.000000e+00,0.000000e+00,0.000000e+00,1.437262e-08,0.0000,99.1932,0.8068,1.541932e+02
34200,1.255440e-06,1.506850e+01,8.944121e-12,3.396494e-04,0.000000e+00,3.404658e-04,3.903758e-04,0.000000e+00,1.424356e-08,2.991605e-12,1.337079e-10,0.000000e+00,0.000000e+00,0.000000e+00,1.424356e-08,0.0000,99.1966,0.8034,1.547050e+02
34300,1.259111e-06,1.491630e+01,8.853780e-12,3.405566e-04,0.000000e+00,3.419173e-04,3.651667e-04,0.000000e+00,1.431344e-08,-8.532645e-12,1.270547e-10,0.000000e+00,0.000000e+00,0.000000e+00,1.431344e-08,0.0000,99.2006,0.7994,1.548994e+02
34400,1.262782e-06,1.492356e+01,8.858087e-12,3.403449e-04,0.000000e+00,3.417359e-04,3.391717e-04,0.000000e+00,1.430950e-08,-6.194532e-12,1.268730e-10,0.000000e+00,0.000000e+00,0.000000e+00,1.430950e-08,0.0000,99.2045,0.7955,1.549731e+02
34500,1.266452e-06,1.508200e+01,8.952135e-12,3.431874e-04,0.000000e+00,3.393772e-04,3.175674e-04,0.000000e+00,1.421616e-08,-7.030166e-12,1.210171e-10,0.000000e+00,0.000000e+00,0.000000e+00,1.421616e-08,0.0000,99.2035,0.7965,1.550971e+02
34600,1.270123e-06,1.536944e+01,9.122748e-12,3.443365e-04,0.000000e+00,3.410102e-04,2.978591e-04,0.000000e+00,1.428648e-08,-1.572598e-12,1.414802e-10,0.000000e+00,0.000000e+00,0.000000e+00,1.428648e-08,0.0000,99.2029,0.7971,1.551281e+02
34700,1.273794e-06,1.575407e+01,9.351052e-12,3.426733e-04,0.000000e+00,3.423105e-04,2.804800e-04,0.000000e+00,1.432902e-08,-1.268180e-12,1.518324e-10,0.000000e+00,0.000000e+00,0.000000e+00,1.432902e-08,0.0000,99.2052,0.7948,1.548804e+02
34800,1.277465e-06,1.623138e+01,9.634361e-12,3.429152e-04,0.000000e+00,3.422197e-04,2.657378e-04,0.000000e+00,1.430675e-08,6.175578e-13,1.522642e-10,0.000000e+00,0.000000e+00,0.000000e+00,1.430675e-08,0.0000,99.2071,0.7929,1.544813e+02
34900,1.281136e-06,1.676861e+01,9.953246e-12,3.415847e-04,0.000000e+00,3.447296e-04,2.547158e-04,0.000000e+00,1.441631e-08,2.091399e-13,1.737881e-10,0.000000e+00,0.000000e+00,0.000000e+00,1.441631e-08,0.0000,99.2127,0.7873,1.545852e+02
35000,1.284807e-06,1.733984e+01,1.029230e-11,3.395587e-04,0.000000e+00,3.443063e-04,2.471947e-04,0.000000e+00,1.438213e-08,-5.033284e-12,1.854905e-10,0.000000e+00,0.000000e+00,0.000000e+00,1.438213e-08,0.0000,99.2197,0.7803,1.542407e+02
35100,1.288478e-06,1.793529e+01,1.064574e-11,3.403449e-04,0.000000e+00,3.388632e-04,2.440623e-04,0.000000e+00,1.413183e-08,7.884764e-13,2.009707e-10,0.000000e+00,0.000000e+00,0.000000e+00,1.413183e-08,0.0000,99.2208,0.7792,1.537321e+02
35200,1.292149e-06,1.854790e+01,1.100936e-11,3.409497e-04,0.000000e+00,3.389841e-04,2.418941e-04,0.000000e+00,1.411556e-08,-5.579200e-12,1.891289e-10,0.000000e+00,0.000000e+00,0.000000e+00,1.411556e-08,0.0000,99.2215,0.7785,1.532735e+02
35300,1.295819e-06,1.914713e+01,1.136505e-11,3.416149e-04,0.000000e+00,3.408287e-04,2.447218e-04,0.000000e+00,1.418055e-08,4.861619e-12,2.176377e-10,0.000000e+00,0.000000e+00,0.000000e+00,1.418055e-08,0.0000,99.2232,0.7768,1.530268e+02
35400,1.299490e-06,1.970381e+01,1.169548e-11,3.451832e-04,0.000000e+00,3.396191e-04,2.551699e-04,0.000000e+00,1.412491e-08,-9.387022e-12,2.156402e-10,0.000000e+00,0.000000e+00,0.000000e+00,1.412491e-08,0.0000,99.2205,0.7795,1.528989e+02
35500,1.303161e-06,2.017081e+01,1.197267e-11,3.427036e-04,0.000000e+00,3.395889e-04,2.671931e-04,0.000000e+00,1.409932e-08,4.570242e-12,2.423812e-10,0.000000e+00,0.000000e+00,0.000000e+00,1.409932e-08,0.0000,99.2201,0.7799,1.523796e+02
35600,1.306832e-06,2.052953e+01,1.218559e-11,3.436410e-04,0.000000e+00,3.407985e-04,2.856365e-04,0.000000e+00,1.413738e-08,1.491088e-12,2.554310e-10,0.000000e+00,0.000000e+00,0.000000e+00,1.413738e-08,0.0000,99.2200,0.7800,1.521238e+02
35700,1.310503e-06,2.070703e+01,1.229095e-11,3.418871e-04,0.000000e+00,3.436712e-04,3.131860e-04,0.000000e+00,1.424701e-08,-2.206051e-12,2.563115e-10,0.000000e+00,0.000000e+00,0.000000e+00,1.424701e-08,0.0000,99.2241,0.7759,1.519220e+02
35800,1.314174e-06,2.067532e+01,1.227213e-11,3.421290e-04,0.000000e+00,3.430362e-04,3.472565e-04,0.000000e+00,1.421286e-08,2.854523e-13,2.744604e-10,0.000000e+00,0.000000e+00,0.000000e+00,1.421286e-08,0.0000,99.2274,0.7726,1.517582e+02
35900,1.317845e-06,2.041667e+01,1.211860e-11,3.403449e-04,0.000000e+00,3.423709e-04,3.821683e-04,0.000000e+00,1.417743e-08,-4.611008e-12,2.640510e-10,0.000000e+00,0.000000e+00,0.000000e+00,1.417743e-08,0.0000,99.2316,0.7684,1.515837e+02
36000,1.321516e-06,1.999407e+01,1.186776e-11,3.451530e-04,0.000000e+00,3.410102e-04,4.134850e-04,0.000000e+00,1.411576e-08,-8.781006e-13,2.627455e-10,0.000000e+00,0.000000e+00,0.000000e+00,1.411576e-08,0.0000,99.2303,0.7697,1.514807e+02
36100,1.325186e-06,1.939502e+01,1.151218e-11,3.430060e-04,0.000000e+00,3.414940e-04,4.398705e-04,0.000000e+00,1.414124e-08,-6.033244e-12,2.460930e-10,0.000000e+00,0.000000e+00,0.000000e+00,1.414124e-08,0.0000,99.2313,0.7687,1.515923e+02
36200,1.328857e-06,1.867744e+01,1.108626e-11,3.407985e-04,0.000000e+00,3.430060e-04,4.568269e-04,0.000000e+00,1.421474e-08,-2.359353e-12,1.990417e-10,0.000000e+00,0.000000e+00,0.000000e+00,1.421474e-08,0.0000,99.2357,0.7643,1.518136e+02
36300,1.332528e-06,1.796023e+01,1.066055e-11,3.426733e-04,0.000000e+00,3.471488e-04,4.586432e-04,0.000000e+00,1.440061e-08,1.628495e-13,1.914395e-10,0.000000e+00,0.000000e+00,0.000000e+00,1.440061e-08,0.0000,99.2421,0.7579,1.521228e+02
36400,1.336199e-06,1.726917e+01,1.025036e-11,3.404961e-04,0.000000e+00,3.410102e-04,4.522377e-04,0.000000e+00,1.416875e-08,9.198179e-13,1.446645e-10,0.000000e+00,0.000000e+00,0.000000e+00,1.416875e-08,0.0000,99.2449,0.7551,1.526157e+02
36500,1.339870e-06,1.665905e+01,9.888216e-12,3.411916e-04,0.000000e+00,3.420988e-04,4.398440e-04,0.000000e+00,1.423085e-08,-4.281038e-12,1.183089e-10,0.000000e+00,0.000000e+00,0.000000e+00,1.423085e-08,0.0000,99.2481,0.7519,1.529647e+02
36600,1.343541e-06,1.617713e+01,9.602160e-12,3.406775e-04,0.000000e+00,3.437015e-04,4.186031e-04,0.000000e+00,1.432558e-08,-6.459996e-12,1.104289e-10,0.000000e+00,0.000000e+00,0.000000e+00,1.432558e-08,0.0000,99.2531,0.7469,1.535632e+02
36700,1.347212e-06,1.584321e+01,9.403957e-12,3.400123e-04,0.000000e+00,3.408590e-04,3.940056e-04,0.000000e+00,1.421964e-08,-1.783946e-12,1.140706e-10,0.000000e+00,0.000000e+00,0.000000e+00,1.421964e-08,0.0000,99.2561,0.7439,1.538246e+02
36800,1.350883e-06,1.564451e+01,9.286017e-12,3.400727e-04,0.000000e+00,3.440643e-04,3.722015e-04,0.000000e+00,1.436801e-08,-8.142915e-12,1.275035e-10,0.000000e+00,0.000000e+00,0.000000e+00,1.436801e-08,0.0000,99.2620,0.7380,1.541499e+02
36900,1.354553e-06,1.562289e+01,9.273183e-12,3.429455e-04,0.000000e+00,3.402844e-04,3.464415e-04,0.000000e+00,1.422139e-08,-1.499602e-13,1.330664e-10,0.000000e+00,0.000000e+00,0.000000e+00,1.422139e-08,0.0000,99.2618,0.7382,1.543911e+02
37000,1.358224e-06,1.572816e+01,9.335669e-12,3.408287e-04,0.000000e+00,3.410706e-04,3.238067e-04,0.000000e+00,1.425730e-08,2.159792e-12,1.511294e-10,0.000000e+00,0.000000e+00,0.000000e+00,1.425730e-08,0.0000,99.2643,0.7357,1.544532e+02
37100,1.361895e-06,1.596324e+01,9.475205e-12,3.440946e-04,0.000000e+00,3.424012e-04,3.060829e-04,0.000000e+00,1.431861e-08,-3.085474e-12,1.557652e-10,0.000000e+00,0.000000e+00,0.000000e+00,1.431861e-08,0.0000,99.2650,0.7350,1.545690e+02
37200,1.365566e-06,1.628982e+01,9.669053e-12,3.397703e-04,0.000000e+00,3.420685e-04,2.869635e-04,0.000000e+00,1.429644e-08,-7.776580e-13,1.528052e-10,0.000000e+00,0.000000e+00,0.000000e+00,1.429644e-08,0.0000,99.2693,0.7307,1.543947e+02
37300,1.369237e-06,1.672625e+01,9.928099e-12,3.433991e-04,0.000000e+00,3.409497e-04,2.728310e-04,0.000000e+00,1.424198e-08,2.400017e-12,1.699015e-10,0.000000e+00,0.000000e+00,0.000000e+00,1.424198e-08,0.0000,99.2693,0.7307,1.542343e+02
37400,1.372908e-06,1.723864e+01,1.023224e-11,3.444272e-04,0.000000e+00,3.422802e-04,2.615757e-04,0.000000e+00,1.429490e-08,-9.448956e-12,1.950677e-10,0.000000e+00,0.000000e+00,0.000000e+00,1.429490e-08,0.0000,99.2697,0.7303,1.541870e+02
37500,1.376579e-06,1.777508e+01,1.055065e-11,3.400123e-04,0.000000e+00,3.411311e-04,2.532726e-04,0.000000e+00,1.423156e-08,1.106938e-12,2.012392e-10,0.000000e+00,0.000000e+00,0.000000e+00,1.423156e-08,0.0000,99.2728,0.7272,1.538453e+02
37600,1.380250e-06,1.836587e+01,1.090132e-11,3.444272e-04,0.000000e+00,3.430362e-04,2.488990e-04,0.000000e+00,1.429850e-08,-8.198109e-13,2.008734e-10,0.000000e+00,0.000000e+00,0.000000e+00,1.429850e-08,0.0000,99.2738,0.7262,1.535718e+02
37700,1.383921e-06,1.896837e+01,1.125894e-11,3.446389e-04,0.000000e+00,3.416149e-04,2.472174e-04,0.000000e+00,1.421073e-08,1.325910e-12,2.023122e-10,0.000000e+00,0.000000e+00,0.000000e+00,1.421073e-08,0.0000,99.2733,0.7267,1.529690e+02
37800,1.387591e-06,1.953537e+01,1.159549e-11,3.412218e-04,0.000000e+00,3.406473e-04,2.495402e-04,0.000000e+00,1.416292e-08,-1.323353e-12,2.279746e-10,0.000000e+00,0.000000e+00,0.000000e+00,1.416292e-08,0.0000,99.2750,0.7250,1.528049e+02
37900,1.391262e-06,2.008943e+01,1.192436e-11,3.455461e-04,0.000000e+00,3.424919e-04,2.559581e-04,0.000000e+00,1.422627e-08,-2.519871e-12,2.142163e-10,0.000000e+00,0.000000e+00,0.000000e+00,1.422627e-08,0.0000,99.2745,0.7255,1.525178e+02
38000,1.394933e-06,2.055182e+01,1.219882e-11,3.444877e-04,0.000000e+00,3.426733e-04,2.697215e-04,0.000000e+00,1.422260e-08,-4.381572e-12,2.440556e-10,0.000000e+00,0.000000e+00,0.000000e+00,1.422260e-08,0.0000,99.2751,0.7249,1.522737e+02
38100,1.398604e-06,2.088502e+01,1.239660e-11,3.404356e-04,0.000000e+00,3.443063e-04,2.865580e-04,0.000000e+00,1.427918e-08,4.022389e-12,2.572965e-10,0.000000e+00,0.000000e+00,0.000000e+00,1.427918e-08,0.0000,99.2805,0.7195,1.520475e+02
38200,1.402275e-06,2.109671e+01,1.252225e-11,3.434596e-04,0.000000e+00,3.407682e-04,3.092297e-04,0.000000e+00,1.410758e-08,-7.395177e-12,2.816114e-10,0.000000e+00,0.000000e+00,0.000000e+00,1.410758e-08,0.0000,99.2803,0.7197,1.515186e+02
38300,1.405946e-06,2.112121e+01,1.253679e-11,3.435200e-04,0.000000e+00,3.442155e-04,3.395583e-04,0.000000e+00,1.424553e-08,-3.649531e-12,2.637344e-10,0.000000e+00,0.000000e+00,0.000000e+00,1.424553e-08,0.0000,99.2831,0.7169,1.514132e+02
38400,1.409617e-06,2.094216e+01,1.243051e-11,3.441551e-04,0.000000e+00,3.398913e-04,3.731077e-04,0.000000e+00,1.406515e-08,-1.170756e-11,2.642338e-10,0.000000e+00,0.000000e+00,0.000000e+00,1.406515e-08,0.0000,99.2815,0.7185,1.513755e+02
38500,1.413288e-06,2.053512e+01,1.218891e-11,3.384398e-04,0.000000e+00,3.437619e-04,4.042565e-04,0.000000e+00,1.421415e-08,5.256561e-12,2.488354e-10,0.000000e+00,0.000000e+00,0.000000e+00,1.421415e-08,0.0000,99.2881,0.7119,1.511401e+02
38600,1.416958e-06,2.001639e+01,1.188101e-11,3.447598e-04,0.000000e+00,3.430060e-04,4.286357e-04,0.000000e+00,1.418353e-08,-3.336225e-12,2.366105e-10,0.000000e+00,0.000000e+00,0.000000e+00,1.418353e-08,0.0000,99.2887,0.7113,1.511625e+02
38700,1.420629e-06,1.936677e+01,1.149542e-11,3.419173e-04,0.000000e+00,3.429757e-04,4.469573e-04,0.000000e+00,1.418781e-08,3.644351e-12,2.097518e-10,0.000000e+00,0.000000e+00,0.000000e+00,1.418781e-08,0.0000,99.2917,0.7083,1.512788e+02
38800,1.424300e-06,1.868349e+01,1.108985e-11,3.420685e-04,0.000000e+00,3.420081e-04,4.525514e-04,0.000000e+00,1.417586e-08,2.581571e-12,1.581338e-10,0.000000e+00,0.000000e+00,0.000000e+00,1.417586e-08,0.0000,99.2936,0.7064,1.518811e+02
38900,1.427971e-06,1.803768e+01,1.070652e-11,3.432176e-04,0.000000e+00,3.435805e-04,4.476431e-04,0.000000e+00,1.425403e-08,-6.267270e-13,1.242874e-10,0.000000e+00,0.000000e+00,0.000000e+00,1.425403e-08,0.0000,99.2960,0.7040,1.521524e+02
39000,1.431642e-06,1.747230e+01,1.037093e-11,3.442760e-04,0.000000e+00,3.427338e-04,4.356946e-04,0.000000e+00,1.422806e-08,-8.946786e-12,1.086191e-10,0.000000e+00,0.000000e+00,0.000000e+00,1.422806e-08,0.0000,99.2967,0.7033,1.523611e+02
39100,1.435313e-06,1.699700e+01,1.008881e-11,3.416149e-04,0.000000e+00,3.450018e-04,4.184692e-04,0.000000e+00,1.435295e-08,-1.014114e-11,1.088605e-10,0.000000e+00,0.000000e+00,0.000000e+00,1.435295e-08,0.0000,99.3016,0.6984,1.530018e+02
39200,1.438984e-06,1.664531e+01,9.880058e-12,3.400727e-04,0.000000e+00,3.429455e-04,3.969392e-04,0.000000e+00,1.427653e-08,-8.915054e-12,1.215862e-10,0.000000e+00,0.000000e+00,0.000000e+00,1.427653e-08,0.0000,99.3059,0.6941,1.531982e+02
39300,1.442655e-06,1.647465e+01,9.778759e-12,3.453042e-04,0.000000e+00,3.459392e-04,3.728994e-04,0.000000e+00,1.441323e-08,-2.683157e-12,1.230888e-10,0.000000e+00,0.000000e+00,0.000000e+00,1.441323e-08,0.0000,99.3084,0.6916,1.534498e+02
39400,1.446325e-06,1.642109e+01,9.746965e-12,3.433084e-04,0.000000e+00,3.427036e-04,3.519695e-04,0.000000e+00,1.429595e-08,-3.186286e-12,1.424412e-10,0.000000e+00,0.000000e+00,0.000000e+00,1.429595e-08,0.0000,99.3099,0.6901,1.538233e+02
39500,1.449996e-06,1.650103e+01,9.794416e-12,3.433084e-04,0.000000e+00,3.435200e-04,3.303821e-04,0.000000e+00,1.433815e-08,-3.499176e-13,1.437792e-10,0.000000e+00,0.000000e+00,0.000000e+00,1.433815e-08,0.0000,99.3120,0.6880,1.539999e+02
39600,1.453667e-06,1.667852e+01,9.899771e-12,3.394679e-04,0.000000e+00,3.426733e-04,3.107678e-04,0.000000e+00,1.430268e-08,-3.445310e-12,1.794197e-10,0.000000e+00,0.000000e+00,0.000000e+00,1.430268e-08,0.0000,99.3166,0.6834,1.539899e+02
39700,1.457338e-06,1.697199e+01,1.007396e-11,3.428850e-04,0.000000e+00,3.431572e-04,2.954326e-04,0.000000e+00,1.431853e-08,3.469537e-12,1.868114e-10,0.000000e+00,0.000000e+00,0.000000e+00,1.431853e-08,0.0000,99.3187,0.6813,1.538982e+02
39800,1.461009e-06,1.734895e+01,1.029771e-11,3.424012e-04,0.000000e+00,3.419173e-04,2.814491e-04,0.000000e+00,1.425485e-08,-4.227812e-12,2.044647e-10,0.000000e+00,0.000000e+00,0.000000e+00,1.425485e-08,0.0000,99.3203,0.6797,1.536367e+02
39900,1.464680e-06,1.778005e+01,1.055360e-11,3.412521e-04,0.000000e+00,3.405868e-04,2.715452e-04,0.000000e+00,1.420060e-08,1.762159e-12,1.939483e-10,0.000000e+00,0.000000e+00,0.000000e+00,1.420060e-08,0.0000,99.3216,0.6784,1.536637e+02
40000,1.468351e-06,1.826716e+01,1.084273e-11,3.410404e-04,0.000000e+00,3.429757e-04,2.622764e-04,0.000000e+00,1.428816e-08,3.731569e-12,2.117879e-10,0.000000e+00,0.000000e+00,0.000000e+00,1.428816e-08,0.0000,99.3251,0.6749,1.534064e+02
40100,1.472022e-06,1.880396e+01,1.116136e-11,3.422500e-04,0.000000e+00,3.402844e-04,2.554514e-04,0.000000e+00,1.417133e-08,-8.638272e-13,2.091678e-10,0.000000e+00,0.000000e+00,0.000000e+00,1.417133e-08,0.0000,99.3253,0.6747,1.533083e+02
40200,1.475692e-06,1.932652e+01,1.147153e-11,3.412823e-04,0.000000e+00,3.399215e-04,2.567867e-04,0.000000e+00,1.413364e-08,-4.995308e-12,2.150518e-10,0.000000e+00,0.000000e+00,0.000000e+00,1.413364e-08,0.0000,99.3261,0.6739,1.528282e+02
40300,1.479363e-06,1.985075e+01,1.178269e-11,3.431572e-04,0.000000e+00,3.418569e-04,2.583922e-04,0.000000e+00,1.420315e-08,-3.841182e-12,2.373797e-10,0.000000e+00,0.000000e+00,0.000000e+00,1.420315e-08,0.0000,99.3269,0.6731,1.525904e+02
40400,1.483034e-06,2.031553e+01,1.205857e-11,3.401030e-04,0.000000e+00,3.404356e-04,2.649497e-04,0.000000e+00,1.413890e-08,-8.392841e-12,2.452988e-10,0.000000e+00,0.000000e+00,0.000000e+00,1.413890e-08,0.0000,99.3290,0.6710,1.524772e+02
40500,1.486705e-06,2.074186e+01,1.231162e-11,3.425826e-04,0.000000e+00,3.404658e-04,2.736474e-04,0.000000e+00,1.411505e-08,-1.828581e-12,2.493361e-10,0.000000e+00,0.000000e+00,0.000000e+00,1.411505e-08,0.0000,99.3292,0.6708,1.519412e+02
40600,1.490376e-06,2.105655e+01,1.249841e-11,3.386515e-04,0.000000e+00,3.413126e-04,2.877680e-04,0.000000e+00,1.414383e-08,-5.813229e-13,2.440837e-10,0.000000e+00,0.000000e+00,0.000000e+00,1.414383e-08,0.0000,99.3331,0.6669,1.518015e+02
40700,1.494047e-06,2.125521e+01,1.261633e-11,3.416452e-04,0.000000e+00,3.401635e-04,3.095225e-04,0.000000e+00,1.408066e-08,-9.719683e-12,2.623835e-10,0.000000e+00,0.000000e+00,0.000000e+00,1.408066e-08,0.0000,99.3338,0.6662,1.514716e+02
40800,1.497718e-06,2.128216e+01,1.263233e-11,3.399215e-04,0.000000e+00,3.403146e-04,3.355633e-04,0.000000e+00,1.407315e-08,2.727194e-12,2.704757e-10,0.000000e+00,0.000000e+00,0.000000e+00,1.407315e-08,0.0000,99.3359,0.6641,1.511804e+02
40900,1.501389e-06,2.113298e+01,1.254378e-11,3.407380e-04,0.000000e+00,3.382886e-04,3.648595e-04,0.000000e+00,1.397877e-08,-1.011849e-11,2.324190e-10,0.000000e+00,0.000000e+00,0.000000e+00,1.397877e-08,0.0000,99.3357,0.6643,1.509484e+02
41000,1.505059e-06,2.082130e+01,1.235877e-11,3.429152e-04,0.000000e+00,3.398913e-04,3.933131e-04,0.000000e+00,1.403179e-08,-1.251330e-12,2.502266e-10,0.000000e+00,0.000000e+00,0.000000e+00,1.403179e-08,0.0000,99.3351,0.6649,1.506708e+02
41100,1.508730e-06,2.036105e+01,1.208559e-11,3.406775e-04,0.000000e+00,3.419778e-04,4.150975e-04,0.000000e+00,1.412661e-08,-5.330629e-12,2.084756e-10,0.000000e+00,0.000000e+00,0.000000e+00,1.412661e-08,0.0000,99.3380,0.6620,1.508572e+02
41200,1.512401e-06,1.982157e+01,1.176537e-11,3.420081e-04,0.000000e+00,3.408287e-04,4.292390e-04,0.000000e+00,1.409647e-08,5.469548e-12,1.821359e-10,0.000000e+00,0.000000e+00,0.000000e+00,1.409647e-08,0.0000,99.3388,0.6612,1.512304e+02
41300,1.516072e-06,1.924551e+01,1.142344e-11,3.411009e-04,0.000000e+00,3.436107e-04,4.342480e-04,0.000000e+00,1.421167e-08,2.223410e-12,1.423422e-10,0.000000e+00,0.000000e+00,0.000000e+00,1.421167e-08,0.0000,99.3426,0.6574,1.512289e+02
41400,1.519743e-06,1.868085e+01,1.108828e-11,3.435503e-04,0.000000e+00,3.432176e-04,4.348526e-04,0.000000e+00,1.422287e-08,-1.797900e-12,1.116965e-10,0.000000e+00,0.000000e+00,0.000000e+00,1.422287e-08,0.0000,99.3441,0.6559,1.518147e+02
41500,1.523414e-06,1.817410e+01,1.078749e-11,3.407682e-04,0.000000e+00,3.425826e-04,4.227075e-04,0.000000e+00,1.420324e-08,-6.508366e-12,1.338302e-10,0.000000e+00,0.000000e+00,0.000000e+00,1.420324e-08,0.0000,99.3472,0.6528,1.519529e+02
41600,1.527085e-06,1.775697e+01,1.053990e-11,3.429455e-04,0.000000e+00,3.411916e-04,4.103946e-04,0.000000e+00,1.417330e-08,1.394566e-12,1.192786e-10,0.000000e+00,0.000000e+00,0.000000e+00,1.417330e-08,0.0000,99.3476,0.6524,1.525381e+02
41700,1.530756e-06,1.744301e+01,1.035354e-11,3.401937e-04,0.000000e+00,3.453646e-04,3.909596e-04,0.000000e+00,1.434652e-08,7.066326e-12,1.280359e-10,0.000000e+00,0.000000e+00,0.000000e+00,1.434652e-08,0.0000,99.3533,0.6467,1.525469e+02
41800,1.534426e-06,1.727511e+01,1.025388e-11,3.436107e-04,0.000000e+00,3.435503e-04,3.707591e-04,0.000000e+00,1.429236e-08,-9.203407e-12,1.365552e-10,0.000000e+00,0.000000e+00,0.000000e+00,1.429236e-08,0.0000,99.3550,0.6450,1.529938e+02
41900,1.538097e-06,1.722041e+01,1.022142e-11,3.433688e-04,0.000000e+00,3.381979e-04,3.522125e-04,0.000000e+00,1.406594e-08,-6.479323e-14,1.762930e-10,0.000000e+00,0.000000e+00,0.000000e+00,1.406594e-08,0.0000,99.3527,0.6473,1.529124e+02
42000,1.541768e-06,1.727980e+01,1.025667e-11,3.424314e-04,0.000000e+00,3.459392e-04,3.328293e-04,0.000000e+00,1.440904e-08,-3.729389e-12,1.838346e-10,0.000000e+00,0.000000e+00,0.000000e+00,1.440904e-08,0.0000,99.3571,0.6429,1.533558e+02
42100,1.545439e-06,1.743070e+01,1.034624e-11,3.406473e-04,0.000000e+00,3.425524e-04,3.162470e-04,0.000000e+00,1.426675e-08,-3.022090e-12,1.916410e-10,0.000000e+00,0.000000e+00,0.000000e+00,1.426675e-08,0.0000,99.3603,0.6397,1.533284e+02
42200,1.549110e-06,1.768661e+01,1.049813e-11,3.426431e-04,0.000000e+00,3.428850e-04,3.012640e-04,0.000000e+00,1.428050e-08,8.826109e-12,2.045356e-10,0.000000e+00,0.000000e+00,0.000000e+00,1.428050e-08,0.0000,99.3622,0.6378,1.533445e+02
42300,1.552781e-06,1.803423e+01,1.070447e-11,3.450622e-04,0.000000e+00,3.427338e-04,2.888533e-04,0.000000e+00,1.426563e-08,-8.664899e-12,2.148203e-10,0.000000e+00,0.000000e+00,0.000000e+00,1.426563e-08,0.0000,99.3621,0.6379,1.531499e+02
42400,1.556452e-06,1.842848e+01,1.093848e-11,3.415847e-04,0.000000e+00,3.414940e-04,2.778371e-04,0.000000e+00,1.422064e-08,-2.174347e-12,2.175644e-10,0.000000e+00,0.000000e+00,0.000000e+00,1.422064e-08,0.0000,99.3637,0.6363,1.532880e+02
42500,1.560123e-06,1.887464e+01,1.120331e-11,3.451530e-04,0.000000e+00,3.443063e-04,2.730102e-04,0.000000e+00,1.432012e-08,3.179592e-13,2.446967e-10,0.000000e+00,0.000000e+00,0.000000e+00,1.432012e-08,0.0000,99.3647,0.6353,1.529174e+02
42600,1.563793e-06,1.932344e+01,1.146970e-11,3.421593e-04,0.000000e+00,3.404961e-04,2.695901e-04,0.000000e+00,1.415247e-08,7.087717e-13,2.260747e-10,0.000000e+00,0.000000e+00,0.000000e+00,1.415247e-08,0.0000,99.3651,0.6349,1.527186e+02
42700,1.567464e-06,1.978700e+01,1.174485e-11,3.416149e-04,0.000000e+00,3.429757e-04,2.666595e-04,0.000000e+00,1.425394e-08,-4.983495e-12,2.220851e-10,0.000000e+00,0.000000e+00,0.000000e+00,1.425394e-08,0.0000,99.3677,0.6323,1.526905e+02
42800,1.571135e-06,2.023714e+01,1.201204e-11,3.424616e-04,0.000000e+00,3.435200e-04,2.696764e-04,0.000000e+00,1.425303e-08,2.610389e-13,2.451433e-10,0.000000e+00,0.000000e+00,0.000000e+00,1.425303e-08,0.0000,99.3702,0.6298,1.521882e+02
42900,1.574806e-06,2.066219e+01,1.226433e-11,3.430967e-04,0.000000e+00,3.406473e-04,2.743680e-04,0.000000e+00,1.411511e-08,3.386527e-12,2.432494e-10,0.000000e+00,0.000000e+00,0.000000e+00,1.411511e-08,0.0000,99.3700,0.6300,1.517864e+02
43000,1.578477e-06,2.102987e+01,1.248257e-11,3.428245e-04,0.000000e+00,3.418266e-04,2.833725e-04,0.000000e+00,1.416010e-08,-2.033397e-13,2.612764e-10,0.000000e+00,0.000000e+00,0.000000e+00,1.416010e-08,0.0000,99.3708,0.6292,1.517025e+02
43100,1.582148e-06,2.129006e+01,1.263701e-11,3.384700e-04,0.000000e+00,3.400425e-04,2.963978e-04,0.000000e+00,1.407778e-08,4.183096e-12,2.379384e-10,0.000000e+00,0.000000e+00,0.000000e+00,1.407778e-08,0.0000,99.3736,0.6264,1.515303e+02
43200,1.585819e-06,2.147562e+01,1.274716e-11,3.447901e-04,0.000000e+00,3.431572e-04,3.147858e-04,0.000000e+00,1.418800e-08,-9.418225e-12,2.458626e-10,0.000000e+00,0.000000e+00,0.000000e+00,1.418800e-08,0.0000,99.3740,0.6260,1.511232e+02
43300,1.589490e-06,2.148258e+01,1.275129e-11,3.400123e-04,0.000000e+00,3.389841e-04,3.388872e-04,0.000000e+00,1.401352e-08,-2.949454e-12,2.311011e-10,0.000000e+00,0.000000e+00,0.000000e+00,1.401352e-08,0.0000,99.3748,0.6252,1.510773e+02
43400,1.593160e-06,2.136332e+01,1.268050e-11,3.412218e-04,0.000000e+00,3.405263e-04,3.605059e-04,0.000000e+00,1.407230e-08,1.330086e-12,2.397989e-10,0.000000e+00,0.000000e+00,0.000000e+00,1.407230e-08,0.0000,99.3759,0.6241,1.509810e+02
43500,1.596831e-06,2.110236e+01,1.252560e-11,3.416754e-04,0.000000e+00,3.423407e-04,3.838718e-04,0.000000e+00,1.413481e-08,-3.668804e-12,2.172216e-10,0.000000e+00,0.000000e+00,0.000000e+00,1.413481e-08,0.0000,99.3780,0.6220,1.507136e+02
43600,1.600502e-06,2.073528e+01,1.230772e-11,3.428850e-04,0.000000e+00,3.397099e-04,4.022394e-04,0.000000e+00,1.403842e-08,-2.870444e-12,1.828719e-10,0.000000e+00,0.000000e+00,0.000000e+00,1.403842e-08,0.0000,99.3772,0.6228,1.509803e+02
43700,1.604173e-06,2.027952e+01,1.203719e-11,3.435503e-04,0.000000e+00,3.420685e-04,4.172448e-04,0.000000e+00,1.412668e-08,-6.104717e-13,1.586446e-10,0.000000e+00,0.000000e+00,0.000000e+00,1.412668e-08,0.0000,99.3777,0.6223,1.507836e+02
43800,1.607844e-06,1.980385e+01,1.175486e-11,3.420685e-04,0.000000e+00,3.418569e-04,4.189816e-04,0.000000e+00,1.412411e-08,-1.526473e-12,1.334676e-10,0.000000e+00,0.000000e+00,0.000000e+00,1.412411e-08,0.0000,99.3791,0.6209,1.509102e+02
43900,1.611515e-06,1.932190e+01,1.146878e-11,3.412218e-04,0.000000e+00,3.467859e-04,4.191520e-04,0.000000e+00,1.434752e-08,-5.096844e-12,1.290432e-10,0.000000e+00,0.000000e+00,0.000000e+00,1.434752e-08,0.0000,99.3847,0.6153,1.513362e+02
44000,1.615186e-06,1.888320e+01,1.120839e-11,3.417661e-04,0.000000e+00,3.423407e-04,4.127018e-04,0.000000e+00,1.417045e-08,-6.933369e-13,1.212327e-10,0.000000e+00,0.000000e+00,0.000000e+00,1.417045e-08,0.0000,99.3867,0.6133,1.514790e+02
44100,1.618857e-06,1.851559e+01,1.099019e-11,3.417661e-04,0.000000e+00,3.440341e-04,4.012066e-04,0.000000e+00,1.425519e-08,-8.003181e-12,1.587662e-10,0.000000e+00,0.000000e+00,0.000000e+00,1.425519e-08,0.0000,99.3899,0.6101,1.517788e+02
44200,1.622527e-06,1.826229e+01,1.083984e-11,3.429455e-04,0.000000e+00,3.404356e-04,3.839036e-04,0.000000e+00,1.412037e-08,-4.207439e-13,1.570745e-10,0.000000e+00,0.000000e+00,0.000000e+00,1.412037e-08,0.0000,99.3896,0.6104,1.520899e+02
44300,1.626198e-06,1.811733e+01,1.075380e-11,3.456368e-04,0.000000e+00,3.453042e-04,3.690755e-04,0.000000e+00,1.433477e-08,2.562721e-12,1.670123e-10,0.000000e+00,0.000000e+00,0.000000e+00,1.433477e-08,0.0000,99.3909,0.6091,1.523422e+02
44400,1.629869e-06,1.806628e+01,1.072349e-11,3.432176e-04,0.000000e+00,3.417964e-04,3.514723e-04,0.000000e+00,1.420179e-08,-3.576366e-13,1.877451e-10,0.000000e+00,0.000000e+00,0.000000e+00,1.420179e-08,0.0000,99.3914,0.6086,1.526208e+02
44500,1.633540e-06,1.811109e+01,1.075009e-11,3.427338e-04,0.000000e+00,3.450018e-04,3.354880e-04,0.000000e+00,1.433848e-08,1.833561e-12,1.837357e-10,0.000000e+00,0.000000e+00,0.000000e+00,1.433848e-08,0.0000,99.3945,0.6055,1.526922e+02
44600,1.637211e-06,1.825548e+01,1.083579e-11,3.442155e-04,0.000000e+00,3.435805e-04,3.208691e-04,0.000000e+00,1.428147e-08,4.250676e-12,2.106094e-10,0.000000e+00,0.000000e+00,0.000000e+00,1.428147e-08,0.0000,99.3956,0.6044,1.527355e+02
44700,1.640882e-06,1.847074e+01,1.096357e-11,3.436712e-04,0.000000e+00,3.425524e-04,3.088639e-04,0.000000e+00,1.423699e-08,2.438813e-12,2.135095e-10,0.000000e+00,0.000000e+00,0.000000e+00,1.423699e-08,0.0000,99.3962,0.6038,1.527006e+02
44800,1.644553e-06,1.871673e+01,1.110958e-11,3.385910e-04,0.000000e+00,3.448808e-04,2.988154e-04,0.000000e+00,1.433634e-08,-2.495095e-12,2.245850e-10,0.000000e+00,0.000000e+00,0.000000e+00,1.433634e-08,0.0000,99.4022,0.5978,1.527588e+02
44900,1.648224e-06,1.902318e+01,1.129147e-11,3.400727e-04,0.000000e+00,3.436410e-04,2.905222e-04,0.000000e+00,1.427813e-08,2.137733e-12,2.249278e-10,0.000000e+00,0.000000e+00,0.000000e+00,1.427813e-08,0.0000,99.4062,0.5938,1.526133e+02
45000,1.651895e-06,1.939190e+01,1.151033e-11,3.438829e-04,0.000000e+00,3.424314e-04,2.842619e-04,0.000000e+00,1.422017e-08,-1.600360e-12,2.278696e-10,0.000000e+00,0.000000e+00,0.000000e+00,1.422017e-08,0.0000,99.4067,0.5933,1.524465e+02
45100,1.655565e-06,1.978519e+01,1.174378e-11,3.424314e-04,0.000000e+00,3.368674e-04,2.788383e-04,0.000000e+00,1.399549e-08,-2.822040e-12,2.470120e-10,0.000000e+00,0.000000e+00,0.000000e+00,1.399549e-08,0.0000,99.4041,0.5959,1.525835e+02
45200,1.659236e-06,2.019180e+01,1.198513e-11,3.445179e-04,0.000000e+00,3.423709e-04,2.787703e-04,0.000000e+00,1.420264e-08,-5.033521e-12,2.334980e-10,0.000000e+00,0.000000e+00,0.000000e+00,1.420264e-08,0.0000,99.4041,0.5959,1.521300e+02
45300,1.662907e-06,2.058029e+01,1.221572e-11,3.439736e-04,0.000000e+00,3.411916e-04,2.811580e-04,0.000000e+00,1.413653e-08,-1.711360e-12,2.335703e-10,0.000000e+00,0.000000e+00,0.000000e+00,1.413653e-08,0.0000,99.4036,0.5964,1.517632e+02
45400,1.666578e-06,2.092807e+01,1.242215e-11,3.421895e-04,0.000000e+00,3.432781e-04,2.859538e-04,0.000000e+00,1.421391e-08,5.736966e-12,2.350799e-10,0.000000e+00,0.000000e+00,0.000000e+00,1.421391e-08,0.0000,99.4058,0.5942,1.515650e+02
45500,1.670249e-06,2.121756e+01,1.259398e-11,3.407078e-04,0.000000e+00,3.435200e-04,2.938992e-04,0.000000e+00,1.421330e-08,3.864793e-13,2.249359e-10,0.000000e+00,0.000000e+00,0.000000e+00,1.421330e-08,0.0000,99.4092,0.5908,1.513464e+02
45600,1.673920e-06,2.143677e+01,1.272410e-11,3.427640e-04,0.000000e+00,3.424616e-04,3.073183e-04,0.000000e+00,1.416456e-08,-2.171545e-12,2.369432e-10,0.000000e+00,0.000000e+00,0.000000e+00,1.416456e-08,0.0000,99.4104,0.5896,1.512407e+02
45700,1.677591e-06,2.157310e+01,1.280501e-11,3.423709e-04,0.000000e+00,3.406170e-04,3.203277e-04,0.000000e+00,1.406263e-08,-2.548893e-12,2.326803e-10,0.000000e+00,0.000000e+00,0.000000e+00,1.406263e-08,0.0000,99.4106,0.5894,1.506883e+02
45800,1.681262e-06,2.157681e+01,1.280722e-11,3.401937e-04,0.000000e+00,3.387422e-04,3.395930e-04,0.000000e+00,1.398026e-08,3.180586e-12,2.295660e-10,0.000000e+00,0.000000e+00,0.000000e+00,1.398026e-08,0.0000,99.4110,0.5890,1.505795e+02
45900,1.684932e-06,2.149789e+01,1.276037e-11,3.423709e-04,0.000000e+00,3.440946e-04,3.551328e-04,0.000000e+00,1.419975e-08,1.342842e-12,2.154172e-10,0.000000e+00,0.000000e+00,0.000000e+00,1.419975e-08,0.0000,99.4136,0.5864,1.505658e+02
46000,1.688603e-06,2.130770e+01,1.264749e-11,3.440039e-04,0.000000e+00,3.414335e-04,3.747560e-04,0.000000e+00,1.408608e-08,-3.448099e-12,1.852244e-10,0.000000e+00,0.000000e+00,0.000000e+00,1.408608e-08,0.0000,99.4132,0.5868,1.504795e+02
46100,1.692274e-06,2.098489e+01,1.245588e-11,3.394982e-04,0.000000e+00,3.394982e-04,3.916953e-04,0.000000e+00,1.401207e-08,-6.416907e-12,1.666799e-10,0.000000e+00,0.000000e+00,0.000000e+00,1.401207e-08,0.0000,99.4146,0.5854,1.505994e+02
46200,1.695945e-06,2.064952e+01,1.225681e-11,3.440039e-04,0.000000e+00,3.447296e-04,3.982318e-04,0.000000e+00,1.422320e-08,1.544761e-12,1.508780e-10,0.000000e+00,0.000000e+00,0.000000e+00,1.422320e-08,0.0000,99.4165,0.5835,1.505004e+02
46300,1.699616e-06,2.025091e+01,1.202021e-11,3.398006e-04,0.000000e+00,3.420988e-04,4.042535e-04,0.000000e+00,1.412074e-08,-2.752121e-12,1.456431e-10,0.000000e+00,0.000000e+00,0.000000e+00,1.412074e-08,0.0000,99.4195,0.5805,1.506376e+02
46400,1.703287e-06,1.989538e+01,1.180918e-11,3.455763e-04,0.000000e+00,3.423709e-04,4.030643e-04,0.000000e+00,1.414749e-08,-2.946036e-12,1.624564e-10,0.000000e+00,0.000000e+00,0.000000e+00,1.414749e-08,0.0000,99.4186,0.5814,1.509514e+02
46500,1.706958e-06,1.955024e+01,1.160432e-11,3.400425e-04,0.000000e+00,3.438527e-04,3.958507e-04,0.000000e+00,1.421227e-08,4.806860e-12,1.340240e-10,0.000000e+00,0.000000e+00,0.000000e+00,1.421227e-08,0.0000,99.4226,0.5774,1.510380e+02
46600,1.710629e-06,1.924465e+01,1.142293e-11,3.391051e-04,0.000000e+00,3.423105e-04,3.885164e-04,0.000000e+00,1.417568e-08,2.274336e-12,1.714150e-10,0.000000e+00,0.000000e+00,0.000000e+00,1.417568e-08,0.0000,99.4262,0.5738,1.516154e+02
46700,1.714299e-06,1.901831e+01,1.128858e-11,3.400727e-04,0.000000e+00,3.428548e-04,3.766721e-04,0.000000e+00,1.420121e-08,-7.618858e-13,1.686598e-10,0.000000e+00,0.000000e+00,0.000000e+00,1.420121e-08,0.0000,99.4294,0.5706,1.516717e+02
46800,1.717970e-06,1.888042e+01,1.120674e-11,3.410102e-04,0.000000e+00,3.404356e-04,3.633052e-04,0.000000e+00,1.410387e-08,-8.157248e-13,1.963968e-10,0.000000e+00,0.000000e+00,0.000000e+00,1.410387e-08,0.0000,99.4303,0.5697,1.517321e+02
46900,1.721641e-06,1.883092e+01,1.117736e-11,3.443667e-04,0.000000e+00,3.405868e-04,3.523711e-04,0.000000e+00,1.412695e-08,-1.569047e-12,1.875390e-10,0.000000e+00,0.000000e+00,0.000000e+00,1.412695e-08,0.0000,99.4291,0.5709,1.520890e+02
47000,1.725312e-06,1.885901e+01,1.119403e-11,3.420988e-04,0.000000e+00,3.399820e-04,3.375567e-04,0.000000e+00,1.410849e-08,5.023354e-12,2.068644e-10,0.000000e+00,0.000000e+00,0.000000e+00,1.410849e-08,0.0000,99.4290,0.5710,1.522281e+02
47100,1.728983e-06,1.895389e+01,1.125034e-11,3.412521e-04,0.000000e+00,3.456368e-04,3.259112e-04,0.000000e+00,1.433505e-08,5.974105e-12,2.113898e-10,0.000000e+00,0.000000e+00,0.000000e+00,1.433505e-08,0.0000,99.4333,0.5667,1.520642e+02
47200,1.732654e-06,1.910412e+01,1.133952e-11,3.392260e-04,0.000000e+00,3.414033e-04,3.149340e-04,0.000000e+00,1.417040e-08,8.328825e-12,2.205929e-10,0.000000e+00,0.000000e+00,0.000000e+00,1.417040e-08,0.0000,99.4361,0.5639,1.522925e+02
47300,1.736325e-06,1.932684e+01,1.147172e-11,3.433386e-04,0.000000e+00,3.410706e-04,3.073261e-04,0.000000e+00,1.415508e-08,-8.110400e-15,2.353535e-10,0.000000e+00,0.000000e+00,0.000000e+00,1.415508e-08,0.0000,99.4359,0.5641,1.522610e+02
47400,1.739996e-06,1.959722e+01,1.163221e-11,3.431269e-04,0.000000e+00,3.416452e-04,2.994067e-04,0.000000e+00,1.416890e-08,-3.102584e-12,2.320238e-10,0.000000e+00,0.000000e+00,0.000000e+00,1.416890e-08,0.0000,99.4362,0.5638,1.520542e+02
47500,1.743666e-06,1.991526e+01,1.182098e-11,3.443365e-04,0.000000e+00,3.408892e-04,2.929116e-04,0.000000e+00,1.413932e-08,1.222985e-11,2.199493e-10,0.000000e+00,0.000000e+00,0.000000e+00,1.413932e-08,0.0000,99.4351,0.5649,1.520832e+02
47600,1.747337e-06,2.021416e+01,1.199840e-11,3.389236e-04,0.000000e+00,3.426431e-04,2.905919e-04,0.000000e+00,1.420900e-08,-2.430356e-12,2.199101e-10,0.000000e+00,0.000000e+00,0.000000e+00,1.420900e-08,0.0000,99.4389,0.5611,1.520187e+02
47700,1.751008e-06,2.052895e+01,1.218525e-11,3.430362e-04,0.000000e+00,3.413126e-04,2.921366e-04,0.000000e+00,1.414672e-08,2.111158e-13,2.274077e-10,0.000000e+00,0.000000e+00,0.000000e+00,1.414672e-08,0.0000,99.4391,0.5609,1.518736e+02
47800,1.754679e-06,2.083102e+01,1.236454e-11,3.413126e-04,0.000000e+00,3.416149e-04,2.924696e-04,0.000000e+00,1.413856e-08,2.949968e-12,2.350155e-10,0.000000e+00,0.000000e+00,0.000000e+00,1.413856e-08,0.0000,99.4405,0.5595,1.514310e+02
47900,1.758350e-06,2.110377e+01,1.252644e-11,3.404054e-04,0.000000e+00,3.411916e-04,2.963032e-04,0.000000e+00,1.411546e-08,1.158262e-12,2.308111e-10,0.000000e+00,0.000000e+00,0.000000e+00,1.411546e-08,0.0000,99.4423,0.5577,1.513110e+02
48000,1.762021e-06,2.133146e+01,1.266159e-11,3.423407e-04,0.000000e+00,3.427640e-04,3.055236e-04,0.000000e+00,1.417658e-08,-6.172225e-12,2.330256e-10,0.000000e+00,0.000000e+00,0.000000e+00,1.417658e-08,0.0000,99.4439,0.5561,1.512356e+02
48100,1.765692e-06,2.148464e+01,1.275251e-11,3.387724e-04,0.000000e+00,3.389236e-04,3.140044e-04,0.000000e+00,1.400100e-08,-9.986621e-13,2.290731e-10,0.000000e+00,0.000000e+00,0.000000e+00,1.400100e-08,0.0000,99.4452,0.5548,1.508682e+02
48200,1.769363e-06,2.158094e+01,1.280967e-11,3.407985e-04,0.000000e+00,3.393167e-04,3.252272e-04,0.000000e+00,1.400821e-08,-2.000709e-12,2.079567e-10,0.000000e+00,0.000000e+00,0.000000e+00,1.400821e-08,0.0000,99.4455,0.5545,1.506755e+02
48300,1.773033e-06,2.160685e+01,1.282505e-11,3.427943e-04,0.000000e+00,3.413428e-04,3.386047e-04,0.000000e+00,1.408694e-08,-7.834826e-12,2.011290e-10,0.000000e+00,0.000000e+00,0.000000e+00,1.408694e-08,0.0000,99.4458,0.5542,1.505744e+02
48400,1.776704e-06,2.158241e+01,1.281054e-11,3.453949e-04,0.000000e+00,3.403146e-04,3.493463e-04,0.000000e+00,1.404182e-08,-2.179209e-12,2.021877e-10,0.000000e+00,0.000000e+00,0.000000e+00,1.404182e-08,0.0000,99.4437,0.5563,1.505145e+02
48500,1.780375e-06,2.142992e+01,1.272003e-11,3.397703e-04,0.000000e+00,3.402844e-04,3.644276e-04,0.000000e+00,1.403962e-08,4.409762e-12,1.858726e-10,0.000000e+00,0.000000e+00,0.000000e+00,1.403962e-08,0.0000,99.4453,0.5547,1.505002e+02
48600,1.784046e-06,2.120432e+01,1.258612e-11,3.403751e-04,0.000000e+00,3.438527e-04,3.768541e-04,0.000000e+00,1.418407e-08,-3.749321e-12,1.855197e-10,0.000000e+00,0.000000e+00,0.000000e+00,1.418407e-08,0.0000,99.4488,0.5512,1.504436e+02
48700,1.787717e-06,2.094685e+01,1.243329e-11,3.400727e-04,0.000000e+00,3.437317e-04,3.817044e-04,0.000000e+00,1.417507e-08,6.323558e-13,1.602042e-10,0.000000e+00,0.000000e+00,0.000000e+00,1.417507e-08,0.0000,99.4525,0.5475,1.503609e+02
48800,1.791388e-06,2.068103e+01,1.227552e-11,3.421290e-04,0.000000e+00,3.414335e-04,3.851099e-04,0.000000e+00,1.408279e-08,-4.717833e-12,1.629901e-10,0.000000e+00,0.000000e+00,0.000000e+00,1.408279e-08,0.0000,99.4532,0.5468,1.504058e+02
48900,1.795059e-06,2.041212e+01,1.211590e-11,3.423709e-04,0.000000e+00,3.392563e-04,3.858530e-04,0.000000e+00,1.400646e-08,-1.329852e-12,1.743659e-10,0.000000e+00,0.000000e+00,0.000000e+00,1.400646e-08,0.0000,99.4524,0.5476,1.507013e+02
49000,1.798730e-06,2.019322e+01,1.198597e-11,3.458182e-04,0.000000e+00,3.431269e-04,3.812137e-04,0.000000e+00,1.417229e-08,-7.302476e-12,1.642628e-10,0.000000e+00,0.000000e+00,0.000000e+00,1.417229e-08,0.0000,99.4519,0.5481,1.508189e+02
49100,1.802400e-06,2.000924e+01,1.187676e-11,3.445784e-04,0.000000e+00,3.425221e-04,3.743273e-04,0.000000e+00,1.416558e-08,-1.478164e-12,1.841932e-10,0.000000e+00,0.000000e+00,0.000000e+00,1.416558e-08,0.0000,99.4518,0.5482,1.512112e+02
49200,1.806071e-06,1.983519e+01,1.177345e-11,3.399518e-04,0.000000e+00,3.444575e-04,3.680946e-04,0.000000e+00,1.424680e-08,6.795872e-12,1.981231e-10,0.000000e+00,0.000000e+00,0.000000e+00,1.424680e-08,0.0000,99.4559,0.5441,1.512410e+02
49300,1.809742e-06,1.973239e+01,1.171243e-11,3.436712e-04,0.000000e+00,3.442155e-04,3.602939e-04,0.000000e+00,1.424083e-08,5.229786e-12,2.141942e-10,0.000000e+00,0.000000e+00,0.000000e+00,1.424083e-08,0.0000,99.4575,0.5425,1.513182e+02
49400,1.813413e-06,1.968402e+01,1.168373e-11,3.432479e-04,0.000000e+00,3.425524e-04,3.510677e-04,0.000000e+00,1.417959e-08,-2.642379e-12,2.172720e-10,0.000000e+00,0.000000e+00,0.000000e+00,1.417959e-08,0.0000,99.4582,0.5418,1.514819e+02
49500,1.817084e-06,1.969494e+01,1.169021e-11,3.412823e-04,0.000000e+00,3.432781e-04,3.395176e-04,0.000000e+00,1.421340e-08,6.920194e-12,2.008404e-10,0.000000e+00,0.000000e+00,0.000000e+00,1.421340e-08,0.0000,99.4607,0.5393,1.515555e+02
49600,1.820755e-06,1.975265e+01,1.172446e-11,3.398308e-04,0.000000e+00,3.430060e-04,3.304988e-04,0.000000e+00,1.420429e-08,-2.342197e-12,2.174161e-10,0.000000e+00,0.000000e+00,0.000000e+00,1.420429e-08,0.0000,99.4639,0.5361,1.516011e+02
49700,1.824426e-06,1.987926e+01,1.179961e-11,3.433688e-04,0.000000e+00,3.412521e-04,3.228964e-04,0.000000e+00,1.412794e-08,6.627513e-12,2.254865e-10,0.000000e+00,0.000000e+00,0.000000e+00,1.412794e-08,0.0000,99.4637,0.5363,1.515276e+02
49800,1.828097e-06,2.004042e+01,1.189527e-11,3.421593e-04,0.000000e+00,3.436107e-04,3.161003e-04,0.000000e+00,1.423578e-08,-2.905930e-12,2.383301e-10,0.000000e+00,0.000000e+00,0.000000e+00,1.423578e-08,0.0000,99.4658,0.5342,1.517445e+02
49900,1.831767e-06,2.025646e+01,1.202351e-11,3.440341e-04,0.000000e+00,3.401332e-04,3.091014e-04,0.000000e+00,1.408860e-08,1.319206e-12,2.382845e-10,0.000000e+00,0.000000e+00,0.000000e+00,1.408860e-08,0.0000,99.4645,0.5355,1.516748e+02
50000,1.835438e-06,2.046201e+01,1.214552e-11,3.407985e-04,0.000000e+00,3.429455e-04,3.075616e-04,0.000000e+00,1.419302e-08,8.679772e-12,2.408059e-10,0.000000e+00,0.000000e+00,0.000000e+00,1.419302e-08,0.0000,99.4671,0.5329,1.514214e+02
50100,1.839109e-06,2.069628e+01,1.228457e-11,3.421290e-04,0.000000e+00,3.407380e-04,3.042490e-04,0.000000e+00,1.408980e-08,-5.103940e-12,2.359907e-10,0.000000e+00,0.000000e+00,0.000000e+00,1.408980e-08,0.0000,99.4673,0.5327,1.511640e+02
50200,1.842780e-06,2.093263e+01,1.242486e-11,3.436410e-04,0.000000e+00,3.437619e-04,3.054241e-04,0.000000e+00,1.421181e-08,6.099682e-13,2.236165e-10,0.000000e+00,0.000000e+00,0.000000e+00,1.421181e-08,0.0000,99.4686,0.5314,1.511017e+02
50300,1.846451e-06,2.114858e+01,1.255304e-11,3.403751e-04,0.000000e+00,3.413428e-04,3.054570e-04,0.000000e+00,1.410894e-08,-6.806725e-12,2.184671e-10,0.000000e+00,0.000000e+00,0.000000e+00,1.410894e-08,0.0000,99.4703,0.5297,1.510447e+02
50400,1.850122e-06,2.134363e+01,1.266881e-11,3.423709e-04,0.000000e+00,3.431874e-04,3.108321e-04,0.000000e+00,1.418940e-08,-1.530203e-12,2.204404e-10,0.000000e+00,0.000000e+00,0.000000e+00,1.418940e-08,0.0000,99.4720,0.5280,1.511290e+02
50500,1.853793e-06,2.152502e+01,1.277648e-11,3.450622e-04,0.000000e+00,3.394679e-04,3.157323e-04,0.000000e+00,1.401670e-08,-1.064861e-11,2.371060e-10,0.000000e+00,0.000000e+00,0.000000e+00,1.401670e-08,0.0000,99.4696,0.5304,1.507219e+02
50600,1.857464e-06,2.164271e+01,1.284634e-11,3.419778e-04,0.000000e+00,3.422500e-04,3.229478e-04,0.000000e+00,1.412983e-08,-7.403106e-12,1.988754e-10,0.000000e+00,0.000000e+00,0.000000e+00,1.412983e-08,0.0000,99.4709,0.5291,1.506875e+02
50700,1.861134e-06,2.172320e+01,1.289411e-11,3.427943e-04,0.000000e+00,3.418266e-04,3.297798e-04,0.000000e+00,1.410550e-08,-1.060191e-11,1.890217e-10,0.000000e+00,0.000000e+00,0.000000e+00,1.410550e-08,0.0000,99.4715,0.5285,1.505571e+02
50800,1.864805e-06,2.175732e+01,1.291436e-11,3.456973e-04,0.000000e+00,3.412218e-04,3.401807e-04,0.000000e+00,1.407320e-08,-1.124344e-12,1.950189e-10,0.000000e+00,0.000000e+00,0.000000e+00,1.407320e-08,0.0000,99.4698,0.5302,1.503935e+02
50900,1.868476e-06,2.171311e+01,1.288812e-11,3.432479e-04,0.000000e+00,3.437922e-04,3.503958e-04,0.000000e+00,1.417700e-08,-1.120391e-11,1.824454e-10,0.000000e+00,0.000000e+00,0.000000e+00,1.417700e-08,0.0000,99.4713,0.5287,1.503437e+02
51000,1.872147e-06,2.164312e+01,1.284658e-11,3.446389e-04,0.000000e+00,3.438224e-04,3.559563e-04,0.000000e+00,1.416576e-08,6.820600e-12,1.947820e-10,0.000000e+00,0.000000e+00,0.000000e+00,1.416576e-08,0.0000,99.4719,0.5281,1.500812e+02
51100,1.875818e-06,2.147796e+01,1.274855e-11,3.390144e-04,0.000000e+00,3.450925e-04,3.657195e-04,0.000000e+00,1.422486e-08,-2.908833e-12,2.032700e-10,0.000000e+00,0.000000e+00,0.000000e+00,1.422486e-08,0.0000,99.4768,0.5232,1.502222e+02
51200,1.879489e-06,2.132336e+01,1.265678e-11,3.428245e-04,0.000000e+00,3.449110e-04,3.678235e-04,0.000000e+00,1.422244e-08,-2.499955e-12,1.685661e-10,0.000000e+00,0.000000e+00,0.000000e+00,1.422244e-08,0.0000,99.4792,0.5208,1.503320e+02
51300,1.883160e-06,2.115594e+01,1.255741e-11,3.434293e-04,0.000000e+00,3.423709e-04,3.704995e-04,0.000000e+00,1.411601e-08,-2.146988e-12,1.855516e-10,0.000000e+00,0.000000e+00,0.000000e+00,1.411601e-08,0.0000,99.4796,0.5204,1.502953e+02
51400,1.886831e-06,2.096655e+01,1.244499e-11,3.418569e-04,0.000000e+00,3.410102e-04,3.724818e-04,0.000000e+00,1.406733e-08,-2.055965e-12,1.851359e-10,0.000000e+00,0.000000e+00,0.000000e+00,1.406733e-08,0.0000,99.4802,0.5198,1.504438e+02
51500,1.890501e-06,2.079920e+01,1.234566e-11,3.425524e-04,0.000000e+00,3.434898e-04,3.696105e-04,0.000000e+00,1.417507e-08,-7.213305e-12,1.983780e-10,0.000000e+00,0.000000e+00,0.000000e+00,1.417507e-08,0.0000,99.4819,0.5181,1.505759e+02
51600,1.894172e-06,2.064762e+01,1.225568e-11,3.415242e-04,0.000000e+00,3.428245e-04,3.660355e-04,0.000000e+00,1.415192e-08,1.331337e-12,2.001676e-10,0.000000e+00,0.000000e+00,0.000000e+00,1.415192e-08,0.0000,99.4838,0.5162,1.506581e+02
51700,1.897843e-06,2.053433e+01,1.218844e-11,3.423407e-04,0.000000e+00,3.437619e-04,3.606585e-04,0.000000e+00,1.419659e-08,-4.579191e-12,1.838652e-10,0.000000e+00,0.000000e+00,0.000000e+00,1.419659e-08,0.0000,99.4857,0.5143,1.507759e+02
51800,1.901514e-06,2.044466e+01,1.213521e-11,3.397401e-04,0.000000e+00,3.412521e-04,3.542394e-04,0.000000e+00,1.410465e-08,3.085094e-12,2.265802e-10,0.000000e+00,0.000000e+00,0.000000e+00,1.410465e-08,0.0000,99.4877,0.5123,1.510283e+02
51900,1.905185e-06,2.042256e+01,1.212210e-11,3.442760e-04,0.000000e+00,3.421290e-04,3.478492e-04,0.000000e+00,1.413054e-08,2.205232e-13,2.092188e-10,0.000000e+00,0.000000e+00,0.000000e+00,1.413054e-08,0.0000,99.4875,0.5125,1.508204e+02
52000,1.908856e-06,2.041683e+01,1.211869e-11,3.399518e-04,0.000000e+00,3.402542e-04,3.408791e-04,0.000000e+00,1.405997e-08,-2.401680e-12,2.283673e-10,0.000000e+00,0.000000e+00,0.000000e+00,1.405997e-08,0.0000,99.4888,0.5112,1.509631e+02
52100,1.912527e-06,2.045556e+01,1.214168e-11,3.420383e-04,0.000000e+00,3.423105e-04,3.357757e-04,0.000000e+00,1.415370e-08,-1.378183e-12,2.286988e-10,0.000000e+00,0.000000e+00,0.000000e+00,1.415370e-08,0.0000,99.4900,0.5100,1.511486e+02
52200,1.916198e-06,2.054448e+01,1.219447e-11,3.437317e-04,0.000000e+00,3.414335e-04,3.293526e-04,0.000000e+00,1.411305e-08,7.294849e-12,2.193773e-10,0.000000e+00,0.000000e+00,0.000000e+00,1.411305e-08,0.0000,99.4897,0.5103,1.510497e+02
52300,1.919869e-06,2.065771e+01,1.226167e-11,3.424616e-04,0.000000e+00,3.430362e-04,3.241532e-04,0.000000e+00,1.418494e-08,-1.563412e-13,2.392421e-10,0.000000e+00,0.000000e+00,0.000000e+00,1.418494e-08,0.0000,99.4911,0.5089,1.511767e+02
52400,1.923539e-06,2.076924e+01,1.232787e-11,3.400123e-04,0.000000e+00,3.429152e-04,3.219792e-04,0.000000e+00,1.417001e-08,3.133817e-12,2.383817e-10,0.000000e+00,0.000000e+00,0.000000e+00,1.417001e-08,0.0000,99.4939,0.5061,1.509666e+02
52500,1.927210e-06,2.092737e+01,1.242173e-11,3.420081e-04,0.000000e+00,3.423105e-04,3.164393e-04,0.000000e+00,1.414459e-08,3.214131e-12,2.125317e-10,0.000000e+00,0.000000e+00,0.000000e+00,1.414459e-08,0.0000,99.4951,0.5049,1.509554e+02
52600,1.930881e-06,2.110259e+01,1.252574e-11,3.445482e-04,0.000000e+00,3.415545e-04,3.162155e-04,0.000000e+00,1.412312e-08,-4.385967e-12,2.090121e-10,0.000000e+00,0.000000e+00,0.000000e+00,1.412312e-08,0.0000,99.4943,0.5057,1.511640e+02
52700,1.934552e-06,2.124240e+01,1.260872e-11,3.407380e-04,0.000000e+00,3.393470e-04,3.181314e-04,0.000000e+00,1.402090e-08,-4.273202e-12,2.141657e-10,0.000000e+00,0.000000e+00,0.000000e+00,1.402090e-08,0.0000,99.4945,0.5055,1.509198e+02
52800,1.938223e-06,2.140234e+01,1.270366e-11,3.423105e-04,0.000000e+00,3.447901e-04,3.164494e-04,0.000000e+00,1.423513e-08,5.122223e-12,2.312975e-10,0.000000e+00,0.000000e+00,0.000000e+00,1.423513e-08,0.0000,99.4971,0.5029,1.506963e+02
52900,1.941894e-06,2.154508e+01,1.278839e-11,3.434596e-04,0.000000e+00,3.403449e-04,3.203779e-04,0.000000e+00,1.404828e-08,7.223740e-13,2.259954e-10,0.000000e+00,0.000000e+00,0.000000e+00,1.404828e-08,0.0000,99.4962,0.5038,1.506254e+02
53000,1.945565e-06,2.164790e+01,1.284941e-11,3.398611e-04,0.000000e+00,3.416452e-04,3.232367e-04,0.000000e+00,1.409989e-08,4.853314e-12,2.256298e-10,0.000000e+00,0.000000e+00,0.000000e+00,1.409989e-08,0.0000,99.4983,0.5017,1.505822e+02
53100,1.949236e-06,2.174808e+01,1.290888e-11,3.438224e-04,0.000000e+00,3.424012e-04,3.276233e-04,0.000000e+00,1.412558e-08,-1.569108e-12,2.049780e-10,0.000000e+00,0.000000e+00,0.000000e+00,1.412558e-08,0.0000,99.4985,0.5015,1.504721e+02
53200,1.952906e-06,2.182024e+01,1.295171e-11,3.441551e-04,0.000000e+00,3.403751e-04,3.324867e-04,0.000000e+00,1.403338e-08,-8.826581e-12,1.966853e-10,0.000000e+00,0.000000e+00,0.000000e+00,1.403338e-08,0.0000,99.4973,0.5027,1.502877e+02
53300,1.956577e-06,2.183976e+01,1.296330e-11,3.424919e-04,0.000000e+00,3.448506e-04,3.393355e-04,0.000000e+00,1.422005e-08,-3.117384e-12,2.045976e-10,0.000000e+00,0.000000e+00,0.000000e+00,1.422005e-08,0.0000,99.4997,0.5003,1.503371e+02
53400,1.960248e-06,2.182902e+01,1.295692e-11,3.420081e-04,0.000000e+00,3.419173e-04,3.437458e-04,0.000000e+00,1.409469e-08,-2.910663e-12,1.970715e-10,0.000000e+00,0.000000e+00,0.000000e+00,1.409469e-08,0.0000,99.5007,0.4993,1.502364e+02
53500,1.963919e-06,2.176943e+01,1.292155e-11,3.391353e-04,0.000000e+00,3.435805e-04,3.487696e-04,0.000000e+00,1.415394e-08,-6.593332e-12,2.043351e-10,0.000000e+00,0.000000e+00,0.000000e+00,1.415394e-08,0.0000,99.5043,0.4957,1.500469e+02
53600,1.967590e-06,2.167187e+01,1.286364e-11,3.386515e-04,0.000000e+00,3.417359e-04,3.544267e-04,0.000000e+00,1.407863e-08,-7.189706e-12,1.937851e-10,0.000000e+00,0.000000e+00,0.000000e+00,1.407863e-08,0.0000,99.5071,0.4929,1.500562e+02
53700,1.971261e-06,2.160020e+01,1.282110e-11,3.433991e-04,0.000000e+00,3.415545e-04,3.549882e-04,0.000000e+00,1.406507e-08,9.344535e-14,2.033300e-10,0.000000e+00,0.000000e+00,0.000000e+00,1.406507e-08,0.0000,99.5070,0.4930,1.499326e+02
53800,1.974932e-06,2.150397e+01,1.276398e-11,3.433386e-04,0.000000e+00,3.384700e-04,3.588983e-04,0.000000e+00,1.395144e-08,-4.925636e-12,1.992010e-10,0.000000e+00,0.000000e+00,0.000000e+00,1.395144e-08,0.0000,99.5051,0.4949,1.502090e+02
53900,1.978603e-06,2.141318e+01,1.271009e-11,3.434293e-04,0.000000e+00,3.402239e-04,3.581094e-04,0.000000e+00,1.402934e-08,-1.555169e-12,1.976360e-10,0.000000e+00,0.000000e+00,0.000000e+00,1.402934e-08,0.0000,99.5043,0.4957,1.503267e+02
54000,1.982273e-06,2.131350e+01,1.265092e-11,3.411009e-04,0.000000e+00,3.436107e-04,3.572196e-04,0.000000e+00,1.417029e-08,9.741348e-13,2.156168e-10,0.000000e+00,0.000000e+00,0.000000e+00,1.417029e-08,0.0000,99.5067,0.4933,1.503627e+02
54100,1.985944e-06,2.123183e+01,1.260245e-11,3.431269e-04,0.000000e+00,3.447901e-04,3.563323e-04,0.000000e+00,1.422945e-08,-5.243982e-12,2.087705e-10,0.000000e+00,0.000000e+00,0.000000e+00,1.422945e-08,0.0000,99.5087,0.4913,1.505813e+02
54200,1.989615e-06,2.117116e+01,1.256644e-11,3.414940e-04,0.000000e+00,3.426431e-04,3.513030e-04,0.000000e+00,1.413875e-08,1.794716e-12,2.272493e-10,0.000000e+00,0.000000e+00,0.000000e+00,1.413875e-08,0.0000,99.5103,0.4897,1.505291e+02
54300,1.993286e-06,2.112934e+01,1.254161e-11,3.425524e-04,0.000000e+00,3.430664e-04,3.493155e-04,0.000000e+00,1.415275e-08,-5.651944e-13,2.287162e-10,0.000000e+00,0.000000e+00,0.000000e+00,1.415275e-08,0.0000,99.5116,0.4884,1.504629e+02
54400,1.996957e-06,2.110495e+01,1.252714e-11,3.411916e-04,0.000000e+00,3.420685e-04,3.451355e-04,0.000000e+00,1.410983e-08,8.500593e-15,2.129342e-10,0.000000e+00,0.000000e+00,0.000000e+00,1.410983e-08,0.0000,99.5131,0.4869,1.504308e+02
54500,2.000628e-06,2.111584e+01,1.253360e-11,3.426733e-04,0.000000e+00,3.398308e-04,3.409117e-04,0.000000e+00,1.401664e-08,3.016134e-12,2.310564e-10,0.000000e+00,0.000000e+00,0.000000e+00,1.401664e-08,0.0000,99.5124,0.4876,1.504082e+02
54600,2.004299e-06,2.114636e+01,1.255172e-11,3.436410e-04,0.000000e+00,3.436410e-04,3.387063e-04,0.000000e+00,1.419128e-08,-3.683976e-12,2.403018e-10,0.000000e+00,0.000000e+00,0.000000e+00,1.419128e-08,0.0000,99.5134,0.4866,1.507761e+02
54700,2.007970e-06,2.120751e+01,1.258802e-11,3.438224e-04,0.000000e+00,3.421895e-04,3.339344e-04,0.000000e+00,1.413243e-08,1.263077e-13,2.196717e-10,0.000000e+00,0.000000e+00,0.000000e+00,1.413243e-08,0.0000,99.5134,0.4866,1.508001e+02
54800,2.011640e-06,2.124163e+01,1.260827e-11,3.386515e-04,0.000000e+00,3.426733e-04,3.331342e-04,0.000000e+00,1.414671e-08,-4.040247e-12,2.233037e-10,0.000000e+00,0.000000e+00,0.000000e+00,1.414671e-08,0.0000,99.5167,0.4833,1.506781e+02
54900,2.015311e-06,2.131434e+01,1.265142e-11,3.401332e-04,0.000000e+00,3.429152e-04,3.283773e-04,0.000000e+00,1.414934e-08,-2.230563e-13,2.258969e-10,0.000000e+00,0.000000e+00,0.000000e+00,1.414934e-08,0.0000,99.5192,0.4808,1.505273e+02
55000,2.018982e-06,2.141579e+01,1.271164e-11,3.430967e-04,0.000000e+00,3.434898e-04,3.266930e-04,0.000000e+00,1.417871e-08,3.503009e-12,1.940111e-10,0.000000e+00,0.000000e+00,0.000000e+00,1.417871e-08,0.0000,99.5204,0.4796,1.506370e+02
55100,2.022653e-06,2.150279e+01,1.276328e-11,3.411614e-04,0.000000e+00,3.386212e-04,3.270936e-04,0.000000e+00,1.398390e-08,-1.576349e-12,2.144372e-10,0.000000e+00,0.000000e+00,0.000000e+00,1.398390e-08,0.0000,99.5199,0.4801,1.507679e+02
55200,2.026324e-06,2.158902e+01,1.281446e-11,3.400727e-04,0.000000e+00,3.392563e-04,3.261298e-04,0.000000e+00,1.400027e-08,8.938140e-13,2.097228e-10,0.000000e+00,0.000000e+00,0.000000e+00,1.400027e-08,0.0000,99.5203,0.4797,1.505694e+02
55300,2.029995e-06,2.167060e+01,1.286289e-11,3.418871e-04,0.000000e+00,3.428850e-04,3.286958e-04,0.000000e+00,1.413603e-08,-5.116202e-12,2.272759e-10,0.000000e+00,0.000000e+00,0.000000e+00,1.413603e-08,0.0000,99.5218,0.4782,1.502707e+02
55400,2.033666e-06,2.175056e+01,1.291035e-11,3.404961e-04,0.000000e+00,3.403449e-04,3.275659e-04,0.000000e+00,1.403112e-08,-4.980359e-12,2.082309e-10,0.000000e+00,0.000000e+00,0.000000e+00,1.403112e-08,0.0000,99.5227,0.4773,1.502603e+02
55500,2.037337e-06,2.181334e+01,1.294761e-11,3.394679e-04,0.000000e+00,3.402844e-04,3.293177e-04,0.000000e+00,1.403475e-08,-1.224252e-13,2.081417e-10,0.000000e+00,0.000000e+00,0.000000e+00,1.403475e-08,0.0000,99.5241,0.4759,1.503915e+02
55600,2.041007e-06,2.188143e+01,1.298803e-11,3.434596e-04,0.000000e+00,3.415242e-04,3.324492e-04,0.000000e+00,1.407664e-08,1.436424e-13,2.187792e-10,0.000000e+00,0.000000e+00,0.000000e+00,1.407664e-08,0.0000,99.5239,0.4761,1.501975e+02
55700,2.044678e-06,2.191434e+01,1.300756e-11,3.404961e-04,0.000000e+00,3.399820e-04,3.351750e-04,0.000000e+00,1.401388e-08,-4.833892e-12,2.199333e-10,0.000000e+00,0.000000e+00,0.000000e+00,1.401388e-08,0.0000,99.5245,0.4755,1.502078e+02
55800,2.048349e-06,2.192654e+01,1.301480e-11,3.397099e-04,0.000000e+00,3.408590e-04,3.377374e-04,0.000000e+00,1.404916e-08,-2.722410e-12,1.961505e-10,0.000000e+00,0.000000e+00,0.000000e+00,1.404916e-08,0.0000,99.5261,0.4739,1.501928e+02
55900,2.052020e-06,2.192835e+01,1.301588e-11,3.404054e-04,0.000000e+00,3.413730e-04,3.401125e-04,0.000000e+00,1.406555e-08,-1.236001e-12,2.083007e-10,0.000000e+00,0.000000e+00,0.000000e+00,1.406555e-08,0.0000,99.5275,0.4725,1.501004e+02
56000,2.055691e-06,2.191454e+01,1.300769e-11,3.427338e-04,0.000000e+00,3.408287e-04,3.449658e-04,0.000000e+00,1.403678e-08,-4.684443e-12,2.117908e-10,0.000000e+00,0.000000e+00,0.000000e+00,1.403678e-08,0.0000,99.5274,0.4726,1.499644e+02
56100,2.059362e-06,2.187539e+01,1.298445e-11,3.399215e-04,0.000000e+00,3.394982e-04,3.462521e-04,0.000000e+00,1.398772e-08,-7.977386e-12,2.300587e-10,0.000000e+00,0.000000e+00,0.000000e+00,1.398772e-08,0.0000,99.5280,0.4720,1.500732e+02
56200,2.063033e-06,2.185938e+01,1.297494e-11,3.431874e-04,0.000000e+00,3.420081e-04,3.457768e-04,0.000000e+00,1.409734e-08,-1.467051e-12,1.920464e-10,0.000000e+00,0.000000e+00,0.000000e+00,1.409734e-08,0.0000,99.5283,0.4717,1.502140e+02
56300,2.066704e-06,2.183378e+01,1.295975e-11,3.431874e-04,0.000000e+00,3.407078e-04,3.473268e-04,0.000000e+00,1.403684e-08,-4.697923e-12,1.962539e-10,0.000000e+00,0.000000e+00,0.000000e+00,1.403684e-08,0.0000,99.5278,0.4722,1.500751e+02
56400,2.070374e-06,2.180474e+01,1.294251e-11,3.428245e-04,0.000000e+00,3.434293e-04,3.475204e-04,0.000000e+00,1.415028e-08,-5.730462e-12,2.030942e-10,0.000000e+00,0.000000e+00,0.000000e+00,1.415028e-08,0.0000,99.5291,0.4709,1.500905e+02
56500,2.074045e-06,2.178944e+01,1.293343e-11,3.454554e-04,0.000000e+00,3.421895e-04,3.479287e-04,0.000000e+00,1.409287e-08,-9.842894e-13,2.251377e-10,0.000000e+00,0.000000e+00,0.000000e+00,1.409287e-08,0.0000,99.5281,0.4719,1.499667e+02
56600,2.077716e-06,2.175131e+01,1.291080e-11,3.430664e-04,0.000000e+00,3.428548e-04,3.492319e-04,0.000000e+00,1.412862e-08,2.048239e-12,2.435703e-10,0.000000e+00,0.000000e+00,0.000000e+00,1.412862e-08,0.0000,99.5289,0.4711,1.501445e+02
56700,2.081387e-06,2.173608e+01,1.290175e-11,3.433688e-04,0.000000e+00,3.451227e-04,3.458325e-04,0.000000e+00,1.421584e-08,-5.713713e-12,2.133461e-10,0.000000e+00,0.000000e+00,0.000000e+00,1.421584e-08,0.0000,99.5308,0.4692,1.500123e+02
56800,2.085058e-06,2.172224e+01,1.289354e-11,3.420383e-04,0.000000e+00,3.418569e-04,3.442752e-04,0.000000e+00,1.409121e-08,-2.627236e-12,2.128018e-10,0.000000e+00,0.000000e+00,0.000000e+00,1.409121e-08,0.0000,99.5316,0.4684,1.502196e+02
56900,2.088729e-06,2.174787e+01,1.290875e-11,3.443063e-04,0.000000e+00,3.448808e-04,3.401629e-04,0.000000e+00,1.421091e-08,-8.026058e-12,2.338312e-10,0.000000e+00,0.000000e+00,0.000000e+00,1.421091e-08,0.0000,99.5328,0.4672,1.501198e+02
57000,2.092400e-06,2.174907e+01,1.290947e-11,3.446086e-04,0.000000e+00,3.439736e-04,3.444133e-04,0.000000e+00,1.417331e-08,-2.410146e-12,2.388243e-10,0.000000e+00,0.000000e+00,0.000000e+00,1.417331e-08,0.0000,99.5333,0.4667,1.501100e+02
57100,2.096071e-06,2.178806e+01,1.293261e-11,3.442458e-04,0.000000e+00,3.426431e-04,3.379413e-04,0.000000e+00,1.411918e-08,-6.990012e-13,2.206642e-10,0.000000e+00,0.000000e+00,0.000000e+00,1.411918e-08,0.0000,99.5333,0.4667,1.501171e+02
57200,2.099741e-06,2.182214e+01,1.295284e-11,3.416452e-04,0.000000e+00,3.454554e-04,3.361357e-04,0.000000e+00,1.423799e-08,-3.056586e-12,2.315039e-10,0.000000e+00,0.000000e+00,0.000000e+00,1.423799e-08,0.0000,99.5363,0.4637,1.501889e+02
57300,2.103412e-06,2.186301e+01,1.297710e-11,3.449110e-04,0.000000e+00,3.431572e-04,3.383018e-04,0.000000e+00,1.414813e-08,-8.547199e-13,2.199121e-10,0.000000e+00,0.000000e+00,0.000000e+00,1.414813e-08,0.0000,99.5362,0.4638,1.502882e+02
57400,2.107083e-06,2.190274e+01,1.300068e-11,3.423105e-04,0.000000e+00,3.431269e-04,3.358868e-04,0.000000e+00,1.413716e-08,2.564630e-12,2.108761e-10,0.000000e+00,0.000000e+00,0.000000e+00,1.413716e-08,0.0000,99.5375,0.4625,1.500818e+02
57500,2.110754e-06,2.196132e+01,1.303545e-11,3.441853e-04,0.000000e+00,3.433386e-04,3.347124e-04,0.000000e+00,1.414677e-08,-1.937223e-12,2.163466e-10,0.000000e+00,0.000000e+00,0.000000e+00,1.414677e-08,0.0000,99.5380,0.4620,1.501077e+02
57600,2.114425e-06,2.203185e+01,1.307731e-11,3.436410e-04,0.000000e+00,3.430664e-04,3.322368e-04,0.000000e+00,1.413510e-08,-5.919206e-12,2.118784e-10,0.000000e+00,0.000000e+00,0.000000e+00,1.413510e-08,0.0000,99.5385,0.4615,1.500879e+02
57700,2.118096e-06,2.207318e+01,1.310185e-11,3.420988e-04,0.000000e+00,3.433688e-04,3.354163e-04,0.000000e+00,1.413954e-08,-5.114140e-12,2.330819e-10,0.000000e+00,0.000000e+00,0.000000e+00,1.413954e-08,0.0000,99.5401,0.4599,1.499200e+02
57800,2.121767e-06,2.210857e+01,1.312285e-11,3.414335e-04,0.000000e+00,3.421290e-04,3.357106e-04,0.000000e+00,1.409663e-08,-7.099141e-12,2.086016e-10,0.000000e+00,0.000000e+00,0.000000e+00,1.409663e-08,0.0000,99.5413,0.4587,1.500894e+02
57900,2.125438e-06,2.215679e+01,1.315147e-11,3.436410e-04,0.000000e+00,3.448506e-04,3.358444e-04,0.000000e+00,1.419755e-08,-1.326633e-12,2.022613e-10,0.000000e+00,0.000000e+00,0.000000e+00,1.419755e-08,0.0000,99.5428,0.4572,1.498551e+02
58000,2.129108e-06,2.217618e+01,1.316298e-11,3.395284e-04,0.000000e+00,3.407078e-04,3.363936e-04,0.000000e+00,1.403732e-08,1.864242e-12,2.132415e-10,0.000000e+00,0.000000e+00,0.000000e+00,1.403732e-08,0.0000,99.5443,0.4557,1.500727e+02
58100,2.132779e-06,2.220099e+01,1.317771e-11,3.425221e-04,0.000000e+00,3.418871e-04,3.385100e-04,0.000000e+00,1.407311e-08,-5.734543e-12,2.321453e-10,0.000000e+00,0.000000e+00,0.000000e+00,1.407311e-08,0.0000,99.5448,0.4552,1.498135e+02
58200,2.136450e-06,2.221243e+01,1.318450e-11,3.411614e-04,0.000000e+00,3.424314e-04,3.393113e-04,0.000000e+00,1.409390e-08,1.783146e-12,2.114617e-10,0.000000e+00,0.000000e+00,0.000000e+00,1.409390e-08,0.0000,99.5463,0.4537,1.497772e+02
58300,2.140121e-06,2.221428e+01,1.318559e-11,3.415242e-04,0.000000e+00,3.418871e-04,3.412262e-04,0.000000e+00,1.407549e-08,5.035796e-12,1.998636e-10,0.000000e+00,0.000000e+00,0.000000e+00,1.407549e-08,0.0000,99.5473,0.4527,1.498676e+02
58400,2.143792e-06,2.221551e+01,1.318633e-11,3.420988e-04,0.000000e+00,3.401937e-04,3.418992e-04,0.000000e+00,1.400133e-08,-5.510573e-12,2.093171e-10,0.000000e+00,0.000000e+00,0.000000e+00,1.400133e-08,0.0000,99.5472,0.4528,1.497577e+02
58500,2.147463e-06,2.221146e+01,1.318392e-11,3.417661e-04,0.000000e+00,3.433991e-04,3.424209e-04,0.000000e+00,1.414027e-08,1.945174e-12,2.251163e-10,0.000000e+00,0.000000e+00,0.000000e+00,1.414027e-08,0.0000,99.5489,0.4511,1.499149e+02
58600,2.151134e-06,2.220397e+01,1.317948e-11,3.442155e-04,0.000000e+00,3.406775e-04,3.454273e-04,0.000000e+00,1.403212e-08,-1.157977e-12,2.348571e-10,0.000000e+00,0.000000e+00,0.000000e+00,1.403212e-08,0.0000,99.5478,0.4522,1.499980e+02
58700,2.154805e-06,2.217096e+01,1.315989e-11,3.399518e-04,0.000000e+00,3.430664e-04,3.452881e-04,0.000000e+00,1.412248e-08,-3.442535e-12,1.968229e-10,0.000000e+00,0.000000e+00,0.000000e+00,1.412248e-08,0.0000,99.5503,0.4497,1.498282e+02
58800,2.158475e-06,2.215168e+01,1.314844e-11,3.421593e-04,0.000000e+00,3.409497e-04,3.452780e-04,0.000000e+00,1.402696e-08,-2.677006e-12,2.054768e-10,0.000000e+00,0.000000e+00,0.000000e+00,1.402696e-08,0.0000,99.5505,0.4495,1.496381e+02
58900,2.162146e-06,2.213322e+01,1.313749e-11,3.401030e-04,0.000000e+00,3.420081e-04,3.430864e-04,0.000000e+00,1.406695e-08,-4.969546e-12,2.199241e-10,0.000000e+00,0.000000e+00,0.000000e+00,1.406695e-08,0.0000,99.5523,0.4477,1.495684e+02
59000,2.165817e-06,2.210109e+01,1.311841e-11,3.388632e-04,0.000000e+00,3.427943e-04,3.440589e-04,0.000000e+00,1.411767e-08,-6.175022e-12,2.213177e-10,0.000000e+00,0.000000e+00,0.000000e+00,1.411767e-08,0.0000,99.5552,0.4448,1.499697e+02
59100,2.169488e-06,2.208203e+01,1.310710e-11,3.403449e-04,0.000000e+00,3.410404e-04,3.434274e-04,0.000000e+00,1.403300e-08,-4.722163e-12,2.195885e-10,0.000000e+00,0.000000e+00,0.000000e+00,1.403300e-08,0.0000,99.5564,0.4436,1.496948e+02
59200,2.173159e-06,2.208924e+01,1.311138e-11,3.440341e-04,0.000000e+00,3.388027e-04,3.428684e-04,0.000000e+00,1.395190e-08,-5.852798e-12,2.251151e-10,0.000000e+00,0.000000e+00,0.000000e+00,1.395190e-08,0.0000,99.5544,0.4456,1.499330e+02
59300,2.176830e-06,2.209470e+01,1.311462e-11,3.418266e-04,0.000000e+00,3.392260e-04,3.409431e-04,0.000000e+00,1.396425e-08,-6.200431e-12,2.137579e-10,0.000000e+00,0.000000e+00,0.000000e+00,1.396425e-08,0.0000,99.5538,0.4462,1.498117e+02
59400,2.180501e-06,2.211406e+01,1.312611e-11,3.432781e-04,0.000000e+00,3.424012e-04,3.401481e-04,0.000000e+00,1.410817e-08,-7.945781e-12,2.314413e-10,0.000000e+00,0.000000e+00,0.000000e+00,1.410817e-08,0.0000,99.5542,0.4458,1.501054e+02
59500,2.184172e-06,2.214070e+01,1.314192e-11,3.427943e-04,0.000000e+00,3.425524e-04,3.384869e-04,0.000000e+00,1.411076e-08,-9.410008e-12,2.148203e-10,0.000000e+00,0.000000e+00,0.000000e+00,1.411076e-08,0.0000,99.5549,0.4451,1.500233e+02
59600,2.187843e-06,2.216863e+01,1.315850e-11,3.430664e-04,0.000000e+00,3.414335e-04,3.385493e-04,0.000000e+00,1.405523e-08,-8.283454e-12,2.126014e-10,0.000000e+00,0.000000e+00,0.000000e+00,1.405523e-08,0.0000,99.5548,0.4452,1.498291e+02
59700,2.191513e-06,2.221728e+01,1.318738e-11,3.429455e-04,0.000000e+00,3.430060e-04,3.350801e-04,0.000000e+00,1.411960e-08,-4.389028e-12,2.068381e-10,0.000000e+00,0.000000e+00,0.000000e+00,1.411960e-08,0.0000,99.5556,0.4444,1.498271e+02
59800,2.195184e-06,2.224442e+01,1.320349e-11,3.429757e-04,0.000000e+00,3.447598e-04,3.385874e-04,0.000000e+00,1.419208e-08,2.185492e-13,2.115090e-10,0.000000e+00,0.000000e+00,0.000000e+00,1.419208e-08,0.0000,99.5574,0.4426,1.498292e+02
59900,2.198855e-06,2.229077e+01,1.323100e-11,3.437317e-04,0.000000e+00,3.424616e-04,3.362372e-04,0.000000e+00,1.409730e-08,-1.914678e-12,2.159783e-10,0.000000e+00,0.000000e+00,0.000000e+00,1.409730e-08,0.0000,99.5575,0.4425,1.498206e+02
60000,2.202526e-06,2.235683e+01,1.327021e-11,3.453646e-04,0.000000e+00,3.437619e-04,3.346829e-04,0.000000e+00,1.414996e-08,8.520967e-13,2.073295e-10,0.000000e+00,0.000000e+00,0.000000e+00,1.414996e-08,0.0000,99.5575,0.4425,1.498028e+02
60100,2.206197e-06,2.238108e+01,1.328461e-11,3.412521e-04,0.000000e+00,3.416452e-04,3.373301e-04,0.000000e+00,1.406207e-08,-2.685489e-12,2.284568e-10,0.000000e+00,0.000000e+00,0.000000e+00,1.406207e-08,0.0000,99.5585,0.4415,1.497854e+02
60200,2.209868e-06,2.243705e+01,1.331783e-11,3.441551e-04,0.000000e+00,3.452437e-04,3.351047e-04,0.000000e+00,1.420346e-08,-9.360447e-12,2.205198e-10,0.000000e+00,0.000000e+00,0.000000e+00,1.420346e-08,0.0000,99.5598,0.4402,1.496536e+02
60300,2.213539e-06,2.246071e+01,1.333187e-11,3.410706e-04,0.000000e+00,3.426128e-04,3.372451e-04,0.000000e+00,1.409479e-08,-2.147922e-12,2.038071e-10,0.000000e+00,0.000000e+00,0.000000e+00,1.409479e-08,0.0000,99.5614,0.4386,1.496378e+02
60400,2.217210e-06,2.248757e+01,1.334781e-11,3.426431e-04,0.000000e+00,3.435805e-04,3.383004e-04,0.000000e+00,1.413389e-08,-3.560175e-12,2.089920e-10,0.000000e+00,0.000000e+00,0.000000e+00,1.413389e-08,0.0000,99.5627,0.4373,1.496266e+02
60500,2.220880e-06,2.252134e+01,1.336786e-11,3.437619e-04,0.000000e+00,3.419476e-04,3.383017e-04,0.000000e+00,1.406447e-08,-5.786926e-13,2.052845e-10,0.000000e+00,0.000000e+00,0.000000e+00,1.406447e-08,0.0000,99.5625,0.4375,1.495823e+02
60600,2.224551e-06,2.254728e+01,1.338325e-11,3.441551e-04,0.000000e+00,3.413126e-04,3.399611e-04,0.000000e+00,1.403510e-08,-3.728769e-12,2.172464e-10,0.000000e+00,0.000000e+00,0.000000e+00,1.403510e-08,0.0000,99.5618,0.4382,1.495085e+02
60700,2.228222e-06,2.255347e+01,1.338693e-11,3.416452e-04,0.000000e+00,3.445784e-04,3.406437e-04,0.000000e+00,1.417680e-08,-1.981877e-12,2.115943e-10,0.000000e+00,0.000000e+00,0.000000e+00,1.417680e-08,0.0000,99.5641,0.4359,1.496562e+02
60800,2.231893e-06,2.256519e+01,1.339388e-11,3.418569e-04,0.000000e+00,3.423105e-04,3.399623e-04,0.000000e+00,1.407767e-08,9.265397e-14,2.173877e-10,0.000000e+00,0.000000e+00,0.000000e+00,1.407767e-08,0.0000,99.5651,0.4349,1.495409e+02
60900,2.235564e-06,2.255731e+01,1.338921e-11,3.405566e-04,0.000000e+00,3.443365e-04,3.418299e-04,0.000000e+00,1.415674e-08,-4.273340e-14,2.162548e-10,0.000000e+00,0.000000e+00,0.000000e+00,1.415674e-08,0.0000,99.5678,0.4322,1.494454e+02
61000,2.239235e-06,2.254638e+01,1.338272e-11,3.394377e-04,0.000000e+00,3.411311e-04,3.412060e-04,0.000000e+00,1.403188e-08,-3.248461e-13,2.287547e-10,0.000000e+00,0.000000e+00,0.000000e+00,1.403188e-08,0.0000,99.5694,0.4306,1.495926e+02
61100,2.242906e-06,2.254078e+01,1.337940e-11,3.412218e-04,0.000000e+00,3.415545e-04,3.421267e-04,0.000000e+00,1.404924e-08,-5.806661e-12,2.386377e-10,0.000000e+00,0.000000e+00,0.000000e+00,1.404924e-08,0.0000,99.5704,0.4296,1.495893e+02
61200,2.246577e-06,2.253130e+01,1.337377e-11,3.418871e-04,0.000000e+00,3.397099e-04,3.434201e-04,0.000000e+00,1.397753e-08,-8.321477e-13,2.057997e-10,0.000000e+00,0.000000e+00,0.000000e+00,1.397753e-08,0.0000,99.5700,0.4300,1.496723e+02
61300,2.250247e-06,2.251992e+01,1.336702e-11,3.419476e-04,0.000000e+00,3.394679e-04,3.437871e-04,0.000000e+00,1.396373e-08,-6.053799e-12,2.361937e-10,0.000000e+00,0.000000e+00,0.000000e+00,1.396373e-08,0.0000,99.5695,0.4305,1.495911e+02
61400,2.253918e-06,2.251981e+01,1.336695e-11,3.426431e-04,0.000000e+00,3.419778e-04,3.426610e-04,0.000000e+00,1.406898e-08,-1.174173e-11,2.251010e-10,0.000000e+00,0.000000e+00,0.000000e+00,1.406898e-08,0.0000,99.5699,0.4301,1.496396e+02
61500,2.257589e-06,2.252322e+01,1.336897e-11,3.437015e-04,0.000000e+00,3.429152e-04,3.431506e-04,0.000000e+00,1.410423e-08,-2.989131e-12,2.326444e-10,0.000000e+00,0.000000e+00,0.000000e+00,1.410423e-08,0.0000,99.5702,0.4298,1.495684e+02
61600,2.261260e-06,2.252108e+01,1.336770e-11,3.433084e-04,0.000000e+00,3.411614e-04,3.436541e-04,0.000000e+00,1.403266e-08,-5.292854e-13,2.358311e-10,0.000000e+00,0.000000e+00,0.000000e+00,1.403266e-08,0.0000,99.5699,0.4301,1.495781e+02
61700,2.264931e-06,2.253528e+01,1.337613e-11,3.438224e-04,0.000000e+00,3.446691e-04,3.415266e-04,0.000000e+00,1.418046e-08,-4.902900e-12,2.219284e-10,0.000000e+00,0.000000e+00,0.000000e+00,1.418046e-08,0.0000,99.5711,0.4289,1.496635e+02
61800,2.268602e-06,2.253426e+01,1.337553e-11,3.417964e-04,0.000000e+00,3.412521e-04,3.419605e-04,0.000000e+00,1.404241e-08,2.276961e-12,2.165008e-10,0.000000e+00,0.000000e+00,0.000000e+00,1.404241e-08,0.0000,99.5715,0.4285,1.497141e+02
61900,2.272273e-06,2.256277e+01,1.339245e-11,3.465137e-04,0.000000e+00,3.460299e-04,3.419049e-04,0.000000e+00,1.422752e-08,-4.692297e-12,2.159015e-10,0.000000e+00,0.000000e+00,0.000000e+00,1.422752e-08,0.0000,99.5721,0.4279,1.494772e+02
62000,2.275944e-06,2.256763e+01,1.339533e-11,3.408892e-04,0.000000e+00,3.431572e-04,3.401035e-04,0.000000e+00,1.411184e-08,2.112659e-12,2.170678e-10,0.000000e+00,0.000000e+00,0.000000e+00,1.411184e-08,0.0000,99.5739,0.4261,1.495276e+02
62100,2.279614e-06,2.256588e+01,1.339429e-11,3.398308e-04,0.000000e+00,3.417964e-04,3.401137e-04,0.000000e+00,1.406000e-08,-5.623248e-12,2.139473e-10,0.000000e+00,0.000000e+00,0.000000e+00,1.406000e-08,0.0000,99.5757,0.4243,1.496079e+02
62200,2.283285e-06,2.257130e+01,1.339751e-11,3.414940e-04,0.000000e+00,3.442458e-04,3.406167e-04,0.000000e+00,1.416104e-08,-2.169795e-12,2.232267e-10,0.000000e+00,0.000000e+00,0.000000e+00,1.416104e-08,0.0000,99.5778,0.4222,1.496124e+02
62300,2.286956e-06,2.259487e+01,1.341150e-11,3.417964e-04,0.000000e+00,3.416452e-04,3.379860e-04,0.000000e+00,1.405862e-08,-2.521894e-12,2.094526e-10,0.000000e+00,0.000000e+00,0.000000e+00,1.405862e-08,0.0000,99.5784,0.4216,1.497172e+02
62400,2.290627e-06,2.262946e+01,1.343203e-11,3.438527e-04,0.000000e+00,3.381374e-04,3.382595e-04,0.000000e+00,1.390786e-08,-9.622898e-12,2.242408e-10,0.000000e+00,0.000000e+00,0.000000e+00,1.390786e-08,0.0000,99.5763,0.4237,1.495767e+02
62500,2.294298e-06,2.264628e+01,1.344202e-11,3.391958e-04,0.000000e+00,3.446389e-04,3.364758e-04,0.000000e+00,1.416866e-08,-5.182460e-12,2.061775e-10,0.000000e+00,0.000000e+00,0.000000e+00,1.416866e-08,0.0000,99.5797,0.4203,1.494395e+02
62600,2.297969e-06,2.267066e+01,1.345649e-11,3.412823e-04,0.000000e+00,3.404356e-04,3.373400e-04,0.000000e+00,1.400146e-08,-5.258026e-12,2.071127e-10,0.000000e+00,0.000000e+00,0.000000e+00,1.400146e-08,0.0000,99.5800,0.4200,1.495467e+02
62700,2.301640e-06,2.270705e+01,1.347809e-11,3.443667e-04,0.000000e+00,3.410706e-04,3.384823e-04,0.000000e+00,1.402999e-08,-3.568611e-12,2.236509e-10,0.000000e+00,0.000000e+00,0.000000e+00,1.402999e-08,0.0000,99.5791,0.4209,1.496064e+02
62800,2.305311e-06,2.270639e+01,1.347769e-11,3.401635e-04,0.000000e+00,3.422500e-04,3.402712e-04,0.000000e+00,1.407871e-08,-4.321158e-12,2.184758e-10,0.000000e+00,0.000000e+00,0.000000e+00,1.407871e-08,0.0000,99.5808,0.4192,1.496082e+02
62900,2.308981e-06,2.272334e+01,1.348776e-11,3.393470e-04,0.000000e+00,3.433991e-04,3.366055e-04,0.000000e+00,1.412570e-08,1.339384e-12,2.118708e-10,0.000000e+00,0.000000e+00,0.000000e+00,1.412570e-08,0.0000,99.5836,0.4164,1.496058e+02
63000,2.312652e-06,2.274568e+01,1.350102e-11,3.413730e-04,0.000000e+00,3.395284e-04,3.377602e-04,0.000000e+00,1.396199e-08,1.662148e-12,2.124642e-10,0.000000e+00,0.000000e+00,0.000000e+00,1.396199e-08,0.0000,99.5834,0.4166,1.495031e+02
63100,2.316323e-06,2.276598e+01,1.351307e-11,3.422197e-04,0.000000e+00,3.418871e-04,3.389376e-04,0.000000e+00,1.405343e-08,3.209148e-12,2.217264e-10,0.000000e+00,0.000000e+00,0.000000e+00,1.405343e-08,0.0000,99.5839,0.4161,1.494002e+02
63200,2.319994e-06,2.278312e+01,1.352324e-11,3.418569e-04,0.000000e+00,3.393470e-04,3.390850e-04,0.000000e+00,1.394953e-08,-2.335493e-12,2.158904e-10,0.000000e+00,0.000000e+00,0.000000e+00,1.394953e-08,0.0000,99.5834,0.4166,1.493965e+02
63300,2.323665e-06,2.280596e+01,1.353680e-11,3.426733e-04,0.000000e+00,3.421895e-04,3.389808e-04,0.000000e+00,1.407178e-08,-1.159969e-11,2.334596e-10,0.000000e+00,0.000000e+00,0.000000e+00,1.407178e-08,0.0000,99.5838,0.4162,1.495248e+02
63400,2.327336e-06,2.281693e+01,1.354331e-11,3.429152e-04,0.000000e+00,3.420988e-04,3.411414e-04,0.000000e+00,1.405473e-08,-2.869216e-12,2.026145e-10,0.000000e+00,0.000000e+00,0.000000e+00,1.405473e-08,0.0000,99.5841,0.4159,1.492293e+02
63500,2.331007e-06,2.283390e+01,1.355338e-11,3.418569e-04,0.000000e+00,3.420081e-04,3.391135e-04,0.000000e+00,1.406061e-08,1.456760e-13,2.283800e-10,0.000000e+00,0.000000e+00,0.000000e+00,1.406061e-08,0.0000,99.5849,0.4151,1.494436e+02
63600,2.334678e-06,2.284422e+01,1.355951e-11,3.431269e-04,0.000000e+00,3.428850e-04,3.414578e-04,0.000000e+00,1.409008e-08,-1.184026e-11,2.178975e-10,0.000000e+00,0.000000e+00,0.000000e+00,1.409008e-08,0.0000,99.5855,0.4145,1.493026e+02
63700,2.338348e-06,2.286075e+01,1.356932e-11,3.417964e-04,0.000000e+00,3.430060e-04,3.391236e-04,0.000000e+00,1.409230e-08,-3.240391e-12,2.169750e-10,0.000000e+00,0.000000e+00,0.000000e+00,1.409230e-08,0.0000,99.5868,0.4132,1.492467e+02
63800,2.342019e-06,2.286687e+01,1.357295e-11,3.409799e-04,0.000000e+00,3.424616e-04,3.399901e-04,0.000000e+00,1.408785e-08,-8.069593e-12,2.277927e-10,0.000000e+00,0.000000e+00,0.000000e+00,1.408785e-08,0.0000,99.5882,0.4118,1.496244e+02
63900,2.345690e-06,2.286078e+01,1.356933e-11,3.389236e-04,0.000000e+00,3.415847e-04,3.399090e-04,0.000000e+00,1.404717e-08,-4.162965e-12,2.270630e-10,0.000000e+00,0.000000e+00,0.000000e+00,1.404717e-08,0.0000,99.5902,0.4098,1.495233e+02
64000,2.349361e-06,2.285961e+01,1.356864e-11,3.425826e-04,0.000000e+00,3.406775e-04,3.427707e-04,0.000000e+00,1.400660e-08,-4.535011e-13,2.386843e-10,0.000000e+00,0.000000e+00,0.000000e+00,1.400660e-08,0.0000,99.5899,0.4101,1.494464e+02
64100,2.353032e-06,2.288530e+01,1.358389e-11,3.442155e-04,0.000000e+00,3.409799e-04,3.400621e-04,0.000000e+00,1.401843e-08,-3.758822e-12,2.113848e-10,0.000000e+00,0.000000e+00,0.000000e+00,1.401843e-08,0.0000,99.5890,0.4110,1.494365e+02
64200,2.356703e-06,2.290410e+01,1.359505e-11,3.444575e-04,0.000000e+00,3.403449e-04,3.414176e-04,0.000000e+00,1.398795e-08,-6.335708e-12,2.265867e-10,0.000000e+00,0.000000e+00,0.000000e+00,1.398795e-08,0.0000,99.5877,0.4123,1.493499e+02
64300,2.360374e-06,2.291295e+01,1.360030e-11,3.417057e-04,0.000000e+00,3.420383e-04,3.402743e-04,0.000000e+00,1.405221e-08,4.588102e-12,2.228699e-10,0.000000e+00,0.000000e+00,0.000000e+00,1.405221e-08,0.0000,99.5886,0.4114,1.492372e+02
64400,2.364045e-06,2.293952e+01,1.361608e-11,3.443365e-04,0.000000e+00,3.457880e-04,3.400402e-04,0.000000e+00,1.421041e-08,-4.364489e-12,2.178090e-10,0.000000e+00,0.000000e+00,0.000000e+00,1.421041e-08,0.0000,99.5900,0.4100,1.493274e+02
64500,2.367715e-06,2.294351e+01,1.361844e-11,3.417057e-04,0.000000e+00,3.451227e-04,3.410605e-04,0.000000e+00,1.419134e-08,-1.871918e-12,2.111373e-10,0.000000e+00,0.000000e+00,0.000000e+00,1.419134e-08,0.0000,99.5923,0.4077,1.494923e+02
64600,2.371386e-06,2.294278e+01,1.361801e-11,3.405868e-04,0.000000e+00,3.409497e-04,3.407055e-04,0.000000e+00,1.400909e-08,7.726860e-12,1.966907e-10,0.000000e+00,0.000000e+00,0.000000e+00,1.400909e-08,0.0000,99.5931,0.4069,1.492688e+02
64700,2.375057e-06,2.296338e+01,1.363024e-11,3.413730e-04,0.000000e+00,3.442458e-04,3.380418e-04,0.000000e+00,1.413590e-08,-6.279047e-12,2.186441e-10,0.000000e+00,0.000000e+00,0.000000e+00,1.413590e-08,0.0000,99.5952,0.4048,1.490945e+02
64800,2.378728e-06,2.296205e+01,1.362945e-11,3.401937e-04,0.000000e+00,3.402844e-04,3.404083e-04,0.000000e+00,1.397953e-08,1.463067e-13,1.974361e-10,0.000000e+00,0.000000e+00,0.000000e+00,1.397953e-08,0.0000,99.5959,0.4041,1.492156e+02
64900,2.382399e-06,2.298906e+01,1.364548e-11,3.418569e-04,0.000000e+00,3.397099e-04,3.374906e-04,0.000000e+00,1.395520e-08,-9.099643e-12,2.104235e-10,0.000000e+00,0.000000e+00,0.000000e+00,1.395520e-08,0.0000,99.5955,0.4045,1.492080e+02
65000,2.386070e-06,2.299489e+01,1.364894e-11,3.406170e-04,0.000000e+00,3.402542e-04,3.396737e-04,0.000000e+00,1.397159e-08,-3.886955e-12,2.182458e-10,0.000000e+00,0.000000e+00,0.000000e+00,1.397159e-08,0.0000,99.5960,0.4040,1.490774e+02
65100,2.389741e-06,2.300645e+01,1.365580e-11,3.423105e-04,0.000000e+00,3.424012e-04,3.404412e-04,0.000000e+00,1.406504e-08,-2.147468e-12,2.245137e-10,0.000000e+00,0.000000e+00,0.000000e+00,1.406504e-08,0.0000,99.5967,0.4033,1.491882e+02
65200,2.393412e-06,2.301893e+01,1.366321e-11,3.430967e-04,0.000000e+00,3.410102e-04,3.410793e-04,0.000000e+00,1.400549e-08,5.584463e-12,2.262861e-10,0.000000e+00,0.000000e+00,0.000000e+00,1.400549e-08,0.0000,99.5964,0.4036,1.491406e+02
65300,2.397082e-06,2.304730e+01,1.368005e-11,3.416149e-04,0.000000e+00,3.422500e-04,3.370268e-04,0.000000e+00,1.406131e-08,1.889318e-12,2.314000e-10,0.000000e+00,0.000000e+00,0.000000e+00,1.406131e-08,0.0000,99.5973,0.4027,1.492346e+02
65400,2.400753e-06,2.305433e+01,1.368422e-11,3.417057e-04,0.000000e+00,3.433991e-04,3.405697e-04,0.000000e+00,1.410630e-08,-3.757809e-12,2.095818e-10,0.000000e+00,0.000000e+00,0.000000e+00,1.410630e-08,0.0000,99.5988,0.4012,1.491969e+02
65500,2.404424e-06,2.306564e+01,1.369094e-11,3.417661e-04,0.000000e+00,3.402239e-04,3.399363e-04,0.000000e+00,1.397863e-08,-1.739641e-12,2.233470e-10,0.000000e+00,0.000000e+00,0.000000e+00,1.397863e-08,0.0000,99.5987,0.4013,1.492558e+02
65600,2.408095e-06,2.307669e+01,1.369749e-11,3.408287e-04,0.000000e+00,3.424012e-04,3.390428e-04,0.000000e+00,1.406304e-08,-4.719834e-12,2.128585e-10,0.000000e+00,0.000000e+00,0.000000e+00,1.406304e-08,0.0000,99.6001,0.3999,1.491549e+02
65700,2.411766e-06,2.308252e+01,1.370095e-11,3.411311e-04,0.000000e+00,3.432781e-04,3.401888e-04,0.000000e+00,1.409228e-08,6.337621e-12,2.300698e-10,0.000000e+00,0.000000e+00,0.000000e+00,1.409228e-08,0.0000,99.6018,0.3982,1.490071e+02
65800,2.415437e-06,2.311802e+01,1.372202e-11,3.442458e-04,0.000000e+00,3.389236e-04,3.385059e-04,0.000000e+00,1.391800e-08,-3.629121e-12,1.940203e-10,0.000000e+00,0.000000e+00,0.000000e+00,1.391800e-08,0.0000,99.5999,0.4001,1.490993e+02
65900,2.419108e-06,2.311338e+01,1.371927e-11,3.394075e-04,0.000000e+00,3.402844e-04,3.401566e-04,0.000000e+00,1.397115e-08,2.124545e-12,2.314753e-10,0.000000e+00,0.000000e+00,0.000000e+00,1.397115e-08,0.0000,99.6010,0.3990,1.490369e+02
66000,2.422779e-06,2.312375e+01,1.372543e-11,3.413730e-04,0.000000e+00,3.443970e-04,3.396961e-04,0.000000e+00,1.414525e-08,-4.962630e-12,2.415573e-10,0.000000e+00,0.000000e+00,0.000000e+00,1.414525e-08,0.0000,99.6030,0.3970,1.491502e+02
66100,2.426449e-06,2.315605e+01,1.374460e-11,3.446994e-04,0.000000e+00,3.405868e-04,3.394763e-04,0.000000e+00,1.398054e-08,-5.667938e-12,2.250685e-10,0.000000e+00,0.000000e+00,0.000000e+00,1.398054e-08,0.0000,99.6018,0.3982,1.489770e+02
66200,2.430120e-06,2.317736e+01,1.375725e-11,3.448808e-04,0.000000e+00,3.416754e-04,3.414354e-04,0.000000e+00,1.403370e-08,1.646398e-12,2.270079e-10,0.000000e+00,0.000000e+00,0.000000e+00,1.403370e-08,0.0000,99.6009,0.3991,1.491573e+02
66300,2.433791e-06,2.319560e+01,1.376807e-11,3.429152e-04,0.000000e+00,3.427640e-04,3.399668e-04,0.000000e+00,1.408510e-08,-6.051814e-12,2.005520e-10,0.000000e+00,0.000000e+00,0.000000e+00,1.408510e-08,0.0000,99.6015,0.3985,1.492982e+02
66400,2.437462e-06,2.321164e+01,1.377759e-11,3.420081e-04,0.000000e+00,3.444272e-04,3.394140e-04,0.000000e+00,1.414268e-08,-6.652587e-12,2.286622e-10,0.000000e+00,0.000000e+00,0.000000e+00,1.414268e-08,0.0000,99.6032,0.3968,1.490782e+02
66500,2.441133e-06,2.321537e+01,1.377981e-11,3.407682e-04,0.000000e+00,3.434596e-04,3.401648e-04,0.000000e+00,1.410019e-08,3.532111e-12,2.161678e-10,0.000000e+00,0.000000e+00,0.000000e+00,1.410019e-08,0.0000,99.6051,0.3949,1.490211e+02
66600,2.444804e-06,2.323972e+01,1.379426e-11,3.424616e-04,0.000000e+00,3.432176e-04,3.385242e-04,0.000000e+00,1.409263e-08,-4.717860e-12,2.186254e-10,0.000000e+00,0.000000e+00,0.000000e+00,1.409263e-08,0.0000,99.6061,0.3939,1.490612e+02
66700,2.448475e-06,2.324136e+01,1.379523e-11,3.417964e-04,0.000000e+00,3.413730e-04,3.415322e-04,0.000000e+00,1.401254e-08,-2.884375e-12,2.112175e-10,0.000000e+00,0.000000e+00,0.000000e+00,1.401254e-08,0.0000,99.6065,0.3935,1.489778e+02
66800,2.452146e-06,2.327778e+01,1.381685e-11,3.459392e-04,0.000000e+00,3.412823e-04,3.400503e-04,0.000000e+00,1.401225e-08,-1.969633e-13,2.234810e-10,0.000000e+00,0.000000e+00,0.000000e+00,1.401225e-08,0.0000,99.6050,0.3950,1.490457e+02
66900,2.455817e-06,2.328872e+01,1.382335e-11,3.427338e-04,0.000000e+00,3.413428e-04,3.409641e-04,0.000000e+00,1.401935e-08,-5.864210e-12,2.412416e-10,0.000000e+00,0.000000e+00,0.000000e+00,1.401935e-08,0.0000,99.6050,0.3950,1.491470e+02
67000,2.459487e-06,2.330667e+01,1.383400e-11,3.425826e-04,0.000000e+00,3.452437e-04,3.396807e-04,0.000000e+00,1.417277e-08,-2.397030e-12,2.086653e-10,0.000000e+00,0.000000e+00,0.000000e+00,1.417277e-08,0.0000,99.6069,0.3931,1.490041e+02
67100,2.463158e-06,2.331503e+01,1.383896e-11,3.421895e-04,0.000000e+00,3.435805e-04,3.408380e-04,0.000000e+00,1.410660e-08,-4.454019e-12,2.133705e-10,0.000000e+00,0.000000e+00,0.000000e+00,1.410660e-08,0.0000,99.6081,0.3919,1.490435e+02
67200,2.466829e-06,2.333252e+01,1.384935e-11,3.423407e-04,0.000000e+00,3.417964e-04,3.395113e-04,0.000000e+00,1.403540e-08,2.157150e-12,2.003295e-10,0.000000e+00,0.000000e+00,0.000000e+00,1.403540e-08,0.0000,99.6085,0.3915,1.490981e+02
67300,2.470500e-06,2.334865e+01,1.385892e-11,3.419173e-04,0.000000e+00,3.432176e-04,3.393103e-04,0.000000e+00,1.408477e-08,-5.097923e-12,2.234589e-10,0.000000e+00,0.000000e+00,0.000000e+00,1.408477e-08,0.0000,99.6097,0.3903,1.489056e+02
67400,2.474171e-06,2.334755e+01,1.385826e-11,3.409497e-04,0.000000e+00,3.432781e-04,3.411278e-04,0.000000e+00,1.409660e-08,-1.127898e-11,2.242462e-10,0.000000e+00,0.000000e+00,0.000000e+00,1.409660e-08,0.0000,99.6114,0.3886,1.490930e+02
67500,2.477842e-06,2.336040e+01,1.386589e-11,3.418871e-04,0.000000e+00,3.388632e-04,3.398094e-04,0.000000e+00,1.390431e-08,-3.527753e-12,2.315792e-10,0.000000e+00,0.000000e+00,0.000000e+00,1.390431e-08,0.0000,99.6106,0.3894,1.488615e+02
67600,2.481513e-06,2.335582e+01,1.386317e-11,3.405263e-04,0.000000e+00,3.441853e-04,3.412669e-04,0.000000e+00,1.412271e-08,7.011531e-12,2.122333e-10,0.000000e+00,0.000000e+00,0.000000e+00,1.412271e-08,0.0000,99.6129,0.3871,1.488593e+02
67700,2.485184e-06,2.335642e+01,1.386353e-11,3.419173e-04,0.000000e+00,3.394982e-04,3.418194e-04,0.000000e+00,1.393829e-08,-3.451860e-12,2.161456e-10,0.000000e+00,0.000000e+00,0.000000e+00,1.393829e-08,0.0000,99.6124,0.3876,1.490256e+02
67800,2.488854e-06,2.337408e+01,1.387401e-11,3.446691e-04,0.000000e+00,3.433386e-04,3.418141e-04,0.000000e+00,1.409374e-08,4.300107e-12,2.091602e-10,0.000000e+00,0.000000e+00,0.000000e+00,1.409374e-08,0.0000,99.6124,0.3876,1.489886e+02
67900,2.492525e-06,2.338454e+01,1.388022e-11,3.423105e-04,0.000000e+00,3.399215e-04,3.406185e-04,0.000000e+00,1.395916e-08,-8.161485e-12,2.143382e-10,0.000000e+00,0.000000e+00,0.000000e+00,1.395916e-08,0.0000,99.6119,0.3881,1.491117e+02
68000,2.496196e-06,2.341149e+01,1.389622e-11,3.447296e-04,0.000000e+00,3.456973e-04,3.403718e-04,0.000000e+00,1.419125e-08,-5.947693e-12,2.328854e-10,0.000000e+00,0.000000e+00,0.000000e+00,1.419125e-08,0.0000,99.6130,0.3870,1.490025e+02
68100,2.499867e-06,2.342080e+01,1.390174e-11,3.410404e-04,0.000000e+00,3.420685e-04,3.395357e-04,0.000000e+00,1.404102e-08,3.801042e-12,2.221113e-10,0.000000e+00,0.000000e+00,0.000000e+00,1.404102e-08,0.0000,99.6141,0.3859,1.489606e+02
68200,2.503538e-06,2.340735e+01,1.389376e-11,3.402844e-04,0.000000e+00,3.443063e-04,3.424589e-04,0.000000e+00,1.412627e-08,-3.474061e-12,2.246231e-10,0.000000e+00,0.000000e+00,0.000000e+00,1.412627e-08,0.0000,99.6165,0.3835,1.488323e+02
68300,2.507209e-06,2.342890e+01,1.390655e-11,3.421593e-04,0.000000e+00,3.402239e-04,3.386746e-04,0.000000e+00,1.395742e-08,6.308598e-12,2.207173e-10,0.000000e+00,0.000000e+00,0.000000e+00,1.395742e-08,0.0000,99.6162,0.3838,1.487967e+02
68400,2.510880e-06,2.342179e+01,1.390233e-11,3.420081e-04,0.000000e+00,3.420988e-04,3.431570e-04,0.000000e+00,1.403079e-08,-3.178839e-12,2.184876e-10,0.000000e+00,0.000000e+00,0.000000e+00,1.403079e-08,0.0000,99.6168,0.3832,1.487325e+02
68500,2.514551e-06,2.343554e+01,1.391049e-11,3.420081e-04,0.000000e+00,3.423105e-04,3.397862e-04,0.000000e+00,1.405044e-08,2.617143e-12,2.177362e-10,0.000000e+00,0.000000e+00,0.000000e+00,1.405044e-08,0.0000,99.6176,0.3824,1.489626e+02
68600,2.518221e-06,2.344893e+01,1.391844e-11,3.424616e-04,0.000000e+00,3.411614e-04,3.402965e-04,0.000000e+00,1.399720e-08,-3.826902e-12,2.428772e-10,0.000000e+00,0.000000e+00,0.000000e+00,1.399720e-08,0.0000,99.6176,0.3824,1.488271e+02
68700,2.521892e-06,2.345705e+01,1.392326e-11,3.420081e-04,0.000000e+00,3.439131e-04,3.406948e-04,0.000000e+00,1.411366e-08,-1.401260e-12,2.262640e-10,0.000000e+00,0.000000e+00,0.000000e+00,1.411366e-08,0.0000,99.6190,0.3810,1.489088e+02
68800,2.525563e-06,2.347312e+01,1.393280e-11,3.430967e-04,0.000000e+00,3.411614e-04,3.404987e-04,0.000000e+00,1.400583e-08,-9.608094e-13,2.228563e-10,0.000000e+00,0.000000e+00,0.000000e+00,1.400583e-08,0.0000,99.6187,0.3813,1.490182e+02
68900,2.529234e-06,2.347981e+01,1.393677e-11,3.413126e-04,0.000000e+00,3.404356e-04,3.402302e-04,0.000000e+00,1.396059e-08,-1.259632e-11,2.283571e-10,0.000000e+00,0.000000e+00,0.000000e+00,1.396059e-08,0.0000,99.6189,0.3811,1.486817e+02
69000,2.532905e-06,2.349443e+01,1.394545e-11,3.423709e-04,0.000000e+00,3.434596e-04,3.400067e-04,0.000000e+00,1.409868e-08,-4.541643e-12,2.210130e-10,0.000000e+00,0.000000e+00,0.000000e+00,1.409868e-08,0.0000,99.6200,0.3800,1.489893e+02
69100,2.536576e-06,2.351635e+01,1.395846e-11,3.427338e-04,0.000000e+00,3.416452e-04,3.391898e-04,0.000000e+00,1.400530e-08,-7.349986e-12,2.031001e-10,0.000000e+00,0.000000e+00,0.000000e+00,1.400530e-08,0.0000,99.6201,0.3799,1.485881e+02
69200,2.540247e-06,2.351857e+01,1.395978e-11,3.402239e-04,0.000000e+00,3.407078e-04,3.398643e-04,0.000000e+00,1.397419e-08,-4.103804e-12,2.260604e-10,0.000000e+00,0.000000e+00,0.000000e+00,1.397419e-08,0.0000,99.6209,0.3791,1.487303e+02
69300,2.543918e-06,2.352989e+01,1.396650e-11,3.427943e-04,0.000000e+00,3.456973e-04,3.409641e-04,0.000000e+00,1.418062e-08,7.575224e-12,2.163968e-10,0.000000e+00,0.000000e+00,0.000000e+00,1.418062e-08,0.0000,99.6228,0.3772,1.487853e+02
69400,2.547588e-06,2.355265e+01,1.398001e-11,3.433386e-04,0.000000e+00,3.385910e-04,3.396578e-04,0.000000e+00,1.388378e-08,-3.995526e-12,2.207526e-10,0.000000e+00,0.000000e+00,0.000000e+00,1.388378e-08,0.0000,99.6212,0.3788,1.486602e+02
69500,2.551259e-06,2.356787e+01,1.398904e-11,3.414033e-04,0.000000e+00,3.405868e-04,3.389427e-04,0.000000e+00,1.397422e-08,1.254564e-12,2.178624e-10,0.000000e+00,0.000000e+00,0.000000e+00,1.397422e-08,0.0000,99.6215,0.3785,1.488474e+02
69600,2.554930e-06,2.356931e+01,1.398990e-11,3.402844e-04,0.000000e+00,3.444575e-04,3.400515e-04,0.000000e+00,1.412966e-08,-1.566612e-12,1.968110e-10,0.000000e+00,0.000000e+00,0.000000e+00,1.412966e-08,0.0000,99.6239,0.3761,1.487809e+02
69700,2.558601e-06,2.358115e+01,1.399692e-11,3.415242e-04,0.000000e+00,3.428548e-04,3.396109e-04,0.000000e+00,1.406878e-08,-2.354704e-12,2.142915e-10,0.000000e+00,0.000000e+00,0.000000e+00,1.406878e-08,0.0000,99.6251,0.3749,1.488867e+02
69800,2.562272e-06,2.358164e+01,1.399721e-11,3.404054e-04,0.000000e+00,3.404356e-04,3.403251e-04,0.000000e+00,1.396286e-08,-7.191004e-12,2.309285e-10,0.000000e+00,0.000000e+00,0.000000e+00,1.396286e-08,0.0000,99.6256,0.3744,1.487362e+02
69900,2.565943e-06,2.358668e+01,1.400021e-11,3.406473e-04,0.000000e+00,3.413126e-04,3.398319e-04,0.000000e+00,1.400580e-08,-1.074802e-11,2.054932e-10,0.000000e+00,0.000000e+00,0.000000e+00,1.400580e-08,0.0000,99.6265,0.3735,1.488793e+02
70000,2.569614e-06,2.360625e+01,1.401182e-11,3.418871e-04,0.000000e+00,3.426431e-04,3.387243e-04,0.000000e+00,1.406160e-08,-8.175927e-13,2.105033e-10,0.000000e+00,0.000000e+00,0.000000e+00,1.406160e-08,0.0000,99.6274,0.3726,1.489146e+02
70100,2.573285e-06,2.363231e+01,1.402729e-11,3.445482e-04,0.000000e+00,3.389236e-04,3.403342e-04,0.000000e+00,1.390440e-08,1.266404e-12,2.196087e-10,0.000000e+00,0.000000e+00,0.000000e+00,1.390440e-08,0.0000,99.6255,0.3745,1.488104e+02
70200,2.576955e-06,2.364585e+01,1.403533e-11,3.418871e-04,0.000000e+00,3.411916e-04,3.396968e-04,0.000000e+00,1.399113e-08,-8.196009e-12,2.064885e-10,0.000000e+00,0.000000e+00,0.000000e+00,1.399113e-08,0.0000,99.6257,0.3743,1.486804e+02
70300,2.580626e-06,2.366262e+01,1.404528e-11,3.425221e-04,0.000000e+00,3.440643e-04,3.398106e-04,0.000000e+00,1.412829e-08,-5.119479e-12,2.296921e-10,0.000000e+00,0.000000e+00,0.000000e+00,1.412829e-08,0.0000,99.6270,0.3730,1.490843e+02
70400,2.584297e-06,2.366936e+01,1.404928e-11,3.416754e-04,0.000000e+00,3.417661e-04,3.405854e-04,0.000000e+00,1.401773e-08,-2.143496e-12,2.216171e-10,0.000000e+00,0.000000e+00,0.000000e+00,1.401773e-08,0.0000,99.6276,0.3724,1.487413e+02
70500,2.587968e-06,2.369473e+01,1.406434e-11,3.427943e-04,0.000000e+00,3.426733e-04,3.386926e-04,0.000000e+00,1.405486e-08,-6.279672e-12,2.130168e-10,0.000000e+00,0.000000e+00,0.000000e+00,1.405486e-08,0.0000,99.6281,0.3719,1.487410e+02
70600,2.591639e-06,2.367690e+01,1.405376e-11,3.382886e-04,0.000000e+00,3.428548e-04,3.411713e-04,0.000000e+00,1.405330e-08,-1.209852e-11,2.289711e-10,0.000000e+00,0.000000e+00,0.000000e+00,1.405330e-08,0.0000,99.6307,0.3693,1.485518e+02
70700,2.595310e-06,2.367302e+01,1.405145e-11,3.393470e-04,0.000000e+00,3.419173e-04,3.399750e-04,0.000000e+00,1.403004e-08,-1.961639e-12,2.277093e-10,0.000000e+00,0.000000e+00,0.000000e+00,1.403004e-08,0.0000,99.6323,0.3677,1.488768e+02
70800,2.598981e-06,2.367814e+01,1.405449e-11,3.417661e-04,0.000000e+00,3.399518e-04,3.409380e-04,0.000000e+00,1.393849e-08,-6.718002e-12,2.106855e-10,0.000000e+00,0.000000e+00,0.000000e+00,1.393849e-08,0.0000,99.6321,0.3679,1.486349e+02
70900,2.602652e-06,2.369446e+01,1.406418e-11,3.426733e-04,0.000000e+00,3.389236e-04,3.400338e-04,0.000000e+00,1.390165e-08,-6.429947e-12,2.112250e-10,0.000000e+00,0.000000e+00,0.000000e+00,1.390165e-08,0.0000,99.6310,0.3690,1.487431e+02
71000,2.606322e-06,2.369175e+01,1.406257e-11,3.401635e-04,0.000000e+00,3.385910e-04,3.406025e-04,0.000000e+00,1.387878e-08,-6.570157e-13,2.236687e-10,0.000000e+00,0.000000e+00,0.000000e+00,1.387878e-08,0.0000,99.6309,0.3691,1.485555e+02
71100,2.609993e-06,2.370168e+01,1.406847e-11,3.402239e-04,0.000000e+00,3.450622e-04,3.386172e-04,0.000000e+00,1.414981e-08,-2.730575e-12,2.051292e-10,0.000000e+00,0.000000e+00,0.000000e+00,1.414981e-08,0.0000,99.6335,0.3665,1.486744e+02
71200,2.613664e-06,2.371033e+01,1.407360e-11,3.404054e-04,0.000000e+00,3.412218e-04,3.390072e-04,0.000000e+00,1.399402e-08,-4.730236e-12,2.118684e-10,0.000000e+00,0.000000e+00,0.000000e+00,1.399402e-08,0.0000,99.6344,0.3656,1.487172e+02
71300,2.617335e-06,2.371574e+01,1.407681e-11,3.424012e-04,0.000000e+00,3.405263e-04,3.415263e-04,0.000000e+00,1.395972e-08,-2.735861e-12,2.268189e-10,0.000000e+00,0.000000e+00,0.000000e+00,1.395972e-08,0.0000,99.6342,0.3658,1.485787e+02
71400,2.621006e-06,2.374344e+01,1.409325e-11,3.447296e-04,0.000000e+00,3.399518e-04,3.402507e-04,0.000000e+00,1.394064e-08,-6.437499e-12,2.213276e-10,0.000000e+00,0.000000e+00,0.000000e+00,1.394064e-08,0.0000,99.6326,0.3674,1.486941e+02
71500,2.624677e-06,2.375976e+01,1.410294e-11,3.412218e-04,0.000000e+00,3.411614e-04,3.385831e-04,0.000000e+00,1.398698e-08,5.665331e-12,2.119119e-10,0.000000e+00,0.000000e+00,0.000000e+00,1.398698e-08,0.0000,99.6331,0.3669,1.486204e+02
71600,2.628348e-06,2.377038e+01,1.410924e-11,3.413428e-04,0.000000e+00,3.426431e-04,3.396260e-04,0.000000e+00,1.405252e-08,-3.342396e-12,2.095492e-10,0.000000e+00,0.000000e+00,0.000000e+00,1.405252e-08,0.0000,99.6342,0.3658,1.487232e+02
71700,2.632019e-06,2.377115e+01,1.410970e-11,3.416754e-04,0.000000e+00,3.424616e-04,3.415500e-04,0.000000e+00,1.403309e-08,4.620685e-12,2.189268e-10,0.000000e+00,0.000000e+00,0.000000e+00,1.403309e-08,0.0000,99.6351,0.3649,1.484656e+02
71800,2.635689e-06,2.378334e+01,1.411694e-11,3.423407e-04,0.000000e+00,3.411916e-04,3.403697e-04,0.000000e+00,1.398752e-08,-6.537498e-13,2.285889e-10,0.000000e+00,0.000000e+00,0.000000e+00,1.398752e-08,0.0000,99.6352,0.3648,1.486010e+02
71900,2.639360e-06,2.379843e+01,1.412589e-11,3.405263e-04,0.000000e+00,3.408892e-04,3.380863e-04,0.000000e+00,1.397565e-08,8.804941e-13,2.273306e-10,0.000000e+00,0.000000e+00,0.000000e+00,1.397565e-08,0.0000,99.6359,0.3641,1.486191e+02
72000,2.643031e-06,2.381549e+01,1.413602e-11,3.408590e-04,0.000000e+00,3.435805e-04,3.381014e-04,0.000000e+00,1.407795e-08,-2.332873e-12,2.100212e-10,0.000000e+00,0.000000e+00,0.000000e+00,1.407795e-08,0.0000,99.6376,0.3624,1.484486e+02
72100,2.646702e-06,2.381863e+01,1.413788e-11,3.407380e-04,0.000000e+00,3.401937e-04,3.402293e-04,0.000000e+00,1.394343e-08,-3.011699e-12,2.362504e-10,0.000000e+00,0.000000e+00,0.000000e+00,1.394343e-08,0.0000,99.6379,0.3621,1.485364e+02
72200,2.650373e-06,2.384504e+01,1.415356e-11,3.426431e-04,0.000000e+00,3.414940e-04,3.383728e-04,0.000000e+00,1.400148e-08,-6.292037e-12,2.139660e-10,0.000000e+00,0.000000e+00,0.000000e+00,1.400148e-08,0.0000,99.6379,0.3621,1.486355e+02
72300,2.654044e-06,2.386711e+01,1.416666e-11,3.425826e-04,0.000000e+00,3.405566e-04,3.390136e-04,0.000000e+00,1.396082e-08,-3.171742e-12,2.277212e-10,0.000000e+00,0.000000e+00,0.000000e+00,1.396082e-08,0.0000,99.6376,0.3624,1.485938e+02
72400,2.657715e-06,2.388288e+01,1.417602e-11,3.403751e-04,0.000000e+00,3.422197e-04,3.378255e-04,0.000000e+00,1.402168e-08,4.015973e-13,2.405798e-10,0.000000e+00,0.000000e+00,0.000000e+00,1.402168e-08,0.0000,99.6389,0.3611,1.484423e+02
72500,2.661386e-06,2.389759e+01,1.418475e-11,3.418871e-04,0.000000e+00,3.432781e-04,3.395085e-04,0.000000e+00,1.406754e-08,-6.333072e-13,2.140658e-10,0.000000e+00,0.000000e+00,0.000000e+00,1.406754e-08,0.0000,99.6400,0.3600,1.484941e+02
72600,2.665056e-06,2.390292e+01,1.418791e-11,3.397703e-04,0.000000e+00,3.405566e-04,3.389088e-04,0.000000e+00,1.395966e-08,-5.306308e-12,2.188106e-10,0.000000e+00,0.000000e+00,0.000000e+00,1.395966e-08,0.0000,99.6409,0.3591,1.485608e+02
72700,2.668727e-06,2.391482e+01,1.419497e-11,3.425524e-04,0.000000e+00,3.410404e-04,3.406291e-04,0.000000e+00,1.396873e-08,3.558248e-12,2.014251e-10,0.000000e+00,0.000000e+00,0.000000e+00,1.396873e-08,0.0000,99.6407,0.3593,1.483367e+02
72800,2.672398e-06,2.392667e+01,1.420201e-11,3.424919e-04,0.000000e+00,3.404658e-04,3.405753e-04,0.000000e+00,1.395501e-08,-9.560704e-13,2.261047e-10,0.000000e+00,0.000000e+00,0.000000e+00,1.395501e-08,0.0000,99.6404,0.3596,1.485427e+02
72900,2.676069e-06,2.394176e+01,1.421097e-11,3.419173e-04,0.000000e+00,3.409194e-04,3.394766e-04,0.000000e+00,1.397811e-08,4.617925e-12,2.112466e-10,0.000000e+00,0.000000e+00,0.000000e+00,1.397811e-08,0.0000,99.6405,0.3595,1.486412e+02
73000,2.679740e-06,2.396721e+01,1.422607e-11,3.435200e-04,0.000000e+00,3.423407e-04,3.394058e-04,0.000000e+00,1.402657e-08,4.326673e-12,2.333160e-10,0.000000e+00,0.000000e+00,0.000000e+00,1.402657e-08,0.0000,99.6405,0.3595,1.484375e+02
73100,2.683411e-06,2.399325e+01,1.424153e-11,3.433991e-04,0.000000e+00,3.449715e-04,3.391875e-04,0.000000e+00,1.413200e-08,-2.836693e-12,1.980791e-10,0.000000e+00,0.000000e+00,0.000000e+00,1.413200e-08,0.0000,99.6417,0.3583,1.483934e+02
73200,2.687082e-06,2.399086e+01,1.424011e-11,3.409194e-04,0.000000e+00,3.418569e-04,3.413072e-04,0.000000e+00,1.400281e-08,-1.031581e-12,2.336253e-10,0.000000e+00,0.000000e+00,0.000000e+00,1.400281e-08,0.0000,99.6426,0.3574,1.483611e+02
73300,2.690753e-06,2.398574e+01,1.423707e-11,3.398006e-04,0.000000e+00,3.427338e-04,3.406273e-04,0.000000e+00,1.403961e-08,1.608501e-12,2.039982e-10,0.000000e+00,0.000000e+00,0.000000e+00,1.403961e-08,0.0000,99.6444,0.3556,1.483698e+02
73400,2.694423e-06,2.400224e+01,1.424687e-11,3.427640e-04,0.000000e+00,3.408892e-04,3.400968e-04,0.000000e+00,1.396076e-08,-1.411641e-12,2.461388e-10,0.000000e+00,0.000000e+00,0.000000e+00,1.396076e-08,0.0000,99.6441,0.3559,1.483031e+02
73500,2.698094e-06,2.401918e+01,1.425692e-11,3.421895e-04,0.000000e+00,3.396191e-04,3.394495e-04,0.000000e+00,1.390532e-08,-2.091602e-12,2.148618e-10,0.000000e+00,0.000000e+00,0.000000e+00,1.390532e-08,0.0000,99.6435,0.3565,1.482315e+02
73600,2.701765e-06,2.402458e+01,1.426013e-11,3.415847e-04,0.000000e+00,3.431269e-04,3.407121e-04,0.000000e+00,1.405887e-08,-1.473075e-12,2.187304e-10,0.000000e+00,0.000000e+00,0.000000e+00,1.405887e-08,0.0000,99.6447,0.3553,1.484315e+02
73700,2.705436e-06,2.402220e+01,1.425871e-11,3.409799e-04,0.000000e+00,3.429757e-04,3.413649e-04,0.000000e+00,1.404842e-08,-2.174924e-12,2.122299e-10,0.000000e+00,0.000000e+00,0.000000e+00,1.404842e-08,0.0000,99.6460,0.3540,1.483452e+02
73800,2.709107e-06,2.401956e+01,1.425715e-11,3.401937e-04,0.000000e+00,3.403751e-04,3.406203e-04,0.000000e+00,1.394891e-08,-8.987217e-13,2.070592e-10,0.000000e+00,0.000000e+00,0.000000e+00,1.394891e-08,0.0000,99.6466,0.3534,1.485015e+02
73900,2.712778e-06,2.403408e+01,1.426576e-11,3.415847e-04,0.000000e+00,3.414637e-04,3.392375e-04,0.000000e+00,1.399308e-08,-8.766573e-12,2.259919e-10,0.000000e+00,0.000000e+00,0.000000e+00,1.399308e-08,0.0000,99.6471,0.3529,1.484871e+02
74000,2.716449e-06,2.404746e+01,1.427371e-11,3.418266e-04,0.000000e+00,3.427338e-04,3.396629e-04,0.000000e+00,1.405031e-08,-4.337869e-12,2.209323e-10,0.000000e+00,0.000000e+00,0.000000e+00,1.405031e-08,0.0000,99.6480,0.3520,1.485957e+02
74100,2.720120e-06,2.405758e+01,1.427971e-11,3.422197e-04,0.000000e+00,3.374419e-04,3.405836e-04,0.000000e+00,1.382855e-08,-2.370689e-12,2.019562e-10,0.000000e+00,0.000000e+00,0.000000e+00,1.382855e-08,0.0000,99.6465,0.3535,1.484838e+02
74200,2.723791e-06,2.409101e+01,1.429956e-11,3.466347e-04,0.000000e+00,3.428850e-04,3.412288e-04,0.000000e+00,1.404474e-08,-6.095927e-12,2.374802e-10,0.000000e+00,0.000000e+00,0.000000e+00,1.404474e-08,0.0000,99.6454,0.3546,1.483556e+02
74300,2.727461e-06,2.408643e+01,1.429684e-11,3.392260e-04,0.000000e+00,3.428548e-04,3.399669e-04,0.000000e+00,1.404793e-08,3.008930e-13,2.078979e-10,0.000000e+00,0.000000e+00,0.000000e+00,1.404793e-08,0.0000,99.6474,0.3526,1.484443e+02
74400,2.731132e-06,2.408859e+01,1.429812e-11,3.407985e-04,0.000000e+00,3.440643e-04,3.404490e-04,0.000000e+00,1.409516e-08,-3.675687e-12,2.292482e-10,0.000000e+00,0.000000e+00,0.000000e+00,1.409516e-08,0.0000,99.6493,0.3507,1.483993e+02
74500,2.734803e-06,2.411087e+01,1.431134e-11,3.439434e-04,0.000000e+00,3.427338e-04,3.403412e-04,0.000000e+00,1.403282e-08,-1.091131e-11,2.131142e-10,0.000000e+00,0.000000e+00,0.000000e+00,1.403282e-08,0.0000,99.6493,0.3507,1.482367e+02
74600,2.738474e-06,2.410282e+01,1.430656e-11,3.388027e-04,0.000000e+00,3.393167e-04,3.401045e-04,0.000000e+00,1.390697e-08,-1.675747e-12,2.395545e-10,0.000000e+00,0.000000e+00,0.000000e+00,1.390697e-08,0.0000,99.6500,0.3500,1.485224e+02
74700,2.742145e-06,2.410100e+01,1.430549e-11,3.389539e-04,0.000000e+00,3.453646e-04,3.392478e-04,0.000000e+00,1.415078e-08,-3.750732e-12,2.306329e-10,0.000000e+00,0.000000e+00,0.000000e+00,1.415078e-08,0.0000,99.6531,0.3469,1.484466e+02
74800,2.745816e-06,2.411679e+01,1.431486e-11,3.401937e-04,0.000000e+00,3.400727e-04,3.376408e-04,0.000000e+00,1.392627e-08,-2.366181e-12,2.173565e-10,0.000000e+00,0.000000e+00,0.000000e+00,1.392627e-08,0.0000,99.6536,0.3464,1.482785e+02
74900,2.749487e-06,2.411799e+01,1.431557e-11,3.426128e-04,0.000000e+00,3.382886e-04,3.424189e-04,0.000000e+00,1.385888e-08,-2.299655e-13,2.262604e-10,0.000000e+00,0.000000e+00,0.000000e+00,1.385888e-08,0.0000,99.6523,0.3477,1.483984e+02
75000,2.753158e-06,2.412507e+01,1.431977e-11,3.408287e-04,0.000000e+00,3.395284e-04,3.396835e-04,0.000000e+00,1.390392e-08,-1.174507e-12,2.265296e-10,0.000000e+00,0.000000e+00,0.000000e+00,1.390392e-08,0.0000,99.6522,0.3478,1.482783e+02
75100,2.756828e-06,2.412839e+01,1.432174e-11,3.402542e-04,0.000000e+00,3.416149e-04,3.397171e-04,0.000000e+00,1.398752e-08,-1.021786e-11,2.088579e-10,0.000000e+00,0.000000e+00,0.000000e+00,1.398752e-08,0.0000,99.6533,0.3467,1.482345e+02
75200,2.760499e-06,2.413674e+01,1.432670e-11,3.407380e-04,0.000000e+00,3.417057e-04,3.393880e-04,0.000000e+00,1.399485e-08,-5.255565e-12,2.251608e-10,0.000000e+00,0.000000e+00,0.000000e+00,1.399485e-08,0.0000,99.6542,0.3458,1.483213e+02
75300,2.764170e-06,2.415047e+01,1.433485e-11,3.422802e-04,0.000000e+00,3.391655e-04,3.400601e-04,0.000000e+00,1.388882e-08,-5.016752e-12,2.030722e-10,0.000000e+00,0.000000e+00,0.000000e+00,1.388882e-08,0.0000,99.6534,0.3466,1.482752e+02
75400,2.767841e-06,2.417739e+01,1.435083e-11,3.437922e-04,0.000000e+00,3.426733e-04,3.394397e-04,0.000000e+00,1.403427e-08,-2.355409e-12,2.285047e-10,0.000000e+00,0.000000e+00,0.000000e+00,1.403427e-08,0.0000,99.6534,0.3466,1.483182e+02
75500,2.771512e-06,2.418856e+01,1.435746e-11,3.405566e-04,0.000000e+00,3.392865e-04,3.387497e-04,0.000000e+00,1.389918e-08,-7.254970e-13,2.056506e-10,0.000000e+00,0.000000e+00,0.000000e+00,1.389918e-08,0.0000,99.6534,0.3466,1.483766e+02
75600,2.775183e-06,2.420011e+01,1.436431e-11,3.410706e-04,0.000000e+00,3.432479e-04,3.392035e-04,0.000000e+00,1.405822e-08,-2.782529e-12,2.140592e-10,0.000000e+00,0.000000e+00,0.000000e+00,1.405822e-08,0.0000,99.6547,0.3453,1.483212e+02
75700,2.778854e-06,2.420398e+01,1.436661e-11,3.413730e-04,0.000000e+00,3.435200e-04,3.407478e-04,0.000000e+00,1.407170e-08,-1.239017e-12,2.087925e-10,0.000000e+00,0.000000e+00,0.000000e+00,1.407170e-08,0.0000,99.6561,0.3439,1.483763e+02
75800,2.782525e-06,2.424708e+01,1.439219e-11,3.455763e-04,0.000000e+00,3.404356e-04,3.386072e-04,0.000000e+00,1.394644e-08,1.187463e-12,2.456197e-10,0.000000e+00,0.000000e+00,0.000000e+00,1.394644e-08,0.0000,99.6545,0.3455,1.483817e+02
75900,2.786195e-06,2.426837e+01,1.440483e-11,3.411009e-04,0.000000e+00,3.410404e-04,3.376575e-04,0.000000e+00,1.395547e-08,-6.478929e-12,2.136597e-10,0.000000e+00,0.000000e+00,0.000000e+00,1.395547e-08,0.0000,99.6549,0.3451,1.480655e+02
76000,2.789866e-06,2.427585e+01,1.440927e-11,3.430664e-04,0.000000e+00,3.422197e-04,3.418577e-04,0.000000e+00,1.400772e-08,2.800207e-13,2.214995e-10,0.000000e+00,0.000000e+00,0.000000e+00,1.400772e-08,0.0000,99.6551,0.3449,1.481435e+02
76100,2.793537e-06,2.430531e+01,1.442676e-11,3.431269e-04,0.000000e+00,3.464533e-04,3.383628e-04,0.000000e+00,1.417875e-08,-2.664832e-12,2.052457e-10,0.000000e+00,0.000000e+00,0.000000e+00,1.417875e-08,0.0000,99.6569,0.3431,1.480978e+02
76200,2.797208e-06,2.430557e+01,1.442691e-11,3.406170e-04,0.000000e+00,3.391353e-04,3.405748e-04,0.000000e+00,1.388790e-08,-3.306614e-12,2.214090e-10,0.000000e+00,0.000000e+00,0.000000e+00,1.388790e-08,0.0000,99.6568,0.3432,1.482808e+02
76300,2.800879e-06,2.432111e+01,1.443613e-11,3.424616e-04,0.000000e+00,3.442155e-04,3.399501e-04,0.000000e+00,1.409229e-08,1.459134e-12,2.246505e-10,0.000000e+00,0.000000e+00,0.000000e+00,1.409229e-08,0.0000,99.6580,0.3420,1.482112e+02
76400,2.804550e-06,2.432275e+01,1.443711e-11,3.401937e-04,0.000000e+00,3.424314e-04,3.399282e-04,0.000000e+00,1.401701e-08,8.902173e-13,2.320333e-10,0.000000e+00,0.000000e+00,0.000000e+00,1.401701e-08,0.0000,99.6593,0.3407,1.481497e+02
76500,2.808221e-06,2.433759e+01,1.444592e-11,3.437922e-04,0.000000e+00,3.396494e-04,3.413923e-04,0.000000e+00,1.389868e-08,-3.942414e-12,2.199013e-10,0.000000e+00,0.000000e+00,0.000000e+00,1.389868e-08,0.0000,99.6581,0.3419,1.480694e+02
76600,2.811892e-06,2.435105e+01,1.445390e-11,3.407380e-04,0.000000e+00,3.414940e-04,3.385622e-04,0.000000e+00,1.397420e-08,-2.444855e-12,2.228809e-10,0.000000e+00,0.000000e+00,0.000000e+00,1.397420e-08,0.0000,99.6589,0.3411,1.480732e+02
76700,2.815562e-06,2.434998e+01,1.445327e-11,3.405263e-04,0.000000e+00,3.421895e-04,3.406993e-04,0.000000e+00,1.401498e-08,-6.427064e-13,2.313702e-10,0.000000e+00,0.000000e+00,0.000000e+00,1.401498e-08,0.0000,99.6601,0.3399,1.483176e+02
76800,2.819233e-06,2.436450e+01,1.446189e-11,3.430967e-04,0.000000e+00,3.420081e-04,3.407478e-04,0.000000e+00,1.398554e-08,3.120005e-12,2.190034e-10,0.000000e+00,0.000000e+00,0.000000e+00,1.398554e-08,0.0000,99.6601,0.3399,1.478623e+02
76900,2.822904e-06,2.438177e+01,1.447214e-11,3.422197e-04,0.000000e+00,3.403751e-04,3.394274e-04,0.000000e+00,1.392603e-08,-5.284883e-12,2.218968e-10,0.000000e+00,0.000000e+00,0.000000e+00,1.392603e-08,0.0000,99.6598,0.3402,1.480174e+02
77000,2.826575e-06,2.440631e+01,1.448671e-11,3.444272e-04,0.000000e+00,3.425221e-04,3.404595e-04,0.000000e+00,1.402277e-08,9.550135e-13,2.314606e-10,0.000000e+00,0.000000e+00,0.000000e+00,1.402277e-08,0.0000,99.6595,0.3405,1.481933e+02
77100,2.830246e-06,2.441627e+01,1.449262e-11,3.428850e-04,0.000000e+00,3.421593e-04,3.412748e-04,0.000000e+00,1.400903e-08,-1.372701e-12,2.298140e-10,0.000000e+00,0.000000e+00,0.000000e+00,1.400903e-08,0.0000,99.6597,0.3403,1.482159e+02
77200,2.833917e-06,2.443584e+01,1.450423e-11,3.417359e-04,0.000000e+00,3.438829e-04,3.385720e-04,0.000000e+00,1.408400e-08,-5.282932e-12,2.238670e-10,0.000000e+00,0.000000e+00,0.000000e+00,1.408400e-08,0.0000,99.6610,0.3390,1.483288e+02
77300,2.837588e-06,2.442822e+01,1.449971e-11,3.415847e-04,0.000000e+00,3.431269e-04,3.428168e-04,0.000000e+00,1.404179e-08,-5.516552e-12,2.164077e-10,0.000000e+00,0.000000e+00,0.000000e+00,1.404179e-08,0.0000,99.6621,0.3379,1.480764e+02
77400,2.841259e-06,2.440893e+01,1.448826e-11,3.373209e-04,0.000000e+00,3.438527e-04,3.404392e-04,0.000000e+00,1.407658e-08,1.489619e-12,2.205305e-10,0.000000e+00,0.000000e+00,0.000000e+00,1.407658e-08,0.0000,99.6652,0.3348,1.481855e+02
77500,2.844929e-06,2.442198e+01,1.449601e-11,3.429757e-04,0.000000e+00,3.410404e-04,3.408664e-04,0.000000e+00,1.395667e-08,-9.039781e-12,2.278896e-10,0.000000e+00,0.000000e+00,0.000000e+00,1.395667e-08,0.0000,99.6648,0.3352,1.480852e+02
77600,2.848600e-06,2.441595e+01,1.449243e-11,3.412218e-04,0.000000e+00,3.403751e-04,3.421964e-04,0.000000e+00,1.392239e-08,-2.226305e-12,2.207132e-10,0.000000e+00,0.000000e+00,0.000000e+00,1.392239e-08,0.0000,99.6650,0.3350,1.479315e+02
77700,2.852271e-06,2.442331e+01,1.449680e-11,3.420081e-04,0.000000e+00,3.378653e-04,3.408177e-04,0.000000e+00,1.384121e-08,-7.423325e-12,2.280636e-10,0.000000e+00,0.000000e+00,0.000000e+00,1.384121e-08,0.0000,99.6638,0.3362,1.483840e+02
77800,2.855942e-06,2.440756e+01,1.448745e-11,3.375931e-04,0.000000e+00,3.427943e-04,3.401393e-04,0.000000e+00,1.402989e-08,-6.170707e-13,2.072704e-10,0.000000e+00,0.000000e+00,0.000000e+00,1.402989e-08,0.0000,99.6663,0.3337,1.481140e+02
77900,2.859613e-06,2.442808e+01,1.449963e-11,3.428850e-04,0.000000e+00,3.421895e-04,3.395671e-04,0.000000e+00,1.399654e-08,-1.844254e-12,2.062238e-10,0.000000e+00,0.000000e+00,0.000000e+00,1.399654e-08,0.0000,99.6665,0.3335,1.479348e+02
78000,2.863284e-06,2.444149e+01,1.450759e-11,3.432781e-04,0.000000e+00,3.375024e-04,3.411105e-04,0.000000e+00,1.380765e-08,2.170326e-13,2.060910e-10,0.000000e+00,0.000000e+00,0.000000e+00,1.380765e-08,0.0000,99.6646,0.3354,1.479929e+02
78100,2.866955e-06,2.447047e+01,1.452479e-11,3.453646e-04,0.000000e+00,3.404054e-04,3.406779e-04,0.000000e+00,1.393015e-08,-2.231812e-12,2.156681e-10,0.000000e+00,0.000000e+00,0.000000e+00,1.393015e-08,0.0000,99.6631,0.3369,1.480713e+02
78200,2.870626e-06,2.447789e+01,1.452919e-11,3.411614e-04,0.000000e+00,3.454856e-04,3.399631e-04,0.000000e+00,1.414901e-08,-1.987756e-12,2.310813e-10,0.000000e+00,0.000000e+00,0.000000e+00,1.414901e-08,0.0000,99.6653,0.3347,1.483158e+02
78300,2.874296e-06,2.448443e+01,1.453308e-11,3.413126e-04,0.000000e+00,3.429152e-04,3.402543e-04,0.000000e+00,1.402560e-08,-2.151944e-12,2.082499e-10,0.000000e+00,0.000000e+00,0.000000e+00,1.402560e-08,0.0000,99.6664,0.3336,1.479262e+02
78400,2.877967e-06,2.448589e+01,1.453394e-11,3.409194e-04,0.000000e+00,3.443063e-04,3.406838e-04,0.000000e+00,1.408361e-08,-3.246549e-12,2.221809e-10,0.000000e+00,0.000000e+00,0.000000e+00,1.408361e-08,0.0000,99.6681,0.3319,1.479531e+02
78500,2.881638e-06,2.447797e+01,1.452924e-11,3.404658e-04,0.000000e+00,3.402239e-04,3.417465e-04,0.000000e+00,1.392680e-08,-2.724036e-12,2.208971e-10,0.000000e+00,0.000000e+00,0.000000e+00,1.392680e-08,0.0000,99.6685,0.3315,1.481514e+02
78600,2.885309e-06,2.449102e+01,1.453699e-11,3.412823e-04,0.000000e+00,3.414033e-04,3.391724e-04,0.000000e+00,1.397337e-08,-1.430546e-12,2.406719e-10,0.000000e+00,0.000000e+00,0.000000e+00,1.397337e-08,0.0000,99.6690,0.3310,1.481193e+02
78700,2.888980e-06,2.452451e+01,1.455687e-11,3.445784e-04,0.000000e+00,3.400123e-04,3.391631e-04,0.000000e+00,1.391827e-08,1.703356e-12,2.236765e-10,0.000000e+00,0.000000e+00,0.000000e+00,1.391827e-08,0.0000,99.6676,0.3324,1.481652e+02
78800,2.892651e-06,2.454678e+01,1.457009e-11,3.430664e-04,0.000000e+00,3.413428e-04,3.394644e-04,0.000000e+00,1.396909e-08,-3.165351e-12,2.218994e-10,0.000000e+00,0.000000e+00,0.000000e+00,1.396909e-08,0.0000,99.6674,0.3326,1.480815e+02
78900,2.896322e-06,2.457146e+01,1.458473e-11,3.424314e-04,0.000000e+00,3.425826e-04,3.384418e-04,0.000000e+00,1.402040e-08,-4.330152e-12,2.268407e-10,0.000000e+00,0.000000e+00,0.000000e+00,1.402040e-08,0.0000,99.6679,0.3321,1.481004e+02
79000,2.899993e-06,2.457282e+01,1.458554e-11,3.411009e-04,0.000000e+00,3.435805e-04,3.408810e-04,0.000000e+00,1.405096e-08,-1.317638e-12,2.470933e-10,0.000000e+00,0.000000e+00,0.000000e+00,1.405096e-08,0.0000,99.6693,0.3307,1.478830e+02
79100,2.903663e-06,2.458726e+01,1.459411e-11,3.421593e-04,0.000000e+00,3.433991e-04,3.398238e-04,0.000000e+00,1.404074e-08,-3.356667e-12,2.062424e-10,0.000000e+00,0.000000e+00,0.000000e+00,1.404074e-08,0.0000,99.6703,0.3297,1.478317e+02
79200,2.907334e-06,2.459378e+01,1.459798e-11,3.409497e-04,0.000000e+00,3.430664e-04,3.398959e-04,0.000000e+00,1.404942e-08,-5.842352e-12,2.235561e-10,0.000000e+00,0.000000e+00,0.000000e+00,1.404942e-08,0.0000,99.6715,0.3285,1.482912e+02
79300,2.911005e-06,2.461535e+01,1.461079e-11,3.435805e-04,0.000000e+00,3.414033e-04,3.400926e-04,0.000000e+00,1.396886e-08,-2.070315e-12,2.186235e-10,0.000000e+00,0.000000e+00,0.000000e+00,1.396886e-08,0.0000,99.6711,0.3289,1.480284e+02
79400,2.914676e-06,2.462477e+01,1.461638e-11,3.401937e-04,0.000000e+00,3.403146e-04,3.386704e-04,0.000000e+00,1.391872e-08,-4.000640e-12,2.331076e-10,0.000000e+00,0.000000e+00,0.000000e+00,1.391872e-08,0.0000,99.6716,0.3284,1.479116e+02
79500,2.918347e-06,2.463132e+01,1.462026e-11,3.401030e-04,0.000000e+00,3.424314e-04,3.390439e-04,0.000000e+00,1.399593e-08,-1.442728e-12,2.210320e-10,0.000000e+00,0.000000e+00,0.000000e+00,1.399593e-08,0.0000,99.6729,0.3271,1.477096e+02
79600,2.922018e-06,2.464417e+01,1.462790e-11,3.427036e-04,0.000000e+00,3.422197e-04,3.406248e-04,0.000000e+00,1.399943e-08,-8.654429e-12,2.456770e-10,0.000000e+00,0.000000e+00,0.000000e+00,1.399943e-08,0.0000,99.6732,0.3268,1.479707e+02
79700,2.925689e-06,2.466667e+01,1.464125e-11,3.447296e-04,0.000000e+00,3.418569e-04,3.410925e-04,0.000000e+00,1.399379e-08,-2.175134e-12,2.088539e-10,0.000000e+00,0.000000e+00,0.000000e+00,1.399379e-08,0.0000,99.6725,0.3275,1.481597e+02
79800,2.929360e-06,2.468875e+01,1.465435e-11,3.449715e-04,0.000000e+00,3.395284e-04,3.414010e-04,0.000000e+00,1.389981e-08,2.988520e-13,2.092610e-10,0.000000e+00,0.000000e+00,0.000000e+00,1.389981e-08,0.0000,99.6708,0.3292,1.481897e+02
79900,2.933030e-06,2.470634e+01,1.466480e-11,3.441853e-04,0.000000e+00,3.448506e-04,3.413403e-04,0.000000e+00,1.411116e-08,-2.956776e-12,2.273542e-10,0.000000e+00,0.000000e+00,0.000000e+00,1.411116e-08,0.0000,99.6715,0.3285,1.480596e+02
80000,2.936701e-06,2.473114e+01,1.467951e-11,3.429757e-04,0.000000e+00,3.444272e-04,3.389670e-04,0.000000e+00,1.409682e-08,-6.373721e-12,2.170320e-10,0.000000e+00,0.000000e+00,0.000000e+00,1.409682e-08,0.0000,99.6725,0.3275,1.481224e+02
80100,2.940372e-06,2.472607e+01,1.467651e-11,3.413730e-04,0.000000e+00,3.461509e-04,3.421916e-04,0.000000e+00,1.416006e-08,-9.602896e-13,2.325778e-10,0.000000e+00,0.000000e+00,0.000000e+00,1.416006e-08,0.0000,99.6748,0.3252,1.479722e+02
80200,2.944043e-06,2.472150e+01,1.467380e-11,3.401332e-04,0.000000e+00,3.413428e-04,3.408722e-04,0.000000e+00,1.396988e-08,-3.418851e-12,2.099331e-10,0.000000e+00,0.000000e+00,0.000000e+00,1.396988e-08,0.0000,99.6757,0.3243,1.481015e+02
80300,2.947714e-06,2.470421e+01,1.466353e-11,3.403449e-04,0.000000e+00,3.415847e-04,3.431404e-04,0.000000e+00,1.395981e-08,-1.062678e-11,2.123324e-10,0.000000e+00,0.000000e+00,0.000000e+00,1.395981e-08,0.0000,99.6766,0.3234,1.476798e+02
80400,2.951385e-06,2.471857e+01,1.467205e-11,3.423407e-04,0.000000e+00,3.401030e-04,3.400200e-04,0.000000e+00,1.390665e-08,-3.395268e-12,2.313339e-10,0.000000e+00,0.000000e+00,0.000000e+00,1.390665e-08,0.0000,99.6761,0.3239,1.478366e+02
80500,2.955056e-06,2.472871e+01,1.467807e-11,3.421895e-04,0.000000e+00,3.422197e-04,3.405489e-04,0.000000e+00,1.399357e-08,-7.754981e-12,2.209134e-10,0.000000e+00,0.000000e+00,0.000000e+00,1.399357e-08,0.0000,99.6766,0.3234,1.478524e+02
80600,2.958727e-06,2.472889e+01,1.467818e-11,3.433688e-04,0.000000e+00,3.409799e-04,3.433399e-04,0.000000e+00,1.394762e-08,3.851410e-12,2.243266e-10,0.000000e+00,0.000000e+00,0.000000e+00,1.394762e-08,0.0000,99.6761,0.3239,1.479426e+02
80700,2.962397e-06,2.473695e+01,1.468296e-11,3.440643e-04,0.000000e+00,3.418266e-04,3.427613e-04,0.000000e+00,1.397802e-08,-3.893213e-12,2.276686e-10,0.000000e+00,0.000000e+00,0.000000e+00,1.397802e-08,0.0000,99.6757,0.3243,1.478515e+02
80800,2.966068e-06,2.472981e+01,1.467872e-11,3.398611e-04,0.000000e+00,3.444575e-04,3.410158e-04,0.000000e+00,1.409440e-08,2.943278e-12,2.398706e-10,0.000000e+00,0.000000e+00,0.000000e+00,1.409440e-08,0.0000,99.6778,0.3222,1.480473e+02
80900,2.969739e-06,2.474323e+01,1.468669e-11,3.422197e-04,0.000000e+00,3.421290e-04,3.400501e-04,0.000000e+00,1.399894e-08,-6.674151e-12,2.075632e-10,0.000000e+00,0.000000e+00,0.000000e+00,1.399894e-08,0.0000,99.6782,0.3218,1.480467e+02
81000,2.973410e-06,2.474936e+01,1.469033e-11,3.427943e-04,0.000000e+00,3.413730e-04,3.418024e-04,0.000000e+00,1.396406e-08,-6.875968e-12,2.362788e-10,0.000000e+00,0.000000e+00,0.000000e+00,1.396406e-08,0.0000,99.6781,0.3219,1.479569e+02
81100,2.977081e-06,2.476979e+01,1.470246e-11,3.452739e-04,0.000000e+00,3.415545e-04,3.419709e-04,0.000000e+00,1.397050e-08,-2.345856e-12,2.308039e-10,0.000000e+00,0.000000e+00,0.000000e+00,1.397050e-08,0.0000,99.6771,0.3229,1.479360e+02
81200,2.980752e-06,2.475510e+01,1.469374e-11,3.388027e-04,0.000000e+00,3.417964e-04,3.411772e-04,0.000000e+00,1.398103e-08,-8.401509e-13,2.118588e-10,0.000000e+00,0.000000e+00,0.000000e+00,1.398103e-08,0.0000,99.6787,0.3213,1.479461e+02
81300,2.984423e-06,2.477176e+01,1.470362e-11,3.416754e-04,0.000000e+00,3.450018e-04,3.389826e-04,0.000000e+00,1.410962e-08,-4.743517e-12,2.180006e-10,0.000000e+00,0.000000e+00,0.000000e+00,1.410962e-08,0.0000,99.6803,0.3197,1.478967e+02
81400,2.988094e-06,2.478695e+01,1.471264e-11,3.443667e-04,0.000000e+00,3.426431e-04,3.419100e-04,0.000000e+00,1.400687e-08,2.462943e-12,2.199031e-10,0.000000e+00,0.000000e+00,0.000000e+00,1.400687e-08,0.0000,99.6801,0.3199,1.477689e+02
81500,2.991764e-06,2.478162e+01,1.470948e-11,3.407682e-04,0.000000e+00,3.383188e-04,3.416294e-04,0.000000e+00,1.383703e-08,-3.800881e-13,2.284987e-10,0.000000e+00,0.000000e+00,0.000000e+00,1.383703e-08,0.0000,99.6796,0.3204,1.479014e+02
81600,2.995435e-06,2.479739e+01,1.471884e-11,3.431874e-04,0.000000e+00,3.446086e-04,3.406377e-04,0.000000e+00,1.408308e-08,-2.279406e-12,2.299997e-10,0.000000e+00,0.000000e+00,0.000000e+00,1.408308e-08,0.0000,99.6805,0.3195,1.476802e+02
81700,2.999106e-06,2.479672e+01,1.471844e-11,3.409194e-04,0.000000e+00,3.429757e-04,3.410287e-04,0.000000e+00,1.401953e-08,-8.510205e-12,2.131596e-10,0.000000e+00,0.000000e+00,0.000000e+00,1.401953e-08,0.0000,99.6817,0.3183,1.477465e+02
81800,3.002777e-06,2.478549e+01,1.471177e-11,3.394377e-04,0.000000e+00,3.422500e-04,3.412534e-04,0.000000e+00,1.399650e-08,-3.758726e-12,2.304110e-10,0.000000e+00,0.000000e+00,0.000000e+00,1.399650e-08,0.0000,99.6832,0.3168,1.478856e+02
81900,3.006448e-06,2.479706e+01,1.471865e-11,3.416754e-04,0.000000e+00,3.398308e-04,3.398035e-04,0.000000e+00,1.389495e-08,-3.542194e-12,2.275939e-10,0.000000e+00,0.000000e+00,0.000000e+00,1.389495e-08,0.0000,99.6829,0.3171,1.478327e+02
82000,3.010119e-06,2.482816e+01,1.473710e-11,3.437922e-04,0.000000e+00,3.404961e-04,3.387644e-04,0.000000e+00,1.392715e-08,2.448007e-12,2.326297e-10,0.000000e+00,0.000000e+00,0.000000e+00,1.392715e-08,0.0000,99.6821,0.3179,1.479259e+02
82100,3.013790e-06,2.483074e+01,1.473864e-11,3.404961e-04,0.000000e+00,3.396796e-04,3.400780e-04,0.000000e+00,1.388173e-08,2.911998e-12,2.103405e-10,0.000000e+00,0.000000e+00,0.000000e+00,1.388173e-08,0.0000,99.6822,0.3178,1.476732e+02
82200,3.017461e-06,2.485507e+01,1.475307e-11,3.443970e-04,0.000000e+00,3.430967e-04,3.404642e-04,0.000000e+00,1.402579e-08,-5.983074e-12,2.128772e-10,0.000000e+00,0.000000e+00,0.000000e+00,1.402579e-08,0.0000,99.6821,0.3179,1.477741e+02
82300,3.021132e-06,2.485537e+01,1.475325e-11,3.401030e-04,0.000000e+00,3.428850e-04,3.400538e-04,0.000000e+00,1.401383e-08,-7.850816e-12,2.302792e-10,0.000000e+00,0.000000e+00,0.000000e+00,1.401383e-08,0.0000,99.6835,0.3165,1.477031e+02
82400,3.024802e-06,2.486540e+01,1.475921e-11,3.427338e-04,0.000000e+00,3.440946e-04,3.411126e-04,0.000000e+00,1.407507e-08,-9.528109e-12,2.310607e-10,0.000000e+00,0.000000e+00,0.000000e+00,1.407507e-08,0.0000,99.6844,0.3156,1.479515e+02
82500,3.028473e-06,2.487414e+01,1.476440e-11,3.412823e-04,0.000000e+00,3.394982e-04,3.398682e-04,0.000000e+00,1.387365e-08,4.858980e-12,2.439234e-10,0.000000e+00,0.000000e+00,0.000000e+00,1.387365e-08,0.0000,99.6842,0.3158,1.476685e+02
82600,3.032144e-06,2.488311e+01,1.476972e-11,3.399215e-04,0.000000e+00,3.432479e-04,3.384708e-04,0.000000e+00,1.403347e-08,-8.140675e-12,2.080405e-10,0.000000e+00,0.000000e+00,0.000000e+00,1.403347e-08,0.0000,99.6858,0.3142,1.477967e+02
82700,3.035815e-06,2.491076e+01,1.478613e-11,3.449110e-04,0.000000e+00,3.420383e-04,3.404402e-04,0.000000e+00,1.399272e-08,-8.472546e-12,2.139235e-10,0.000000e+00,0.000000e+00,0.000000e+00,1.399272e-08,0.0000,99.6852,0.3148,1.479795e+02
82800,3.039486e-06,2.489396e+01,1.477616e-11,3.396796e-04,0.000000e+00,3.401937e-04,3.423968e-04,0.000000e+00,1.389411e-08,-4.641120e-12,2.279054e-10,0.000000e+00,0.000000e+00,0.000000e+00,1.389411e-08,0.0000,99.6857,0.3143,1.474891e+02
82900,3.043157e-06,2.492096e+01,1.479219e-11,3.455158e-04,0.000000e+00,3.424314e-04,3.411498e-04,0.000000e+00,1.400332e-08,-3.383432e-12,2.246842e-10,0.000000e+00,0.000000e+00,0.000000e+00,1.400332e-08,0.0000,99.6850,0.3150,1.478808e+02
83000,3.046828e-06,2.491509e+01,1.478870e-11,3.386212e-04,0.000000e+00,3.425524e-04,3.395709e-04,0.000000e+00,1.399878e-08,-4.908907e-12,2.218534e-10,0.000000e+00,0.000000e+00,0.000000e+00,1.399878e-08,0.0000,99.6869,0.3131,1.476674e+02
83100,3.050499e-06,2.489555e+01,1.477710e-11,3.387724e-04,0.000000e+00,3.412823e-04,3.419318e-04,0.000000e+00,1.395245e-08,1.751059e-12,2.260187e-10,0.000000e+00,0.000000e+00,0.000000e+00,1.395245e-08,0.0000,99.6882,0.3118,1.477900e+02
83200,3.054169e-06,2.489467e+01,1.477658e-11,3.401937e-04,0.000000e+00,3.421290e-04,3.403367e-04,0.000000e+00,1.397798e-08,-6.108816e-12,2.281953e-10,0.000000e+00,0.000000e+00,0.000000e+00,1.397798e-08,0.0000,99.6893,0.3107,1.475988e+02
83300,3.057840e-06,2.491284e+01,1.478737e-11,3.425221e-04,0.000000e+00,3.391655e-04,3.395830e-04,0.000000e+00,1.386062e-08,-8.771988e-12,2.259937e-10,0.000000e+00,0.000000e+00,0.000000e+00,1.386062e-08,0.0000,99.6884,0.3116,1.476686e+02
83400,3.061511e-06,2.491077e+01,1.478614e-11,3.411916e-04,0.000000e+00,3.398913e-04,3.415268e-04,0.000000e+00,1.388462e-08,-5.218285e-12,2.310685e-10,0.000000e+00,0.000000e+00,0.000000e+00,1.388462e-08,0.0000,99.6883,0.3117,1.475599e+02
83500,3.065182e-06,2.491339e+01,1.478769e-11,3.417359e-04,0.000000e+00,3.396191e-04,3.413127e-04,0.000000e+00,1.387904e-08,-7.520926e-12,2.325034e-10,0.000000e+00,0.000000e+00,0.000000e+00,1.387904e-08,0.0000,99.6880,0.3120,1.476723e+02
83600,3.068853e-06,2.490414e+01,1.478220e-11,3.388934e-04,0.000000e+00,3.440341e-04,3.403883e-04,0.000000e+00,1.405887e-08,-2.092706e-12,2.034874e-10,0.000000e+00,0.000000e+00,0.000000e+00,1.405887e-08,0.0000,99.6902,0.3098,1.476581e+02
83700,3.072524e-06,2.491852e+01,1.479074e-11,3.426128e-04,0.000000e+00,3.421290e-04,3.402880e-04,0.000000e+00,1.399015e-08,-5.335980e-12,2.281956e-10,0.000000e+00,0.000000e+00,0.000000e+00,1.399015e-08,0.0000,99.6905,0.3095,1.478566e+02
83800,3.076195e-06,2.494590e+01,1.480699e-11,3.440341e-04,0.000000e+00,3.376838e-04,3.396073e-04,0.000000e+00,1.380432e-08,6.338239e-13,2.146454e-10,0.000000e+00,0.000000e+00,0.000000e+00,1.380432e-08,0.0000,99.6885,0.3115,1.477623e+02
83900,3.079866e-06,2.497114e+01,1.482197e-11,3.442760e-04,0.000000e+00,3.417057e-04,3.401939e-04,0.000000e+00,1.397347e-08,-7.489090e-12,2.129952e-10,0.000000e+00,0.000000e+00,0.000000e+00,1.397347e-08,0.0000,99.6880,0.3120,1.478680e+02
84000,3.083536e-06,2.499297e+01,1.483493e-11,3.443365e-04,0.000000e+00,3.448506e-04,3.408068e-04,0.000000e+00,1.409544e-08,1.014027e-12,2.187671e-10,0.000000e+00,0.000000e+00,0.000000e+00,1.409544e-08,0.0000,99.6885,0.3115,1.477277e+02
84100,3.087207e-06,2.502321e+01,1.485288e-11,3.420988e-04,0.000000e+00,3.431269e-04,3.372091e-04,0.000000e+00,1.402443e-08,-8.357359e-12,2.106135e-10,0.000000e+00,0.000000e+00,0.000000e+00,1.402443e-08,0.0000,99.6893,0.3107,1.477207e+02
84200,3.090878e-06,2.505023e+01,1.486892e-11,3.452437e-04,0.000000e+00,3.436410e-04,3.408748e-04,0.000000e+00,1.403767e-08,-3.689227e-12,2.407553e-10,0.000000e+00,0.000000e+00,0.000000e+00,1.403767e-08,0.0000,99.6891,0.3109,1.475611e+02
84300,3.094549e-06,2.502747e+01,1.485540e-11,3.368371e-04,0.000000e+00,3.427640e-04,3.405178e-04,0.000000e+00,1.399798e-08,-1.787863e-12,2.190381e-10,0.000000e+00,0.000000e+00,0.000000e+00,1.399798e-08,0.0000,99.6917,0.3083,1.474711e+02
84400,3.098220e-06,2.503810e+01,1.486172e-11,3.429757e-04,0.000000e+00,3.440946e-04,3.412560e-04,0.000000e+00,1.405597e-08,-3.727984e-12,2.165944e-10,0.000000e+00,0.000000e+00,0.000000e+00,1.405597e-08,0.0000,99.6925,0.3075,1.475598e+02
84500,3.101891e-06,2.504157e+01,1.486377e-11,3.405566e-04,0.000000e+00,3.411009e-04,3.399963e-04,0.000000e+00,1.392575e-08,-2.372106e-12,2.282585e-10,0.000000e+00,0.000000e+00,0.000000e+00,1.392575e-08,0.0000,99.6930,0.3070,1.473838e+02
84600,3.105562e-06,2.506523e+01,1.487782e-11,3.452739e-04,0.000000e+00,3.408892e-04,3.414485e-04,0.000000e+00,1.393768e-08,-4.389645e-12,2.262279e-10,0.000000e+00,0.000000e+00,0.000000e+00,1.393768e-08,0.0000,99.6918,0.3082,1.478094e+02
84700,3.109233e-06,2.508351e+01,1.488867e-11,3.419778e-04,0.000000e+00,3.392563e-04,3.390219e-04,0.000000e+00,1.386064e-08,-2.158155e-12,2.324910e-10,0.000000e+00,0.000000e+00,0.000000e+00,1.386064e-08,0.0000,99.6912,0.3088,1.475900e+02
84800,3.112903e-06,2.508591e+01,1.489010e-11,3.418871e-04,0.000000e+00,3.447296e-04,3.414980e-04,0.000000e+00,1.407731e-08,-2.040644e-12,2.211048e-10,0.000000e+00,0.000000e+00,0.000000e+00,1.407731e-08,0.0000,99.6926,0.3074,1.474569e+02
84900,3.116574e-06,2.509809e+01,1.489732e-11,3.419476e-04,0.000000e+00,3.436107e-04,3.399786e-04,0.000000e+00,1.404071e-08,-9.143046e-12,2.269226e-10,0.000000e+00,0.000000e+00,0.000000e+00,1.404071e-08,0.0000,99.6936,0.3064,1.476533e+02
85000,3.120245e-06,2.509406e+01,1.489493e-11,3.401332e-04,0.000000e+00,3.416754e-04,3.407843e-04,0.000000e+00,1.395106e-08,6.021235e-12,2.364255e-10,0.000000e+00,0.000000e+00,0.000000e+00,1.395106e-08,0.0000,99.6945,0.3055,1.474236e+02
85100,3.123916e-06,2.509511e+01,1.489556e-11,3.412521e-04,0.000000e+00,3.427640e-04,3.410821e-04,0.000000e+00,1.400105e-08,4.540550e-12,2.316438e-10,0.000000e+00,0.000000e+00,0.000000e+00,1.400105e-08,0.0000,99.6955,0.3045,1.475437e+02
85200,3.127587e-06,2.511035e+01,1.490460e-11,3.421290e-04,0.000000e+00,3.400123e-04,3.396649e-04,0.000000e+00,1.388758e-08,-7.753043e-12,2.215227e-10,0.000000e+00,0.000000e+00,0.000000e+00,1.388758e-08,0.0000,99.6951,0.3049,1.475151e+02
85300,3.131258e-06,2.510556e+01,1.490176e-11,3.394075e-04,0.000000e+00,3.394075e-04,3.401819e-04,0.000000e+00,1.386940e-08,-4.705993e-12,2.206413e-10,0.000000e+00,0.000000e+00,0.000000e+00,1.386940e-08,0.0000,99.6955,0.3045,1.476484e+02
85400,3.134929e-06,2.511795e+01,1.490911e-11,3.421895e-04,0.000000e+00,3.425826e-04,3.401875e-04,0.000000e+00,1.399609e-08,-2.580981e-12,2.424276e-10,0.000000e+00,0.000000e+00,0.000000e+00,1.399609e-08,0.0000,99.6960,0.3040,1.475933e+02
85500,3.138600e-06,2.513437e+01,1.491886e-11,3.449715e-04,0.000000e+00,3.407078e-04,3.423160e-04,0.000000e+00,1.391874e-08,-4.851845e-12,2.080109e-10,0.000000e+00,0.000000e+00,0.000000e+00,1.391874e-08,0.0000,99.6948,0.3052,1.475681e+02
85600,3.142270e-06,2.512901e+01,1.491568e-11,3.398006e-04,0.000000e+00,3.411009e-04,3.406668e-04,0.000000e+00,1.392801e-08,-8.571143e-12,2.215285e-10,0.000000e+00,0.000000e+00,0.000000e+00,1.392801e-08,0.0000,99.6957,0.3043,1.474314e+02
85700,3.145941e-06,2.510811e+01,1.490327e-11,3.401937e-04,0.000000e+00,3.438224e-04,3.435729e-04,0.000000e+00,1.405332e-08,1.437382e-12,2.450552e-10,0.000000e+00,0.000000e+00,0.000000e+00,1.405332e-08,0.0000,99.6973,0.3027,1.477241e+02
85800,3.149612e-06,2.510833e+01,1.490340e-11,3.415847e-04,0.000000e+00,3.429152e-04,3.415495e-04,0.000000e+00,1.400660e-08,-8.043665e-12,2.354768e-10,0.000000e+00,0.000000e+00,0.000000e+00,1.400660e-08,0.0000,99.6982,0.3018,1.475181e+02
85900,3.153283e-06,2.512401e+01,1.491271e-11,3.430967e-04,0.000000e+00,3.391655e-04,3.405620e-04,0.000000e+00,1.385695e-08,-8.229419e-12,2.162119e-10,0.000000e+00,0.000000e+00,0.000000e+00,1.385695e-08,0.0000,99.6971,0.3029,1.475974e+02
86000,3.156954e-06,2.511127e+01,1.490515e-11,3.394377e-04,0.000000e+00,3.404054e-04,3.414969e-04,0.000000e+00,1.390580e-08,1.580110e-12,2.354780e-10,0.000000e+00,0.000000e+00,0.000000e+00,1.390580e-08,0.0000,99.6978,0.3022,1.475638e+02
86100,3.160625e-06,2.509910e+01,1.489792e-11,3.393470e-04,0.000000e+00,3.430362e-04,3.413152e-04,0.000000e+00,1.400944e-08,-1.356538e-11,2.227091e-10,0.000000e+00,0.000000e+00,0.000000e+00,1.400944e-08,0.0000,99.6995,0.3005,1.474817e+02
86200,3.164296e-06,2.511068e+01,1.490480e-11,3.420988e-04,0.000000e+00,3.421290e-04,3.402263e-04,0.000000e+00,1.396906e-08,2.328547e-12,2.086929e-10,0.000000e+00,0.000000e+00,0.000000e+00,1.396906e-08,0.0000,99.6999,0.3001,1.474174e+02
86300,3.167967e-06,2.512331e+01,1.491229e-11,3.392865e-04,0.000000e+00,3.394679e-04,3.372450e-04,0.000000e+00,1.387393e-08,-5.195913e-12,2.038794e-10,0.000000e+00,0.000000e+00,0.000000e+00,1.387393e-08,0.0000,99.7003,0.2997,1.476884e+02
86400,3.171637e-06,2.512408e+01,1.491275e-11,3.410404e-04,0.000000e+00,3.407078e-04,3.409155e-04,0.000000e+00,1.392653e-08,-5.280219e-12,2.181008e-10,0.000000e+00,0.000000e+00,0.000000e+00,1.392653e-08,0.0000,99.7006,0.2994,1.477343e+02
86500,3.175308e-06,2.514501e+01,1.492517e-11,3.436712e-04,0.000000e+00,3.388027e-04,3.402867e-04,0.000000e+00,1.383807e-08,-4.787333e-12,2.245383e-10,0.000000e+00,0.000000e+00,0.000000e+00,1.383807e-08,0.0000,99.6992,0.3008,1.475187e+02
86600,3.178979e-06,2.514244e+01,1.492365e-11,3.396494e-04,0.000000e+00,3.409799e-04,3.400648e-04,0.000000e+00,1.392490e-08,-3.786372e-12,2.295546e-10,0.000000e+00,0.000000e+00,0.000000e+00,1.392490e-08,0.0000,99.7000,0.3000,1.474653e+02
86700,3.182650e-06,2.514983e+01,1.492803e-11,3.420685e-04,0.000000e+00,3.414033e-04,3.408740e-04,0.000000e+00,1.394238e-08,1.740405e-12,2.265635e-10,0.000000e+00,0.000000e+00,0.000000e+00,1.394238e-08,0.0000,99.7002,0.2998,1.474697e+02
86800,3.186321e-06,2.517778e+01,1.494462e-11,3.438829e-04,0.000000e+00,3.415545e-04,3.393635e-04,0.000000e+00,1.394792e-08,-9.964864e-12,2.082485e-10,0.000000e+00,0.000000e+00,0.000000e+00,1.394792e-08,0.0000,99.6997,0.3003,1.474540e+02
86900,3.189992e-06,2.519740e+01,1.495627e-11,3.430362e-04,0.000000e+00,3.421593e-04,3.398640e-04,0.000000e+00,1.398256e-08,-7.974031e-12,2.371564e-10,0.000000e+00,0.000000e+00,0.000000e+00,1.398256e-08,0.0000,99.6998,0.3002,1.476692e+02
87000,3.193663e-06,2.521315e+01,1.496562e-11,3.425221e-04,0.000000e+00,3.430967e-04,3.399746e-04,0.000000e+00,1.401509e-08,-3.923870e-12,2.281398e-10,0.000000e+00,0.000000e+00,0.000000e+00,1.401509e-08,0.0000,99.7003,0.2997,1.475421e+02
87100,3.197334e-06,2.522292e+01,1.497142e-11,3.418569e-04,0.000000e+00,3.449413e-04,3.402779e-04,0.000000e+00,1.408813e-08,-1.032881e-11,2.433207e-10,0.000000e+00,0.000000e+00,0.000000e+00,1.408813e-08,0.0000,99.7018,0.2982,1.474994e+02
87200,3.201004e-06,2.523862e+01,1.498073e-11,3.412823e-04,0.000000e+00,3.422500e-04,3.387438e-04,0.000000e+00,1.398211e-08,-1.603820e-12,2.166902e-10,0.000000e+00,0.000000e+00,0.000000e+00,1.398211e-08,0.0000,99.7025,0.2975,1.475885e+02
87300,3.204675e-06,2.525092e+01,1.498804e-11,3.416149e-04,0.000000e+00,3.398006e-04,3.396257e-04,0.000000e+00,1.387312e-08,5.728668e-12,2.335086e-10,0.000000e+00,0.000000e+00,0.000000e+00,1.387312e-08,0.0000,99.7022,0.2978,1.473867e+02
87400,3.208346e-06,2.527075e+01,1.499981e-11,3.428850e-04,0.000000e+00,3.428245e-04,3.396785e-04,0.000000e+00,1.400329e-08,-1.356396e-11,2.249967e-10,0.000000e+00,0.000000e+00,0.000000e+00,1.400329e-08,0.0000,99.7025,0.2975,1.475321e+02
87500,3.212017e-06,2.527031e+01,1.499955e-11,3.389539e-04,0.000000e+00,3.413428e-04,3.390248e-04,0.000000e+00,1.393271e-08,-6.534185e-12,2.293428e-10,0.000000e+00,0.000000e+00,0.000000e+00,1.393271e-08,0.0000,99.7037,0.2963,1.473125e+02
87600,3.215688e-06,2.530857e+01,1.502226e-11,3.450018e-04,0.000000e+00,3.424012e-04,3.388156e-04,0.000000e+00,1.398308e-08,2.585530e-12,2.328026e-10,0.000000e+00,0.000000e+00,0.000000e+00,1.398308e-08,0.0000,99.7032,0.2968,1.474793e+02
87700,3.219359e-06,2.533647e+01,1.503882e-11,3.452739e-04,0.000000e+00,3.396796e-04,3.407627e-04,0.000000e+00,1.386912e-08,5.894768e-12,2.374406e-10,0.000000e+00,0.000000e+00,0.000000e+00,1.386912e-08,0.0000,99.7016,0.2984,1.474142e+02
87800,3.223030e-06,2.534883e+01,1.504615e-11,3.411614e-04,0.000000e+00,3.440341e-04,3.391625e-04,0.000000e+00,1.405481e-08,-2.163678e-12,2.288307e-10,0.000000e+00,0.000000e+00,0.000000e+00,1.405481e-08,0.0000,99.7029,0.2971,1.475793e+02
87900,3.226701e-06,2.536298e+01,1.505455e-11,3.435200e-04,0.000000e+00,3.434596e-04,3.412324e-04,0.000000e+00,1.402898e-08,-6.863971e-12,2.418460e-10,0.000000e+00,0.000000e+00,0.000000e+00,1.402898e-08,0.0000,99.7033,0.2967,1.475350e+02
88000,3.230371e-06,2.539070e+01,1.507100e-11,3.447296e-04,0.000000e+00,3.433991e-04,3.402478e-04,0.000000e+00,1.401611e-08,-5.978610e-12,2.240196e-10,0.000000e+00,0.000000e+00,0.000000e+00,1.401611e-08,0.0000,99.7032,0.2968,1.473181e+02
88100,3.234042e-06,2.540673e+01,1.508052e-11,3.438527e-04,0.000000e+00,3.440039e-04,3.412600e-04,0.000000e+00,1.404923e-08,-1.117725e-12,2.512400e-10,0.000000e+00,0.000000e+00,0.000000e+00,1.404923e-08,0.0000,99.7036,0.2964,1.474873e+02
88200,3.237713e-06,2.540873e+01,1.508171e-11,3.415242e-04,0.000000e+00,3.417359e-04,3.412012e-04,0.000000e+00,1.395989e-08,-1.473499e-12,2.299395e-10,0.000000e+00,0.000000e+00,0.000000e+00,1.395989e-08,0.0000,99.7040,0.2960,1.475566e+02
88300,3.241384e-06,2.542132e+01,1.508918e-11,3.441248e-04,0.000000e+00,3.454856e-04,3.420888e-04,0.000000e+00,1.409936e-08,-4.313319e-12,2.239482e-10,0.000000e+00,0.000000e+00,0.000000e+00,1.409936e-08,0.0000,99.7048,0.2952,1.472779e+02
88400,3.245055e-06,2.541502e+01,1.508544e-11,3.418266e-04,0.000000e+00,3.406473e-04,3.428454e-04,0.000000e+00,1.390352e-08,-2.779418e-13,2.346428e-10,0.000000e+00,0.000000e+00,0.000000e+00,1.390352e-08,0.0000,99.7048,0.2952,1.473013e+02
88500,3.248726e-06,2.543711e+01,1.509856e-11,3.446086e-04,0.000000e+00,3.456973e-04,3.410359e-04,0.000000e+00,1.411276e-08,-6.148226e-12,2.213394e-10,0.000000e+00,0.000000e+00,0.000000e+00,1.411276e-08,0.0000,99.7055,0.2945,1.473766e+02
88600,3.252397e-06,2.542524e+01,1.509151e-11,3.412218e-04,0.000000e+00,3.416149e-04,3.431420e-04,0.000000e+00,1.394385e-08,-5.940235e-12,2.316596e-10,0.000000e+00,0.000000e+00,0.000000e+00,1.394385e-08,0.0000,99.7060,0.2940,1.473229e+02
88700,3.256068e-06,2.545037e+01,1.510643e-11,3.451530e-04,0.000000e+00,3.446691e-04,3.410886e-04,0.000000e+00,1.408021e-08,-1.048192e-11,2.406961e-10,0.000000e+00,0.000000e+00,0.000000e+00,1.408021e-08,0.0000,99.7062,0.2938,1.475661e+02
88800,3.259738e-06,2.544553e+01,1.510355e-11,3.413428e-04,0.000000e+00,3.419173e-04,3.421258e-04,0.000000e+00,1.395425e-08,-5.342554e-13,2.234905e-10,0.000000e+00,0.000000e+00,0.000000e+00,1.395425e-08,0.0000,99.7067,0.2933,1.472846e+02
88900,3.263409e-06,2.539710e+01,1.507481e-11,3.381374e-04,0.000000e+00,3.430362e-04,3.459681e-04,0.000000e+00,1.399150e-08,-1.725773e-12,2.462531e-10,0.000000e+00,0.000000e+00,0.000000e+00,1.399150e-08,0.0000,99.7087,0.2913,1.471070e+02
89000,3.267080e-06,2.538723e+01,1.506895e-11,3.413730e-04,0.000000e+00,3.431572e-04,3.429695e-04,0.000000e+00,1.400326e-08,3.796743e-12,2.244115e-10,0.000000e+00,0.000000e+00,0.000000e+00,1.400326e-08,0.0000,99.7097,0.2903,1.472458e+02
89100,3.270751e-06,2.536999e+01,1.505871e-11,3.411916e-04,0.000000e+00,3.407682e-04,3.439789e-04,0.000000e+00,1.391106e-08,-7.477990e-12,2.281787e-10,0.000000e+00,0.000000e+00,0.000000e+00,1.391106e-08,0.0000,99.7099,0.2901,1.473630e+02
89200,3.274422e-06,2.538181e+01,1.506573e-11,3.428850e-04,0.000000e+00,3.397401e-04,3.409744e-04,0.000000e+00,1.387387e-08,1.001633e-12,2.351724e-10,0.000000e+00,0.000000e+00,0.000000e+00,1.387387e-08,0.0000,99.7091,0.2909,1.474573e+02
89300,3.278093e-06,2.538612e+01,1.506829e-11,3.426128e-04,0.000000e+00,3.407682e-04,3.419151e-04,0.000000e+00,1.391613e-08,-7.174563e-12,2.240893e-10,0.000000e+00,0.000000e+00,0.000000e+00,1.391613e-08,0.0000,99.7089,0.2911,1.474703e+02
89400,3.281764e-06,2.537852e+01,1.506377e-11,3.420685e-04,0.000000e+00,3.414335e-04,3.432987e-04,0.000000e+00,1.393790e-08,4.617902e-13,2.427231e-10,0.000000e+00,0.000000e+00,0.000000e+00,1.393790e-08,0.0000,99.7090,0.2910,1.473541e+02
89500,3.285435e-06,2.537695e+01,1.506284e-11,3.426128e-04,0.000000e+00,3.422802e-04,3.428660e-04,0.000000e+00,1.396803e-08,-8.143931e-12,2.469909e-10,0.000000e+00,0.000000e+00,0.000000e+00,1.396803e-08,0.0000,99.7092,0.2908,1.472599e+02
89600,3.289106e-06,2.537025e+01,1.505887e-11,3.407380e-04,0.000000e+00,3.418266e-04,3.418211e-04,0.000000e+00,1.394972e-08,-2.766952e-12,2.362883e-10,0.000000e+00,0.000000e+00,0.000000e+00,1.394972e-08,0.0000,99.7099,0.2901,1.472582e+02
89700,3.292776e-06,2.537653e+01,1.506260e-11,3.416149e-04,0.000000e+00,3.425524e-04,3.405997e-04,0.000000e+00,1.397424e-08,-3.712579e-12,2.239930e-10,0.000000e+00,0.000000e+00,0.000000e+00,1.397424e-08,0.0000,99.7106,0.2894,1.471698e+02
89800,3.296447e-06,2.536772e+01,1.505736e-11,3.385608e-04,0.000000e+00,3.430967e-04,3.399856e-04,0.000000e+00,1.400186e-08,-7.655240e-12,2.199893e-10,0.000000e+00,0.000000e+00,0.000000e+00,1.400186e-08,0.0000,99.7125,0.2875,1.472740e+02
89900,3.300118e-06,2.537512e+01,1.506176e-11,3.425826e-04,0.000000e+00,3.410102e-04,3.413855e-04,0.000000e+00,1.391381e-08,-1.304588e-12,2.315382e-10,0.000000e+00,0.000000e+00,0.000000e+00,1.391381e-08,0.0000,99.7123,0.2877,1.472083e+02
90000,3.303789e-06,2.538018e+01,1.506476e-11,3.420081e-04,0.000000e+00,3.389539e-04,3.411901e-04,0.000000e+00,1.383835e-08,5.266796e-12,2.320053e-10,0.000000e+00,0.000000e+00,0.000000e+00,1.383835e-08,0.0000,99.7116,0.2884,1.473767e+02
90100,3.307460e-06,2.539574e+01,1.507400e-11,3.423105e-04,0.000000e+00,3.397401e-04,3.397939e-04,0.000000e+00,1.386554e-08,-9.413405e-13,2.247274e-10,0.000000e+00,0.000000e+00,0.000000e+00,1.386554e-08,0.0000,99.7110,0.2890,1.472833e+02
90200,3.311131e-06,2.541841e+01,1.508746e-11,3.441853e-04,0.000000e+00,3.459997e-04,3.405198e-04,0.000000e+00,1.413064e-08,5.356610e-12,2.218304e-10,0.000000e+00,0.000000e+00,0.000000e+00,1.413064e-08,0.0000,99.7120,0.2880,1.474873e+02
90300,3.314802e-06,2.543006e+01,1.509437e-11,3.405263e-04,0.000000e+00,3.382281e-04,3.386425e-04,0.000000e+00,1.380172e-08,3.786450e-12,2.263786e-10,0.000000e+00,0.000000e+00,0.000000e+00,1.380172e-08,0.0000,99.7115,0.2885,1.472310e+02
90400,3.318473e-06,2.543696e+01,1.509846e-11,3.425826e-04,0.000000e+00,3.443365e-04,3.414679e-04,0.000000e+00,1.405582e-08,-1.147283e-12,2.334498e-10,0.000000e+00,0.000000e+00,0.000000e+00,1.405582e-08,0.0000,99.7125,0.2875,1.473438e+02
90500,3.322143e-06,2.546123e+01,1.511287e-11,3.434898e-04,0.000000e+00,3.418266e-04,3.395649e-04,0.000000e+00,1.394723e-08,1.172090e-12,2.242724e-10,0.000000e+00,0.000000e+00,0.000000e+00,1.394723e-08,0.0000,99.7122,0.2878,1.472182e+02
90600,3.325814e-06,2.548233e+01,1.512540e-11,3.416149e-04,0.000000e+00,3.430060e-04,3.382024e-04,0.000000e+00,1.401033e-08,6.718647e-13,2.538196e-10,0.000000e+00,0.000000e+00,0.000000e+00,1.401033e-08,0.0000,99.7130,0.2870,1.475265e+02
90700,3.329485e-06,2.548371e+01,1.512621e-11,3.402844e-04,0.000000e+00,3.423709e-04,3.400617e-04,0.000000e+00,1.397274e-08,1.029455e-12,2.266433e-10,0.000000e+00,0.000000e+00,0.000000e+00,1.397274e-08,0.0000,99.7141,0.2859,1.472749e+02
90800,3.333156e-06,2.548624e+01,1.512772e-11,3.408287e-04,0.000000e+00,3.430362e-04,3.404192e-04,0.000000e+00,1.400980e-08,-5.932107e-12,2.280763e-10,0.000000e+00,0.000000e+00,0.000000e+00,1.400980e-08,0.0000,99.7151,0.2849,1.474967e+02
90900,3.336827e-06,2.550702e+01,1.514005e-11,3.432781e-04,0.000000e+00,3.412521e-04,3.399194e-04,0.000000e+00,1.392663e-08,1.277099e-12,2.254188e-10,0.000000e+00,0.000000e+00,0.000000e+00,1.392663e-08,0.0000,99.7148,0.2852,1.472678e+02
91000,3.340498e-06,2.553031e+01,1.515387e-11,3.444877e-04,0.000000e+00,3.402542e-04,3.407218e-04,0.000000e+00,1.389640e-08,9.057214e-12,2.255486e-10,0.000000e+00,0.000000e+00,0.000000e+00,1.389640e-08,0.0000,99.7137,0.2863,1.474844e+02
91100,3.344169e-06,2.555910e+01,1.517096e-11,3.432176e-04,0.000000e+00,3.417661e-04,3.385625e-04,0.000000e+00,1.394383e-08,-9.286478e-13,2.386674e-10,0.000000e+00,0.000000e+00,0.000000e+00,1.394383e-08,0.0000,99.7135,0.2865,1.471943e+02
91200,3.347840e-06,2.558799e+01,1.518811e-11,3.436410e-04,0.000000e+00,3.439434e-04,3.389696e-04,0.000000e+00,1.404162e-08,-3.330991e-13,2.184214e-10,0.000000e+00,0.000000e+00,0.000000e+00,1.404162e-08,0.0000,99.7140,0.2860,1.473820e+02
91300,3.351510e-06,2.559845e+01,1.519432e-11,3.426431e-04,0.000000e+00,3.443063e-04,3.409516e-04,0.000000e+00,1.404531e-08,-4.078871e-12,2.153527e-10,0.000000e+00,0.000000e+00,0.000000e+00,1.404531e-08,0.0000,99.7148,0.2852,1.471505e+02
91400,3.355181e-06,2.560550e+01,1.519850e-11,3.424314e-04,0.000000e+00,3.429152e-04,3.412911e-04,0.000000e+00,1.399597e-08,-7.980888e-12,2.417089e-10,0.000000e+00,0.000000e+00,0.000000e+00,1.399597e-08,0.0000,99.7153,0.2847,1.473043e+02
91500,3.358852e-06,2.559521e+01,1.519239e-11,3.392563e-04,0.000000e+00,3.421290e-04,3.409204e-04,0.000000e+00,1.395868e-08,-4.537985e-12,2.320747e-10,0.000000e+00,0.000000e+00,0.000000e+00,1.395868e-08,0.0000,99.7166,0.2834,1.471938e+02
91600,3.362523e-06,2.560276e+01,1.519688e-11,3.429757e-04,0.000000e+00,3.437317e-04,3.417539e-04,0.000000e+00,1.402345e-08,3.328716e-12,2.448337e-10,0.000000e+00,0.000000e+00,0.000000e+00,1.402345e-08,0.0000,99.7172,0.2828,1.471843e+02
91700,3.366194e-06,2.558913e+01,1.518879e-11,3.408590e-04,0.000000e+00,3.395587e-04,3.430635e-04,0.000000e+00,1.385110e-08,-9.307679e-13,2.290372e-10,0.000000e+00,0.000000e+00,0.000000e+00,1.385110e-08,0.0000,99.7171,0.2829,1.471260e+02
91800,3.369865e-06,2.559338e+01,1.519131e-11,3.409194e-04,0.000000e+00,3.423407e-04,3.402327e-04,0.000000e+00,1.396588e-08,2.760058e-12,2.484607e-10,0.000000e+00,0.000000e+00,0.000000e+00,1.396588e-08,0.0000,99.7179,0.2821,1.471633e+02
91900,3.373536e-06,2.557576e+01,1.518085e-11,3.396494e-04,0.000000e+00,3.408892e-04,3.424986e-04,0.000000e+00,1.390527e-08,-3.087559e-12,2.182482e-10,0.000000e+00,0.000000e+00,0.000000e+00,1.390527e-08,0.0000,99.7186,0.2814,1.471248e+02
92000,3.377207e-06,2.557446e+01,1.518008e-11,3.414637e-04,0.000000e+00,3.390748e-04,3.416736e-04,0.000000e+00,1.383142e-08,2.809078e-12,2.470438e-10,0.000000e+00,0.000000e+00,0.000000e+00,1.383142e-08,0.0000,99.7181,0.2819,1.471297e+02
92100,3.380877e-06,2.558533e+01,1.518653e-11,3.434898e-04,0.000000e+00,3.420081e-04,3.417323e-04,0.000000e+00,1.395642e-08,-2.042685e-12,2.487086e-10,0.000000e+00,0.000000e+00,0.000000e+00,1.395642e-08,0.0000,99.7180,0.2820,1.472482e+02
92200,3.384548e-06,2.559221e+01,1.519062e-11,3.428548e-04,0.000000e+00,3.422197e-04,3.417412e-04,0.000000e+00,1.396482e-08,-2.839450e-12,2.189841e-10,0.000000e+00,0.000000e+00,0.000000e+00,1.396482e-08,0.0000,99.7181,0.2819,1.472386e+02
92300,3.388219e-06,2.560137e+01,1.519605e-11,3.427338e-04,0.000000e+00,3.418266e-04,3.412530e-04,0.000000e+00,1.395345e-08,-5.105419e-12,2.236576e-10,0.000000e+00,0.000000e+00,0.000000e+00,1.395345e-08,0.0000,99.7181,0.2819,1.473365e+02
92400,3.391890e-06,2.559941e+01,1.519489e-11,3.426431e-04,0.000000e+00,3.420685e-04,3.429595e-04,0.000000e+00,1.395391e-08,-8.287917e-13,2.307504e-10,0.000000e+00,0.000000e+00,0.000000e+00,1.395391e-08,0.0000,99.7182,0.2818,1.471456e+02
92500,3.395561e-06,2.560193e+01,1.519638e-11,3.418266e-04,0.000000e+00,3.440039e-04,3.414200e-04,0.000000e+00,1.403109e-08,1.835640e-13,2.228076e-10,0.000000e+00,0.000000e+00,0.000000e+00,1.403109e-08,0.0000,99.7193,0.2807,1.471241e+02
92600,3.399232e-06,2.559400e+01,1.519168e-11,3.418871e-04,0.000000e+00,3.428548e-04,3.431689e-04,0.000000e+00,1.398633e-08,-1.101683e-11,2.444550e-10,0.000000e+00,0.000000e+00,0.000000e+00,1.398633e-08,0.0000,99.7199,0.2801,1.471431e+02
92700,3.402903e-06,2.558850e+01,1.518841e-11,3.410404e-04,0.000000e+00,3.424919e-04,3.419301e-04,0.000000e+00,1.397946e-08,-5.097894e-12,2.344476e-10,0.000000e+00,0.000000e+00,0.000000e+00,1.397946e-08,0.0000,99.7207,0.2793,1.473202e+02
92800,3.406574e-06,2.558078e+01,1.518383e-11,3.418266e-04,0.000000e+00,3.423709e-04,3.430743e-04,0.000000e+00,1.396280e-08,-5.058778e-13,2.194025e-10,0.000000e+00,0.000000e+00,0.000000e+00,1.396280e-08,0.0000,99.7212,0.2788,1.470678e+02
92900,3.410244e-06,2.556324e+01,1.517342e-11,3.389236e-04,0.000000e+00,3.394679e-04,3.417608e-04,0.000000e+00,1.385134e-08,-2.612318e-12,2.352851e-10,0.000000e+00,0.000000e+00,0.000000e+00,1.385134e-08,0.0000,99.7217,0.2783,1.472150e+02
93000,3.413915e-06,2.557884e+01,1.518268e-11,3.423709e-04,0.000000e+00,3.412823e-04,3.398485e-04,0.000000e+00,1.391944e-08,9.526373e-12,2.347164e-10,0.000000e+00,0.000000e+00,0.000000e+00,1.391944e-08,0.0000,99.7216,0.2784,1.470994e+02
93100,3.417586e-06,2.559584e+01,1.519277e-11,3.434898e-04,0.000000e+00,3.407380e-04,3.407399e-04,0.000000e+00,1.389642e-08,8.468388e-13,2.411518e-10,0.000000e+00,0.000000e+00,0.000000e+00,1.389642e-08,0.0000,99.7210,0.2790,1.470780e+02
93200,3.421257e-06,2.561941e+01,1.520676e-11,3.419778e-04,0.000000e+00,3.400727e-04,3.381671e-04,0.000000e+00,1.387297e-08,-3.373529e-12,2.305202e-10,0.000000e+00,0.000000e+00,0.000000e+00,1.387297e-08,0.0000,99.7207,0.2793,1.471575e+02
93300,3.424928e-06,2.562239e+01,1.520853e-11,3.415242e-04,0.000000e+00,3.446389e-04,3.410422e-04,0.000000e+00,1.406022e-08,-6.108516e-12,2.206443e-10,0.000000e+00,0.000000e+00,0.000000e+00,1.406022e-08,0.0000,99.7221,0.2779,1.471807e+02
93400,3.428599e-06,2.564134e+01,1.521978e-11,3.428245e-04,0.000000e+00,3.410102e-04,3.397611e-04,0.000000e+00,1.391417e-08,-5.042377e-13,2.279564e-10,0.000000e+00,0.000000e+00,0.000000e+00,1.391417e-08,0.0000,99.7218,0.2782,1.472208e+02
93500,3.432270e-06,2.566394e+01,1.523319e-11,3.435200e-04,0.000000e+00,3.414637e-04,3.398653e-04,0.000000e+00,1.394181e-08,-3.432726e-12,2.154906e-10,0.000000e+00,0.000000e+00,0.000000e+00,1.394181e-08,0.0000,99.7214,0.2786,1.474056e+02
93600,3.435941e-06,2.565718e+01,1.522918e-11,3.395889e-04,0.000000e+00,3.432781e-04,3.406822e-04,0.000000e+00,1.400025e-08,6.060607e-12,2.532261e-10,0.000000e+00,0.000000e+00,0.000000e+00,1.400025e-08,0.0000,99.7229,0.2771,1.470894e+02
93700,3.439611e-06,2.565719e+01,1.522919e-11,3.419778e-04,0.000000e+00,3.447296e-04,3.419756e-04,0.000000e+00,1.406465e-08,5.410077e-12,2.124946e-10,0.000000e+00,0.000000e+00,0.000000e+00,1.406465e-08,0.0000,99.7241,0.2759,1.471965e+02
93800,3.443282e-06,2.568060e+01,1.524308e-11,3.421290e-04,0.000000e+00,3.410706e-04,3.383443e-04,0.000000e+00,1.390176e-08,-5.542871e-12,2.289910e-10,0.000000e+00,0.000000e+00,0.000000e+00,1.390176e-08,0.0000,99.7241,0.2759,1.469027e+02
93900,3.446953e-06,2.569207e+01,1.524989e-11,3.427036e-04,0.000000e+00,3.402844e-04,3.408492e-04,0.000000e+00,1.388437e-08,1.816410e-12,2.490568e-10,0.000000e+00,0.000000e+00,0.000000e+00,1.388437e-08,0.0000,99.7236,0.2764,1.472111e+02
94000,3.450624e-06,2.568378e+01,1.524496e-11,3.404961e-04,0.000000e+00,3.398611e-04,3.418369e-04,0.000000e+00,1.386127e-08,1.453674e-12,2.173984e-10,0.000000e+00,0.000000e+00,0.000000e+00,1.386127e-08,0.0000,99.7237,0.2763,1.470891e+02
94100,3.454295e-06,2.568977e+01,1.524852e-11,3.411916e-04,0.000000e+00,3.445179e-04,3.402224e-04,0.000000e+00,1.404479e-08,6.725424e-13,2.619206e-10,0.000000e+00,0.000000e+00,0.000000e+00,1.404479e-08,0.0000,99.7251,0.2749,1.469612e+02
94200,3.457966e-06,2.571261e+01,1.526208e-11,3.423709e-04,0.000000e+00,3.420988e-04,3.386772e-04,0.000000e+00,1.394362e-08,7.405846e-13,2.111373e-10,0.000000e+00,0.000000e+00,0.000000e+00,1.394362e-08,0.0000,99.7253,0.2747,1.469066e+02
94300,3.461637e-06,2.570756e+01,1.525908e-11,3.407078e-04,0.000000e+00,3.386515e-04,3.415247e-04,0.000000e+00,1.381619e-08,-4.261718e-12,2.295439e-10,0.000000e+00,0.000000e+00,0.000000e+00,1.381619e-08,0.0000,99.7250,0.2750,1.471747e+02
94400,3.465308e-06,2.570351e+01,1.525668e-11,3.401332e-04,0.000000e+00,3.429455e-04,3.407882e-04,0.000000e+00,1.398137e-08,4.059570e-14,2.437524e-10,0.000000e+00,0.000000e+00,0.000000e+00,1.398137e-08,0.0000,99.7262,0.2738,1.469718e+02
94500,3.468978e-06,2.571621e+01,1.526422e-11,3.423709e-04,0.000000e+00,3.415242e-04,3.403176e-04,0.000000e+00,1.393287e-08,1.269016e-12,2.419961e-10,0.000000e+00,0.000000e+00,0.000000e+00,1.393287e-08,0.0000,99.7262,0.2738,1.471701e+02
94600,3.472649e-06,2.572731e+01,1.527080e-11,3.432479e-04,0.000000e+00,3.424314e-04,3.414533e-04,0.000000e+00,1.397042e-08,-2.049877e-13,2.227057e-10,0.000000e+00,0.000000e+00,0.000000e+00,1.397042e-08,0.0000,99.7262,0.2738,1.471833e+02
94700,3.476320e-06,2.574180e+01,1.527941e-11,3.430060e-04,0.000000e+00,3.417057e-04,3.406626e-04,0.000000e+00,1.393809e-08,4.013982e-13,2.373565e-10,0.000000e+00,0.000000e+00,0.000000e+00,1.393809e-08,0.0000,99.7261,0.2739,1.471324e+02
94800,3.479991e-06,2.574276e+01,1.527998e-11,3.420685e-04,0.000000e+00,3.403449e-04,3.419125e-04,0.000000e+00,1.388553e-08,-1.182756e-12,2.107626e-10,0.000000e+00,0.000000e+00,0.000000e+00,1.388553e-08,0.0000,99.7259,0.2741,1.471867e+02
94900,3.483662e-06,2.575431e+01,1.528683e-11,3.421593e-04,0.000000e+00,3.426733e-04,3.402927e-04,0.000000e+00,1.397025e-08,-5.682808e-12,2.300013e-10,0.000000e+00,0.000000e+00,0.000000e+00,1.397025e-08,0.0000,99.7263,0.2737,1.469740e+02
95000,3.487333e-06,2.577072e+01,1.529657e-11,3.453646e-04,0.000000e+00,3.443063e-04,3.427113e-04,0.000000e+00,1.403763e-08,1.891152e-12,2.409998e-10,0.000000e+00,0.000000e+00,0.000000e+00,1.403763e-08,0.0000,99.7263,0.2737,1.469852e+02
95100,3.491004e-06,2.575944e+01,1.528988e-11,3.404356e-04,0.000000e+00,3.402542e-04,3.422594e-04,0.000000e+00,1.388006e-08,3.656945e-12,2.323516e-10,0.000000e+00,0.000000e+00,0.000000e+00,1.388006e-08,0.0000,99.7266,0.2734,1.471523e+02
95200,3.494675e-06,2.574759e+01,1.528284e-11,3.388027e-04,0.000000e+00,3.448203e-04,3.407192e-04,0.000000e+00,1.406779e-08,-1.016392e-11,2.252594e-10,0.000000e+00,0.000000e+00,0.000000e+00,1.406779e-08,0.0000,99.7288,0.2712,1.471828e+02
95300,3.498345e-06,2.574045e+01,1.527860e-11,3.410102e-04,0.000000e+00,3.421593e-04,3.421640e-04,0.000000e+00,1.394418e-08,-5.599567e-13,2.337662e-10,0.000000e+00,0.000000e+00,0.000000e+00,1.394418e-08,0.0000,99.7294,0.2706,1.468644e+02
95400,3.502016e-06,2.575084e+01,1.528477e-11,3.419778e-04,0.000000e+00,3.407682e-04,3.402977e-04,0.000000e+00,1.389015e-08,-5.190357e-12,2.259627e-10,0.000000e+00,0.000000e+00,0.000000e+00,1.389015e-08,0.0000,99.7294,0.2706,1.469221e+02
95500,3.505687e-06,2.574963e+01,1.528405e-11,3.416754e-04,0.000000e+00,3.402844e-04,3.418718e-04,0.000000e+00,1.388420e-08,1.571319e-13,2.465889e-10,0.000000e+00,0.000000e+00,0.000000e+00,1.388420e-08,0.0000,99.7292,0.2708,1.472075e+02
95600,3.509358e-06,2.577156e+01,1.529707e-11,3.443667e-04,0.000000e+00,3.404356e-04,3.408204e-04,0.000000e+00,1.388387e-08,-1.592994e-12,2.419925e-10,0.000000e+00,0.000000e+00,0.000000e+00,1.388387e-08,0.0000,99.7282,0.2718,1.470727e+02
95700,3.513029e-06,2.575305e+01,1.528608e-11,3.398006e-04,0.000000e+00,3.419778e-04,3.427934e-04,0.000000e+00,1.394908e-08,3.476099e-12,2.326084e-10,0.000000e+00,0.000000e+00,0.000000e+00,1.394908e-08,0.0000,99.7292,0.2708,1.471086e+02
95800,3.516700e-06,2.574923e+01,1.528382e-11,3.422802e-04,0.000000e+00,3.430060e-04,3.428974e-04,0.000000e+00,1.399709e-08,-2.366678e-12,2.428470e-10,0.000000e+00,0.000000e+00,0.000000e+00,1.399709e-08,0.0000,99.7298,0.2702,1.472452e+02
95900,3.520371e-06,2.575500e+01,1.528724e-11,3.403449e-04,0.000000e+00,3.417661e-04,3.394116e-04,0.000000e+00,1.393620e-08,2.834379e-12,2.297505e-10,0.000000e+00,0.000000e+00,0.000000e+00,1.393620e-08,0.0000,99.7305,0.2695,1.470281e+02
96000,3.524042e-06,2.577565e+01,1.529950e-11,3.445482e-04,0.000000e+00,3.423407e-04,3.412093e-04,0.000000e+00,1.396081e-08,-6.757393e-12,2.392458e-10,0.000000e+00,0.000000e+00,0.000000e+00,1.396081e-08,0.0000,99.7301,0.2699,1.470558e+02
96100,3.527712e-06,2.579046e+01,1.530829e-11,3.419476e-04,0.000000e+00,3.405263e-04,3.395535e-04,0.000000e+00,1.389352e-08,-3.718125e-12,2.251838e-10,0.000000e+00,0.000000e+00,0.000000e+00,1.389352e-08,0.0000,99.7299,0.2701,1.471901e+02
96200,3.531383e-06,2.580903e+01,1.531931e-11,3.435503e-04,0.000000e+00,3.422802e-04,3.405468e-04,0.000000e+00,1.396093e-08,-4.489001e-12,2.228878e-10,0.000000e+00,0.000000e+00,0.000000e+00,1.396093e-08,0.0000,99.7298,0.2702,1.471036e+02
96300,3.535054e-06,2.581016e+01,1.531998e-11,3.414033e-04,0.000000e+00,3.420081e-04,3.412211e-04,0.000000e+00,1.394134e-08,-7.524488e-12,2.534427e-10,0.000000e+00,0.000000e+00,0.000000e+00,1.394134e-08,0.0000,99.7303,0.2697,1.469376e+02
96400,3.538725e-06,2.582121e+01,1.532654e-11,3.430967e-04,0.000000e+00,3.442155e-04,3.413109e-04,0.000000e+00,1.403268e-08,-6.658943e-12,2.274145e-10,0.000000e+00,0.000000e+00,0.000000e+00,1.403268e-08,0.0000,99.7310,0.2690,1.469608e+02
96500,3.542396e-06,2.582449e+01,1.532849e-11,3.404961e-04,0.000000e+00,3.418569e-04,3.399646e-04,0.000000e+00,1.394181e-08,-2.001463e-12,2.181043e-10,0.000000e+00,0.000000e+00,0.000000e+00,1.394181e-08,0.0000,99.7317,0.2683,1.470722e+02
96600,3.546067e-06,2.584260e+01,1.533924e-11,3.437922e-04,0.000000e+00,3.438224e-04,3.408637e-04,0.000000e+00,1.402023e-08,-1.567947e-13,2.462110e-10,0.000000e+00,0.000000e+00,0.000000e+00,1.402023e-08,0.0000,99.7320,0.2680,1.470402e+02
96700,3.549738e-06,2.585273e+01,1.534525e-11,3.416754e-04,0.000000e+00,3.415847e-04,3.400374e-04,0.000000e+00,1.392652e-08,-9.226404e-12,2.342264e-10,0.000000e+00,0.000000e+00,0.000000e+00,1.392652e-08,0.0000,99.7322,0.2678,1.469851e+02
96800,3.553409e-06,2.585461e+01,1.534637e-11,3.406473e-04,0.000000e+00,3.412823e-04,3.403435e-04,0.000000e+00,1.391891e-08,-2.788883e-12,2.193822e-10,0.000000e+00,0.000000e+00,0.000000e+00,1.391891e-08,0.0000,99.7327,0.2673,1.470825e+02
96900,3.557080e-06,2.585983e+01,1.534946e-11,3.414033e-04,0.000000e+00,3.430967e-04,3.405596e-04,0.000000e+00,1.399462e-08,-1.004806e-12,2.356707e-10,0.000000e+00,0.000000e+00,0.000000e+00,1.399462e-08,0.0000,99.7336,0.2664,1.471199e+02
97000,3.560750e-06,2.585852e+01,1.534869e-11,3.400727e-04,0.000000e+00,3.395889e-04,3.402843e-04,0.000000e+00,1.384461e-08,-5.602908e-12,2.301611e-10,0.000000e+00,0.000000e+00,0.000000e+00,1.384461e-08,0.0000,99.7337,0.2663,1.469684e+02
97100,3.564421e-06,2.588461e+01,1.536417e-11,3.453042e-04,0.000000e+00,3.412218e-04,3.410865e-04,0.000000e+00,1.390733e-08,-3.286284e-12,2.540614e-10,0.000000e+00,0.000000e+00,0.000000e+00,1.390733e-08,0.0000,99.7327,0.2673,1.468909e+02
97200,3.568092e-06,2.590027e+01,1.537347e-11,3.446389e-04,0.000000e+00,3.413428e-04,3.421054e-04,0.000000e+00,1.392103e-08,-2.299939e-12,2.320871e-10,0.000000e+00,0.000000e+00,0.000000e+00,1.392103e-08,0.0000,99.7319,0.2681,1.470717e+02
97300,3.571763e-06,2.592123e+01,1.538591e-11,3.447901e-04,0.000000e+00,3.424314e-04,3.414020e-04,0.000000e+00,1.396455e-08,-4.803074e-12,2.164512e-10,0.000000e+00,0.000000e+00,0.000000e+00,1.396455e-08,0.0000,99.7315,0.2685,1.470616e+02
97400,3.575434e-06,2.592767e+01,1.538973e-11,3.434898e-04,0.000000e+00,3.460904e-04,3.424487e-04,0.000000e+00,1.410641e-08,-1.468035e-12,2.475206e-10,0.000000e+00,0.000000e+00,0.000000e+00,1.410641e-08,0.0000,99.7326,0.2674,1.469134e+02
97500,3.579105e-06,2.592423e+01,1.538769e-11,3.412823e-04,0.000000e+00,3.443365e-04,3.418386e-04,0.000000e+00,1.404146e-08,-2.818340e-12,2.420480e-10,0.000000e+00,0.000000e+00,0.000000e+00,1.404146e-08,0.0000,99.7338,0.2662,1.470374e+02
97600,3.582776e-06,2.594478e+01,1.539989e-11,3.440039e-04,0.000000e+00,3.425826e-04,3.406796e-04,0.000000e+00,1.396578e-08,-4.154809e-12,2.513655e-10,0.000000e+00,0.000000e+00,0.000000e+00,1.396578e-08,0.0000,99.7337,0.2663,1.469563e+02
97700,3.586447e-06,2.595289e+01,1.540470e-11,3.438224e-04,0.000000e+00,3.425524e-04,3.425122e-04,0.000000e+00,1.395393e-08,2.018615e-12,2.507233e-10,0.000000e+00,0.000000e+00,0.000000e+00,1.395393e-08,0.0000,99.7336,0.2664,1.467306e+02
97800,3.590117e-06,2.595067e+01,1.540338e-11,3.406170e-04,0.000000e+00,3.434596e-04,3.409756e-04,0.000000e+00,1.400140e-08,-1.480464e-11,2.309967e-10,0.000000e+00,0.000000e+00,0.000000e+00,1.400140e-08,0.0000,99.7347,0.2653,1.469521e+02
97900,3.593788e-06,2.596871e+01,1.541409e-11,3.442458e-04,0.000000e+00,3.421290e-04,3.413282e-04,0.000000e+00,1.393904e-08,-1.753801e-12,2.374156e-10,0.000000e+00,0.000000e+00,0.000000e+00,1.393904e-08,0.0000,99.7344,0.2656,1.467882e+02
98000,3.597459e-06,2.598683e+01,1.542485e-11,3.459694e-04,0.000000e+00,3.439736e-04,3.430394e-04,0.000000e+00,1.402353e-08,-5.638174e-13,2.408472e-10,0.000000e+00,0.000000e+00,0.000000e+00,1.402353e-08,0.0000,99.7340,0.2660,1.469887e+02
98100,3.601130e-06,2.597942e+01,1.542045e-11,3.416754e-04,0.000000e+00,3.422500e-04,3.428735e-04,0.000000e+00,1.394744e-08,-7.538461e-12,2.321076e-10,0.000000e+00,0.000000e+00,0.000000e+00,1.394744e-08,0.0000,99.7345,0.2655,1.468553e+02
98200,3.604801e-06,2.599285e+01,1.542842e-11,3.428850e-04,0.000000e+00,3.456973e-04,3.407142e-04,0.000000e+00,1.409389e-08,-3.356895e-12,2.543244e-10,0.000000e+00,0.000000e+00,0.000000e+00,1.409389e-08,0.0000,99.7357,0.2643,1.469792e+02
98300,3.608472e-06,2.596521e+01,1.541201e-11,3.381374e-04,0.000000e+00,3.410404e-04,3.426069e-04,0.000000e+00,1.389373e-08,2.580744e-12,2.296847e-10,0.000000e+00,0.000000e+00,0.000000e+00,1.389373e-08,0.0000,99.7368,0.2632,1.467608e+02
98400,3.612143e-06,2.596433e+01,1.541149e-11,3.407380e-04,0.000000e+00,3.446389e-04,3.408793e-04,0.000000e+00,1.403708e-08,-8.269061e-12,2.349321e-10,0.000000e+00,0.000000e+00,0.000000e+00,1.403708e-08,0.0000,99.7383,0.2617,1.466934e+02
98500,3.615814e-06,2.596074e+01,1.540936e-11,3.429757e-04,0.000000e+00,3.391958e-04,3.435568e-04,0.000000e+00,1.381940e-08,3.617777e-12,2.415532e-10,0.000000e+00,0.000000e+00,0.000000e+00,1.381940e-08,0.0000,99.7374,0.2626,1.467752e+02
98600,3.619484e-06,2.595397e+01,1.540534e-11,3.412521e-04,0.000000e+00,3.421593e-04,3.423465e-04,0.000000e+00,1.394141e-08,-1.828497e-11,2.244240e-10,0.000000e+00,0.000000e+00,0.000000e+00,1.394141e-08,0.0000,99.7380,0.2620,1.467924e+02
98700,3.623155e-06,2.594730e+01,1.540139e-11,3.417359e-04,0.000000e+00,3.394982e-04,3.428142e-04,0.000000e+00,1.384276e-08,-6.149268e-12,2.478810e-10,0.000000e+00,0.000000e+00,0.000000e+00,1.384276e-08,0.0000,99.7376,0.2624,1.470044e+02
98800,3.626826e-06,2.594338e+01,1.539905e-11,3.420081e-04,0.000000e+00,3.439131e-04,3.426430e-04,0.000000e+00,1.401948e-08,-2.619211e-12,2.357884e-10,0.000000e+00,0.000000e+00,0.000000e+00,1.401948e-08,0.0000,99.7384,0.2616,1.469458e+02
98900,3.630497e-06,2.594423e+01,1.539956e-11,3.420383e-04,0.000000e+00,3.408892e-04,3.419004e-04,0.000000e+00,1.389878e-08,-2.370077e-12,2.264000e-10,0.000000e+00,0.000000e+00,0.000000e+00,1.389878e-08,0.0000,99.7384,0.2616,1.469906e+02
99000,3.634168e-06,2.594150e+01,1.539794e-11,3.421593e-04,0.000000e+00,3.431269e-04,3.426007e-04,0.000000e+00,1.398950e-08,-1.108102e-12,2.358896e-10,0.000000e+00,0.000000e+00,0.000000e+00,1.398950e-08,0.0000,99.7389,0.2611,1.469796e+02
99100,3.637839e-06,2.593811e+01,1.539593e-11,3.395587e-04,0.000000e+00,3.398308e-04,3.401068e-04,0.000000e+00,1.385670e-08,7.029563e-12,2.496336e-10,0.000000e+00,0.000000e+00,0.000000e+00,1.385670e-08,0.0000,99.7393,0.2607,1.470252e+02
99200,3.641510e-06,2.593742e+01,1.539552e-11,3.408892e-04,0.000000e+00,3.434596e-04,3.410009e-04,0.000000e+00,1.400111e-08,-8.099670e-12,2.482058e-10,0.000000e+00,0.000000e+00,0.000000e+00,1.400111e-08,0.0000,99.7403,0.2597,1.469450e+02
99300,3.645181e-06,2.593198e+01,1.539229e-11,3.413126e-04,0.000000e+00,3.408287e-04,3.421919e-04,0.000000e+00,1.388533e-08,-3.445331e-12,2.373396e-10,0.000000e+00,0.000000e+00,0.000000e+00,1.388533e-08,0.0000,99.7405,0.2595,1.467609e+02
99400,3.648851e-06,2.590975e+01,1.537909e-11,3.393167e-04,0.000000e+00,3.391958e-04,3.429118e-04,0.000000e+00,1.383154e-08,-1.216651e-11,2.434673e-10,0.000000e+00,0.000000e+00,0.000000e+00,1.383154e-08,0.0000,99.7407,0.2593,1.470365e+02
99500,3.652522e-06,2.590543e+01,1.537653e-11,3.423105e-04,0.000000e+00,3.404961e-04,3.430088e-04,0.000000e+00,1.388595e-08,-4.969095e-12,2.296178e-10,0.000000e+00,0.000000e+00,0.000000e+00,1.388595e-08,0.0000,99.7404,0.2596,1.470701e+02
99600,3.656193e-06,2.590227e+01,1.537465e-11,3.391051e-04,0.000000e+00,3.432479e-04,3.396161e-04,0.000000e+00,1.399260e-08,-9.117966e-14,2.301143e-10,0.000000e+00,0.000000e+00,0.000000e+00,1.399260e-08,0.0000,99.7420,0.2580,1.469472e+02
99700,3.659864e-06,2.591072e+01,1.537967e-11,3.417057e-04,0.000000e+00,3.391655e-04,3.403391e-04,0.000000e+00,1.382412e-08,-2.663401e-12,2.225046e-10,0.000000e+00,0.000000e+00,0.000000e+00,1.382412e-08,0.0000,99.7415,0.2585,1.469066e+02
99800,3.663535e-06,2.589202e+01,1.536857e-11,3.394679e-04,0.000000e+00,3.413126e-04,3.424915e-04,0.000000e+00,1.390821e-08,2.510588e-12,2.417750e-10,0.000000e+00,0.000000e+00,0.000000e+00,1.390821e-08,0.0000,99.7423,0.2577,1.468400e+02
99900,3.667206e-06,2.591335e+01,1.538123e-11,3.426128e-04,0.000000e+00,3.397099e-04,3.391642e-04,0.000000e+00,1.385358e-08,6.789657e-12,2.242088e-10,0.000000e+00,0.000000e+00,0.000000e+00,1.385358e-08,0.0000,99.7417,0.2583,1.470467e+02
100000,3.670877e-06,2.591075e+01,1.537969e-11,3.417661e-04,0.000000e+00,3.400123e-04,3.421858e-04,0.000000e+00,1.386136e-08,-4.908630e-12,2.269459e-10,0.000000e+00,0.000000e+00,0.000000e+00,1.386136e-08,0.0000,99.7414,0.2586,1.469556e+02
100100,3.674548e-06,2.593007e+01,1.539115e-11,3.433991e-04,0.000000e+00,3.419173e-04,3.402758e-04,0.000000e+00,1.394251e-08,-2.268184e-12,2.422194e-10,0.000000e+00,0.000000e+00,0.000000e+00,1.394251e-08,0.0000,99.7412,0.2588,1.470316e+02
100200,3.678218e-06,2.594124e+01,1.539778e-11,3.417964e-04,0.000000e+00,3.423407e-04,3.399902e-04,0.000000e+00,1.395336e-08,-3.313396e-12,2.364743e-10,0.000000e+00,0.000000e+00,0.000000e+00,1.395336e-08,0.0000,99.7417,0.2583,1.468965e+02
100300,3.681889e-06,2.595603e+01,1.540657e-11,3.427943e-04,0.000000e+00,3.422500e-04,3.404016e-04,0.000000e+00,1.396069e-08,3.914373e-12,2.484254e-10,0.000000e+00,0.000000e+00,0.000000e+00,1.396069e-08,0.0000,99.7418,0.2582,1.471374e+02
100400,3.685560e-06,2.596456e+01,1.541163e-11,3.405868e-04,0.000000e+00,3.427943e-04,3.392083e-04,0.000000e+00,1.397146e-08,-2.606072e-13,2.252016e-10,0.000000e+00,0.000000e+00,0.000000e+00,1.397146e-08,0.0000,99.7427,0.2573,1.468846e+02
100500,3.689231e-06,2.600396e+01,1.543502e-11,3.454251e-04,0.000000e+00,3.419476e-04,3.390541e-04,0.000000e+00,1.394065e-08,1.499888e-13,2.295325e-10,0.000000e+00,0.000000e+00,0.000000e+00,1.394065e-08,0.0000,99.7419,0.2581,1.469754e+02
100600,3.692902e-06,2.602321e+01,1.544644e-11,3.411311e-04,0.000000e+00,3.424012e-04,3.380189e-04,0.000000e+00,1.396012e-08,-9.695100e-12,2.398270e-10,0.000000e+00,0.000000e+00,0.000000e+00,1.396012e-08,0.0000,99.7426,0.2574,1.469847e+02
100700,3.696573e-06,2.602948e+01,1.545016e-11,3.406473e-04,0.000000e+00,3.428850e-04,3.396337e-04,0.000000e+00,1.397486e-08,1.713683e-12,2.262726e-10,0.000000e+00,0.000000e+00,0.000000e+00,1.397486e-08,0.0000,99.7435,0.2565,1.468856e+02
100800,3.700244e-06,2.603746e+01,1.545490e-11,3.412521e-04,0.000000e+00,3.417359e-04,3.399605e-04,0.000000e+00,1.392578e-08,-4.938995e-12,2.460600e-10,0.000000e+00,0.000000e+00,0.000000e+00,1.392578e-08,0.0000,99.7439,0.2561,1.468286e+02
100900,3.703915e-06,2.606242e+01,1.546971e-11,3.434596e-04,0.000000e+00,3.422500e-04,3.394245e-04,0.000000e+00,1.394677e-08,-1.530065e-12,2.342033e-10,0.000000e+00,0.000000e+00,0.000000e+00,1.394677e-08,0.0000,99.7438,0.2562,1.468363e+02
101000,3.707585e-06,2.608674e+01,1.548415e-11,3.435805e-04,0.000000e+00,3.403449e-04,3.396476e-04,0.000000e+00,1.388097e-08,-4.332188e-12,2.279671e-10,0.000000e+00,0.000000e+00,0.000000e+00,1.388097e-08,0.0000,99.7431,0.2569,1.470864e+02
101100,3.711256e-06,2.609355e+01,1.548819e-11,3.423407e-04,0.000000e+00,3.423709e-04,3.412404e-04,0.000000e+00,1.396285e-08,7.744738e-12,2.422465e-10,0.000000e+00,0.000000e+00,0.000000e+00,1.396285e-08,0.0000,99.7434,0.2566,1.470742e+02
101200,3.714927e-06,2.609458e+01,1.548881e-11,3.410102e-04,0.000000e+00,3.439131e-04,3.408425e-04,0.000000e+00,1.401908e-08,4.889519e-13,2.532968e-10,0.000000e+00,0.000000e+00,0.000000e+00,1.401908e-08,0.0000,99.7445,0.2555,1.469373e+02
101300,3.718598e-06,2.608937e+01,1.548571e-11,3.403751e-04,0.000000e+00,3.408892e-04,3.412185e-04,0.000000e+00,1.389008e-08,-4.865202e-12,2.535842e-10,0.000000e+00,0.000000e+00,0.000000e+00,1.389008e-08,0.0000,99.7449,0.2551,1.468110e+02
101400,3.722269e-06,2.609422e+01,1.548859e-11,3.422802e-04,0.000000e+00,3.430967e-04,3.414951e-04,0.000000e+00,1.398603e-08,4.677490e-13,2.232658e-10,0.000000e+00,0.000000e+00,0.000000e+00,1.398603e-08,0.0000,99.7454,0.2546,1.469404e+02
101500,3.725940e-06,2.609459e+01,1.548881e-11,3.432176e-04,0.000000e+00,3.385003e-04,3.431576e-04,0.000000e+00,1.379159e-08,-5.446427e-12,2.496354e-10,0.000000e+00,0.000000e+00,0.000000e+00,1.379159e-08,0.0000,99.7443,0.2557,1.467894e+02
101600,3.729611e-06,2.611453e+01,1.550065e-11,3.436107e-04,0.000000e+00,3.452134e-04,3.403866e-04,0.000000e+00,1.406895e-08,-4.575861e-12,2.336784e-10,0.000000e+00,0.000000e+00,0.000000e+00,1.406895e-08,0.0000,99.7450,0.2550,1.468645e+02
101700,3.733282e-06,2.610108e+01,1.549266e-11,3.397401e-04,0.000000e+00,3.412521e-04,3.419150e-04,0.000000e+00,1.390624e-08,-2.119545e-12,2.404010e-10,0.000000e+00,0.000000e+00,0.000000e+00,1.390624e-08,0.0000,99.7457,0.2543,1.468457e+02
101800,3.736952e-06,2.610295e+01,1.549377e-11,3.435503e-04,0.000000e+00,3.444575e-04,3.432491e-04,0.000000e+00,1.403344e-08,-4.123957e-12,2.396535e-10,0.000000e+00,0.000000e+00,0.000000e+00,1.403344e-08,0.0000,99.7463,0.2537,1.467653e+02
101900,3.740623e-06,2.609047e+01,1.548636e-11,3.388934e-04,0.000000e+00,3.396191e-04,3.409105e-04,0.000000e+00,1.383510e-08,-2.285581e-12,2.505495e-10,0.000000e+00,0.000000e+00,0.000000e+00,1.383510e-08,0.0000,99.7467,0.2533,1.467559e+02
102000,3.744294e-06,2.609892e+01,1.549138e-11,3.435503e-04,0.000000e+00,3.416149e-04,3.421834e-04,0.000000e+00,1.391891e-08,9.118159e-13,2.573584e-10,0.000000e+00,0.000000e+00,0.000000e+00,1.391891e-08,0.0000,99.7464,0.2536,1.467920e+02
102100,3.747965e-06,2.607905e+01,1.547959e-11,3.404054e-04,0.000000e+00,3.419778e-04,3.436187e-04,0.000000e+00,1.393207e-08,-6.970583e-12,2.324450e-10,0.000000e+00,0.000000e+00,0.000000e+00,1.393207e-08,0.0000,99.7472,0.2528,1.467589e+02
102200,3.751636e-06,2.605273e+01,1.546396e-11,3.403449e-04,0.000000e+00,3.424012e-04,3.446013e-04,0.000000e+00,1.395558e-08,-3.506492e-12,2.371079e-10,0.000000e+00,0.000000e+00,0.000000e+00,1.395558e-08,0.0000,99.7480,0.2520,1.468925e+02
102300,3.755307e-06,2.607323e+01,1.547613e-11,3.449715e-04,0.000000e+00,3.412521e-04,3.416559e-04,0.000000e+00,1.391171e-08,-1.070737e-11,2.343583e-10,0.000000e+00,0.000000e+00,0.000000e+00,1.391171e-08,0.0000,99.7472,0.2528,1.469559e+02
102400,3.758978e-06,2.606189e+01,1.546940e-11,3.406473e-04,0.000000e+00,3.404356e-04,3.424817e-04,0.000000e+00,1.387422e-08,3.453021e-12,2.476780e-10,0.000000e+00,0.000000e+00,0.000000e+00,1.387422e-08,0.0000,99.7474,0.2526,1.468717e+02
102500,3.762649e-06,2.604635e+01,1.546018e-11,3.397703e-04,0.000000e+00,3.422197e-04,3.422821e-04,0.000000e+00,1.395983e-08,-1.962399e-12,2.486088e-10,0.000000e+00,0.000000e+00,0.000000e+00,1.395983e-08,0.0000,99.7484,0.2516,1.471422e+02
102600,3.766319e-06,2.606615e+01,1.547193e-11,3.441853e-04,0.000000e+00,3.408590e-04,3.409841e-04,0.000000e+00,1.388160e-08,-1.670242e-13,2.448092e-10,0.000000e+00,0.000000e+00,0.000000e+00,1.388160e-08,0.0000,99.7476,0.2524,1.466614e+02
102700,3.769990e-06,2.604647e+01,1.546025e-11,3.390748e-04,0.000000e+00,3.431874e-04,3.422574e-04,0.000000e+00,1.398483e-08,-4.915311e-12,2.299140e-10,0.000000e+00,0.000000e+00,0.000000e+00,1.398483e-08,0.0000,99.7491,0.2509,1.468341e+02
102800,3.773661e-06,2.605369e+01,1.546453e-11,3.429455e-04,0.000000e+00,3.398006e-04,3.417782e-04,0.000000e+00,1.384579e-08,-6.261465e-12,2.440001e-10,0.000000e+00,0.000000e+00,0.000000e+00,1.384579e-08,0.0000,99.7484,0.2516,1.468179e+02
102900,3.777332e-06,2.608037e+01,1.548037e-11,3.453949e-04,0.000000e+00,3.441853e-04,3.410807e-04,0.000000e+00,1.403316e-08,-6.562855e-12,2.180638e-10,0.000000e+00,0.000000e+00,0.000000e+00,1.403316e-08,0.0000,99.7483,0.2517,1.469914e+02
103000,3.781003e-06,2.608256e+01,1.548167e-11,3.414637e-04,0.000000e+00,3.400123e-04,3.411103e-04,0.000000e+00,1.387289e-08,-2.835432e-12,2.408592e-10,0.000000e+00,0.000000e+00,0.000000e+00,1.387289e-08,0.0000,99.7481,0.2519,1.472095e+02
103100,3.784674e-06,2.609850e+01,1.549113e-11,3.438527e-04,0.000000e+00,3.438224e-04,3.412750e-04,0.000000e+00,1.401973e-08,-4.667151e-12,2.338178e-10,0.000000e+00,0.000000e+00,0.000000e+00,1.401973e-08,0.0000,99.7484,0.2516,1.470216e+02
103200,3.788345e-06,2.610916e+01,1.549746e-11,3.417661e-04,0.000000e+00,3.412218e-04,3.400427e-04,0.000000e+00,1.389488e-08,-4.030382e-12,2.486060e-10,0.000000e+00,0.000000e+00,0.000000e+00,1.389488e-08,0.0000,99.7485,0.2515,1.466256e+02
103300,3.792016e-06,2.610375e+01,1.549425e-11,3.413428e-04,0.000000e+00,3.439736e-04,3.422162e-04,0.000000e+00,1.401346e-08,-1.304065e-13,2.346261e-10,0.000000e+00,0.000000e+00,0.000000e+00,1.401346e-08,0.0000,99.7495,0.2505,1.467604e+02
103400,3.795686e-06,2.612347e+01,1.550595e-11,3.417661e-04,0.000000e+00,3.452134e-04,3.385779e-04,0.000000e+00,1.407198e-08,3.047393e-12,2.390594e-10,0.000000e+00,0.000000e+00,0.000000e+00,1.407198e-08,0.0000,99.7508,0.2492,1.469314e+02
103500,3.799357e-06,2.612307e+01,1.550571e-11,3.414033e-04,0.000000e+00,3.416754e-04,3.414684e-04,0.000000e+00,1.392512e-08,-1.288311e-11,2.429473e-10,0.000000e+00,0.000000e+00,0.000000e+00,1.392512e-08,0.0000,99.7511,0.2489,1.468719e+02
103600,3.803028e-06,2.613117e+01,1.551052e-11,3.414335e-04,0.000000e+00,3.395587e-04,3.401244e-04,0.000000e+00,1.383315e-08,-8.379710e-12,2.438440e-10,0.000000e+00,0.000000e+00,0.000000e+00,1.383315e-08,0.0000,99.7508,0.2492,1.467552e+02
103700,3.806699e-06,2.615764e+01,1.552624e-11,3.433084e-04,0.000000e+00,3.424012e-04,3.390271e-04,0.000000e+00,1.394873e-08,-8.553549e-13,2.338649e-10,0.000000e+00,0.000000e+00,0.000000e+00,1.394873e-08,0.0000,99.7508,0.2492,1.467527e+02
103800,3.810370e-06,2.619081e+01,1.554592e-11,3.443970e-04,0.000000e+00,3.412218e-04,3.390340e-04,0.000000e+00,1.390696e-08,-2.157938e-12,2.524914e-10,0.000000e+00,0.000000e+00,0.000000e+00,1.390696e-08,0.0000,99.7501,0.2499,1.468785e+02
103900,3.814041e-06,2.619825e+01,1.555034e-11,3.426431e-04,0.000000e+00,3.414940e-04,3.414405e-04,0.000000e+00,1.390880e-08,-4.215532e-12,2.421857e-10,0.000000e+00,0.000000e+00,0.000000e+00,1.390880e-08,0.0000,99.7500,0.2500,1.466896e+02
104000,3.817712e-06,2.619998e+01,1.555137e-11,3.403449e-04,0.000000e+00,3.441853e-04,3.400646e-04,0.000000e+00,1.401531e-08,-6.663053e-13,2.626407e-10,0.000000e+00,0.000000e+00,0.000000e+00,1.401531e-08,0.0000,99.7514,0.2486,1.466280e+02
104100,3.821383e-06,2.620408e+01,1.555380e-11,3.418569e-04,0.000000e+00,3.434293e-04,3.411935e-04,0.000000e+00,1.398537e-08,2.366521e-12,2.239858e-10,0.000000e+00,0.000000e+00,0.000000e+00,1.398537e-08,0.0000,99.7521,0.2479,1.466430e+02
104200,3.825054e-06,2.620245e+01,1.555283e-11,3.411916e-04,0.000000e+00,3.403449e-04,3.414563e-04,0.000000e+00,1.386028e-08,-4.850269e-12,2.344374e-10,0.000000e+00,0.000000e+00,0.000000e+00,1.386028e-08,0.0000,99.7521,0.2479,1.466543e+02
104300,3.828724e-06,2.620175e+01,1.555242e-11,3.413126e-04,0.000000e+00,3.429152e-04,3.414245e-04,0.000000e+00,1.396501e-08,-7.185267e-12,2.448038e-10,0.000000e+00,0.000000e+00,0.000000e+00,1.396501e-08,0.0000,99.7528,0.2472,1.466528e+02
104400,3.832395e-06,2.621277e+01,1.555895e-11,3.431269e-04,0.000000e+00,3.410102e-04,3.413462e-04,0.000000e+00,1.389546e-08,-2.325457e-12,2.528623e-10,0.000000e+00,0.000000e+00,0.000000e+00,1.389546e-08,0.0000,99.7525,0.2475,1.468159e+02
104500,3.836066e-06,2.620853e+01,1.555644e-11,3.426431e-04,0.000000e+00,3.395889e-04,3.433285e-04,0.000000e+00,1.382890e-08,-6.818155e-14,2.162032e-10,0.000000e+00,0.000000e+00,0.000000e+00,1.382890e-08,0.0000,99.7518,0.2482,1.466477e+02
104600,3.839737e-06,2.620481e+01,1.555423e-11,3.416754e-04,0.000000e+00,3.436107e-04,3.422760e-04,0.000000e+00,1.398747e-08,-2.398152e-12,2.727061e-10,0.000000e+00,0.000000e+00,0.000000e+00,1.398747e-08,0.0000,99.7526,0.2474,1.465395e+02
104700,3.843408e-06,2.620318e+01,1.555326e-11,3.437015e-04,0.000000e+00,3.437015e-04,3.439663e-04,0.000000e+00,1.400380e-08,-1.095681e-12,2.338417e-10,0.000000e+00,0.000000e+00,0.000000e+00,1.400380e-08,0.0000,99.7529,0.2471,1.468030e+02
104800,3.847079e-06,2.619416e+01,1.554791e-11,3.408892e-04,0.000000e+00,3.402542e-04,3.423469e-04,0.000000e+00,1.385483e-08,-1.700828e-12,2.308068e-10,0.000000e+00,0.000000e+00,0.000000e+00,1.385483e-08,0.0000,99.7529,0.2471,1.466198e+02
104900,3.850750e-06,2.619595e+01,1.554898e-11,3.418569e-04,0.000000e+00,3.437317e-04,3.415668e-04,0.000000e+00,1.400596e-08,-3.063756e-12,2.306453e-10,0.000000e+00,0.000000e+00,0.000000e+00,1.400596e-08,0.0000,99.7537,0.2463,1.468275e+02
105000,3.854421e-06,2.619671e+01,1.554943e-11,3.423709e-04,0.000000e+00,3.412218e-04,3.422484e-04,0.000000e+00,1.389246e-08,3.442455e-12,2.386977e-10,0.000000e+00,0.000000e+00,0.000000e+00,1.389246e-08,0.0000,99.7536,0.2464,1.465869e+02
105100,3.858091e-06,2.619124e+01,1.554618e-11,3.414940e-04,0.000000e+00,3.419476e-04,3.423788e-04,0.000000e+00,1.394084e-08,1.092484e-14,2.355473e-10,0.000000e+00,0.000000e+00,0.000000e+00,1.394084e-08,0.0000,99.7540,0.2460,1.469676e+02
105200,3.861762e-06,2.618299e+01,1.554128e-11,3.415242e-04,0.000000e+00,3.413428e-04,3.428583e-04,0.000000e+00,1.389863e-08,1.435868e-12,2.568724e-10,0.000000e+00,0.000000e+00,0.000000e+00,1.389863e-08,0.0000,99.7542,0.2458,1.466051e+02
105300,3.865433e-06,2.619606e+01,1.554904e-11,3.434596e-04,0.000000e+00,3.424919e-04,3.413464e-04,0.000000e+00,1.394437e-08,-7.727843e-12,2.232000e-10,0.000000e+00,0.000000e+00,0.000000e+00,1.394437e-08,0.0000,99.7542,0.2458,1.465900e+02
105400,3.869104e-06,2.619605e+01,1.554903e-11,3.418266e-04,0.000000e+00,3.399215e-04,3.418283e-04,0.000000e+00,1.385124e-08,-7.880988e-12,2.313504e-10,0.000000e+00,0.000000e+00,0.000000e+00,1.385124e-08,0.0000,99.7538,0.2462,1.468195e+02
105500,3.872775e-06,2.618001e+01,1.553951e-11,3.396796e-04,0.000000e+00,3.450925e-04,3.422722e-04,0.000000e+00,1.405173e-08,5.302161e-12,2.483518e-10,0.000000e+00,0.000000e+00,0.000000e+00,1.405173e-08,0.0000,99.7557,0.2443,1.466162e+02
105600,3.876446e-06,2.618976e+01,1.554530e-11,3.416754e-04,0.000000e+00,3.432176e-04,3.400994e-04,0.000000e+00,1.397951e-08,-8.359077e-12,2.167466e-10,0.000000e+00,0.000000e+00,0.000000e+00,1.397951e-08,0.0000,99.7563,0.2437,1.467049e+02
105700,3.880117e-06,2.618292e+01,1.554124e-11,3.429152e-04,0.000000e+00,3.400425e-04,3.440213e-04,0.000000e+00,1.385150e-08,-7.598462e-14,2.504040e-10,0.000000e+00,0.000000e+00,0.000000e+00,1.385150e-08,0.0000,99.7557,0.2443,1.467297e+02
105800,3.883788e-06,2.619560e+01,1.554877e-11,3.428548e-04,0.000000e+00,3.397099e-04,3.408043e-04,0.000000e+00,1.384255e-08,-6.146206e-12,2.304752e-10,0.000000e+00,0.000000e+00,0.000000e+00,1.384255e-08,0.0000,99.7551,0.2449,1.468316e+02
105900,3.887458e-06,2.619845e+01,1.555046e-11,3.411614e-04,0.000000e+00,3.424919e-04,3.407005e-04,0.000000e+00,1.395372e-08,-7.209446e-12,2.465154e-10,0.000000e+00,0.000000e+00,0.000000e+00,1.395372e-08,0.0000,99.7557,0.2443,1.467836e+02
106000,3.891129e-06,2.619840e+01,1.555043e-11,3.417359e-04,0.000000e+00,3.427036e-04,3.417444e-04,0.000000e+00,1.395643e-08,-1.204970e-12,2.426943e-10,0.000000e+00,0.000000e+00,0.000000e+00,1.395643e-08,0.0000,99.7562,0.2438,1.466569e+02
106100,3.894800e-06,2.621033e+01,1.555751e-11,3.429757e-04,0.000000e+00,3.422500e-04,3.410470e-04,0.000000e+00,1.394265e-08,-5.593748e-12,2.241296e-10,0.000000e+00,0.000000e+00,0.000000e+00,1.394265e-08,0.0000,99.7563,0.2437,1.467493e+02
106200,3.898471e-06,2.621403e+01,1.555970e-11,3.430060e-04,0.000000e+00,3.430362e-04,3.424071e-04,0.000000e+00,1.397392e-08,-4.328236e-12,2.438997e-10,0.000000e+00,0.000000e+00,0.000000e+00,1.397392e-08,0.0000,99.7565,0.2435,1.467394e+02
106300,3.902142e-06,2.623108e+01,1.556982e-11,3.432479e-04,0.000000e+00,3.425826e-04,3.404916e-04,0.000000e+00,1.396161e-08,3.128142e-12,2.531958e-10,0.000000e+00,0.000000e+00,0.000000e+00,1.396161e-08,0.0000,99.7566,0.2434,1.468636e+02
106400,3.905813e-06,2.624134e+01,1.557592e-11,3.407380e-04,0.000000e+00,3.413428e-04,3.390780e-04,0.000000e+00,1.390375e-08,-5.212721e-12,2.363256e-10,0.000000e+00,0.000000e+00,0.000000e+00,1.390375e-08,0.0000,99.7570,0.2430,1.467085e+02
106500,3.909484e-06,2.625032e+01,1.558124e-11,3.421593e-04,0.000000e+00,3.436410e-04,3.407077e-04,0.000000e+00,1.400298e-08,-1.936733e-12,2.401193e-10,0.000000e+00,0.000000e+00,0.000000e+00,1.400298e-08,0.0000,99.7576,0.2424,1.468327e+02
106600,3.913155e-06,2.624339e+01,1.557713e-11,3.422197e-04,0.000000e+00,3.423407e-04,3.433396e-04,0.000000e+00,1.394652e-08,-1.962122e-12,2.514698e-10,0.000000e+00,0.000000e+00,0.000000e+00,1.394652e-08,0.0000,99.7579,0.2421,1.467576e+02
106700,3.916825e-06,2.624888e+01,1.558039e-11,3.404356e-04,0.000000e+00,3.396191e-04,3.395476e-04,0.000000e+00,1.383318e-08,-8.630446e-12,2.497877e-10,0.000000e+00,0.000000e+00,0.000000e+00,1.383318e-08,0.0000,99.7579,0.2421,1.466996e+02
106800,3.920496e-06,2.624383e+01,1.557739e-11,3.405263e-04,0.000000e+00,3.429455e-04,3.413439e-04,0.000000e+00,1.397599e-08,-3.806741e-12,2.231495e-10,0.000000e+00,0.000000e+00,0.000000e+00,1.397599e-08,0.0000,99.7588,0.2412,1.468572e+02
106900,3.924167e-06,2.623565e+01,1.557254e-11,3.406170e-04,0.000000e+00,3.433688e-04,3.419397e-04,0.000000e+00,1.398524e-08,-5.684060e-12,2.435950e-10,0.000000e+00,0.000000e+00,0.000000e+00,1.398524e-08,0.0000,99.7598,0.2402,1.466944e+02
107000,3.927838e-06,2.625072e+01,1.558148e-11,3.407078e-04,0.000000e+00,3.385910e-04,3.382705e-04,0.000000e+00,1.379481e-08,-5.207223e-12,2.446900e-10,0.000000e+00,0.000000e+00,0.000000e+00,1.379481e-08,0.0000,99.7595,0.2405,1.467752e+02
107100,3.931509e-06,2.624739e+01,1.557951e-11,3.414033e-04,0.000000e+00,3.409497e-04,3.419417e-04,0.000000e+00,1.387343e-08,3.720674e-12,2.580890e-10,0.000000e+00,0.000000e+00,0.000000e+00,1.387343e-08,0.0000,99.7596,0.2404,1.464187e+02
107200,3.935180e-06,2.626417e+01,1.558946e-11,3.446086e-04,0.000000e+00,3.406170e-04,3.418960e-04,0.000000e+00,1.386508e-08,-9.410065e-12,2.348326e-10,0.000000e+00,0.000000e+00,0.000000e+00,1.386508e-08,0.0000,99.7587,0.2413,1.465124e+02
107300,3.938851e-06,2.627527e+01,1.559606e-11,3.429455e-04,0.000000e+00,3.406473e-04,3.411495e-04,0.000000e+00,1.387467e-08,2.163744e-12,2.374127e-10,0.000000e+00,0.000000e+00,0.000000e+00,1.387467e-08,0.0000,99.7583,0.2417,1.467016e+02
107400,3.942522e-06,2.627346e+01,1.559498e-11,3.395587e-04,0.000000e+00,3.442760e-04,3.398528e-04,0.000000e+00,1.402561e-08,-9.124274e-13,2.372785e-10,0.000000e+00,0.000000e+00,0.000000e+00,1.402561e-08,0.0000,99.7598,0.2402,1.467517e+02
107500,3.946192e-06,2.627125e+01,1.559367e-11,3.413428e-04,0.000000e+00,3.410706e-04,3.417002e-04,0.000000e+00,1.388829e-08,-3.043712e-12,2.231169e-10,0.000000e+00,0.000000e+00,0.000000e+00,1.388829e-08,0.0000,99.7600,0.2400,1.466197e+02
107600,3.949863e-06,2.627132e+01,1.559371e-11,3.426431e-04,0.000000e+00,3.438224e-04,3.426317e-04,0.000000e+00,1.399990e-08,3.923133e-12,2.425343e-10,0.000000e+00,0.000000e+00,0.000000e+00,1.399990e-08,0.0000,99.7605,0.2395,1.466267e+02
107700,3.953534e-06,2.626056e+01,1.558732e-11,3.414335e-04,0.000000e+00,3.389539e-04,3.431728e-04,0.000000e+00,1.379807e-08,-6.940441e-13,2.311337e-10,0.000000e+00,0.000000e+00,0.000000e+00,1.379807e-08,0.0000,99.7601,0.2399,1.465404e+02
107800,3.957205e-06,2.626981e+01,1.559281e-11,3.421895e-04,0.000000e+00,3.434898e-04,3.406938e-04,0.000000e+00,1.399155e-08,-3.874493e-12,2.440575e-10,0.000000e+00,0.000000e+00,0.000000e+00,1.399155e-08,0.0000,99.7607,0.2393,1.467248e+02
107900,3.960876e-06,2.627942e+01,1.559852e-11,3.431572e-04,0.000000e+00,3.414033e-04,3.416038e-04,0.000000e+00,1.389737e-08,-1.378763e-12,2.296641e-10,0.000000e+00,0.000000e+00,0.000000e+00,1.389737e-08,0.0000,99.7604,0.2396,1.465268e+02
108000,3.964547e-06,2.630638e+01,1.561452e-11,3.446389e-04,0.000000e+00,3.416754e-04,3.402788e-04,0.000000e+00,1.391621e-08,-1.645246e-12,2.468599e-10,0.000000e+00,0.000000e+00,0.000000e+00,1.391621e-08,0.0000,99.7598,0.2402,1.466848e+02
108100,3.968218e-06,2.629460e+01,1.560753e-11,3.402844e-04,0.000000e+00,3.418569e-04,3.421897e-04,0.000000e+00,1.392751e-08,-6.708394e-13,2.347585e-10,0.000000e+00,0.000000e+00,0.000000e+00,1.392751e-08,0.0000,99.7605,0.2395,1.467710e+02
108200,3.971889e-06,2.629579e+01,1.560824e-11,3.424314e-04,0.000000e+00,3.456368e-04,3.422379e-04,0.000000e+00,1.408468e-08,-2.091784e-12,2.203195e-10,0.000000e+00,0.000000e+00,0.000000e+00,1.408468e-08,0.0000,99.7616,0.2384,1.468476e+02
108300,3.975559e-06,2.629250e+01,1.560628e-11,3.418871e-04,0.000000e+00,3.423709e-04,3.424200e-04,0.000000e+00,1.393789e-08,6.877243e-12,2.505915e-10,0.000000e+00,0.000000e+00,0.000000e+00,1.393789e-08,0.0000,99.7620,0.2380,1.465461e+02
108400,3.979230e-06,2.630658e+01,1.561464e-11,3.433991e-04,0.000000e+00,3.397703e-04,3.411230e-04,0.000000e+00,1.383642e-08,1.128769e-12,2.281478e-10,0.000000e+00,0.000000e+00,0.000000e+00,1.383642e-08,0.0000,99.7612,0.2388,1.466426e+02
108500,3.982901e-06,2.630108e+01,1.561137e-11,3.409799e-04,0.000000e+00,3.426431e-04,3.418691e-04,0.000000e+00,1.395392e-08,4.627347e-13,2.433951e-10,0.000000e+00,0.000000e+00,0.000000e+00,1.395392e-08,0.0000,99.7619,0.2381,1.466457e+02
108600,3.986572e-06,2.630478e+01,1.561357e-11,3.406473e-04,0.000000e+00,3.423407e-04,3.400490e-04,0.000000e+00,1.393761e-08,-4.304341e-12,2.752269e-10,0.000000e+00,0.000000e+00,0.000000e+00,1.393761e-08,0.0000,99.7626,0.2374,1.465738e+02
108700,3.990243e-06,2.631355e+01,1.561878e-11,3.429757e-04,0.000000e+00,3.428850e-04,3.415569e-04,0.000000e+00,1.396511e-08,-6.959198e-12,2.325633e-10,0.000000e+00,0.000000e+00,0.000000e+00,1.396511e-08,0.0000,99.7628,0.2372,1.466801e+02
108800,3.993914e-06,2.633392e+01,1.563087e-11,3.440039e-04,0.000000e+00,3.415545e-04,3.407095e-04,0.000000e+00,1.390775e-08,-1.953222e-13,2.299264e-10,0.000000e+00,0.000000e+00,0.000000e+00,1.390775e-08,0.0000,99.7623,0.2377,1.466197e+02
108900,3.997585e-06,2.634448e+01,1.563713e-11,3.417057e-04,0.000000e+00,3.402239e-04,3.399991e-04,0.000000e+00,1.384837e-08,-4.586337e-12,2.616685e-10,0.000000e+00,0.000000e+00,0.000000e+00,1.384837e-08,0.0000,99.7621,0.2379,1.465077e+02
109000,4.001256e-06,2.636104e+01,1.564697e-11,3.430664e-04,0.000000e+00,3.449715e-04,3.403881e-04,0.000000e+00,1.404483e-08,-5.768344e-12,2.469456e-10,0.000000e+00,0.000000e+00,0.000000e+00,1.404483e-08,0.0000,99.7629,0.2371,1.465632e+02
109100,4.004926e-06,2.634227e+01,1.563582e-11,3.392260e-04,0.000000e+00,3.414033e-04,3.422622e-04,0.000000e+00,1.390233e-08,6.155054e-13,2.547848e-10,0.000000e+00,0.000000e+00,0.000000e+00,1.390233e-08,0.0000,99.7637,0.2363,1.466262e+02
109200,4.008597e-06,2.633566e+01,1.563190e-11,3.413428e-04,0.000000e+00,3.441248e-04,3.424113e-04,0.000000e+00,1.400568e-08,-5.845837e-12,2.308966e-10,0.000000e+00,0.000000e+00,0.000000e+00,1.400568e-08,0.0000,99.7647,0.2353,1.464865e+02
109300,4.012268e-06,2.633428e+01,1.563108e-11,3.417661e-04,0.000000e+00,3.395889e-04,3.419885e-04,0.000000e+00,1.383211e-08,-6.737331e-12,2.406880e-10,0.000000e+00,0.000000e+00,0.000000e+00,1.383211e-08,0.0000,99.7643,0.2357,1.467007e+02
109400,4.015939e-06,2.635228e+01,1.564176e-11,3.435503e-04,0.000000e+00,3.421593e-04,3.406407e-04,0.000000e+00,1.394401e-08,-5.279634e-12,2.521905e-10,0.000000e+00,0.000000e+00,0.000000e+00,1.394401e-08,0.0000,99.7642,0.2358,1.468613e+02
109500,4.019610e-06,2.635743e+01,1.564482e-11,3.439434e-04,0.000000e+00,3.398611e-04,3.431107e-04,0.000000e+00,1.384590e-08,-4.972871e-12,2.362869e-10,0.000000e+00,0.000000e+00,0.000000e+00,1.384590e-08,0.0000,99.7633,0.2367,1.467671e+02
109600,4.023281e-06,2.636884e+01,1.565159e-11,3.434293e-04,0.000000e+00,3.414033e-04,3.415838e-04,0.000000e+00,1.389624e-08,-2.776827e-12,2.358480e-10,0.000000e+00,0.000000e+00,0.000000e+00,1.389624e-08,0.0000,99.7629,0.2371,1.465089e+02
109700,4.026952e-06,2.636084e+01,1.564685e-11,3.405868e-04,0.000000e+00,3.445482e-04,3.418803e-04,0.000000e+00,1.402697e-08,3.404761e-13,2.546792e-10,0.000000e+00,0.000000e+00,0.000000e+00,1.402697e-08,0.0000,99.7643,0.2357,1.465589e+02
109800,4.030623e-06,2.638828e+01,1.566313e-11,3.450622e-04,0.000000e+00,3.438829e-04,3.406250e-04,0.000000e+00,1.400508e-08,1.011610e-12,2.484634e-10,0.000000e+00,0.000000e+00,0.000000e+00,1.400508e-08,0.0000,99.7642,0.2358,1.466634e+02
109900,4.034293e-06,2.639534e+01,1.566732e-11,3.448506e-04,0.000000e+00,3.431269e-04,3.437092e-04,0.000000e+00,1.396677e-08,-1.845384e-11,2.422753e-10,0.000000e+00,0.000000e+00,0.000000e+00,1.396677e-08,0.0000,99.7639,0.2361,1.465103e+02
110000,4.037964e-06,2.638899e+01,1.566356e-11,3.399518e-04,0.000000e+00,3.407380e-04,3.409780e-04,0.000000e+00,1.388111e-08,-3.775989e-12,2.358417e-10,0.000000e+00,0.000000e+00,0.000000e+00,1.388111e-08,0.0000,99.7643,0.2357,1.467578e+02
110100,4.041635e-06,2.638392e+01,1.566054e-11,3.417661e-04,0.000000e+00,3.467254e-04,3.425872e-04,0.000000e+00,1.411542e-08,-5.620080e-12,2.433673e-10,0.000000e+00,0.000000e+00,0.000000e+00,1.411542e-08,0.0000,99.7659,0.2341,1.465583e+02
110200,4.045306e-06,2.637982e+01,1.565811e-11,3.408590e-04,0.000000e+00,3.420988e-04,3.415220e-04,0.000000e+00,1.391694e-08,-2.095018e-13,2.361655e-10,0.000000e+00,0.000000e+00,0.000000e+00,1.391694e-08,0.0000,99.7665,0.2335,1.463584e+02
110300,4.048977e-06,2.638823e+01,1.566311e-11,3.444272e-04,0.000000e+00,3.407380e-04,3.430659e-04,0.000000e+00,1.388103e-08,1.653240e-12,2.383301e-10,0.000000e+00,0.000000e+00,0.000000e+00,1.388103e-08,0.0000,99.7657,0.2343,1.467553e+02
110400,4.052648e-06,2.640394e+01,1.567243e-11,3.432781e-04,0.000000e+00,3.421290e-04,3.407386e-04,0.000000e+00,1.393138e-08,-6.674946e-12,2.488297e-10,0.000000e+00,0.000000e+00,0.000000e+00,1.393138e-08,0.0000,99.7656,0.2344,1.466210e+02
110500,4.056319e-06,2.638004e+01,1.565824e-11,3.406170e-04,0.000000e+00,3.412823e-04,3.444822e-04,0.000000e+00,1.389611e-08,7.294875e-13,2.590074e-10,0.000000e+00,0.000000e+00,0.000000e+00,1.389611e-08,0.0000,99.7660,0.2340,1.466040e+02
110600,4.059990e-06,2.637808e+01,1.565708e-11,3.412218e-04,0.000000e+00,3.453949e-04,3.415388e-04,0.000000e+00,1.406214e-08,3.715145e-12,2.264669e-10,0.000000e+00,0.000000e+00,0.000000e+00,1.406214e-08,0.0000,99.7674,0.2326,1.465840e+02
110700,4.063660e-06,2.636962e+01,1.565206e-11,3.400123e-04,0.000000e+00,3.406170e-04,3.413789e-04,0.000000e+00,1.386521e-08,-7.291190e-12,2.222138e-10,0.000000e+00,0.000000e+00,0.000000e+00,1.386521e-08,0.0000,99.7678,0.2322,1.465224e+02
110800,4.067331e-06,2.634917e+01,1.563992e-11,3.386817e-04,0.000000e+00,3.418871e-04,3.419891e-04,0.000000e+00,1.392307e-08,-1.606659e-12,2.355148e-10,0.000000e+00,0.000000e+00,0.000000e+00,1.392307e-08,0.0000,99.7689,0.2311,1.466488e+02
110900,4.071002e-06,2.634299e+01,1.563625e-11,3.398913e-04,0.000000e+00,3.402844e-04,3.408906e-04,0.000000e+00,1.385577e-08,1.487223e-12,2.531953e-10,0.000000e+00,0.000000e+00,0.000000e+00,1.385577e-08,0.0000,99.7692,0.2308,1.466103e+02
111000,4.074673e-06,2.634009e+01,1.563453e-11,3.418871e-04,0.000000e+00,3.394679e-04,3.423564e-04,0.000000e+00,1.382046e-08,-6.408194e-12,2.527608e-10,0.000000e+00,0.000000e+00,0.000000e+00,1.382046e-08,0.0000,99.7687,0.2313,1.465627e+02
111100,4.078344e-06,2.632821e+01,1.562748e-11,3.394377e-04,0.000000e+00,3.405566e-04,3.413584e-04,0.000000e+00,1.386925e-08,-6.403842e-12,2.521016e-10,0.000000e+00,0.000000e+00,0.000000e+00,1.386925e-08,0.0000,99.7693,0.2307,1.466552e+02
111200,4.082015e-06,2.633073e+01,1.562897e-11,3.422802e-04,0.000000e+00,3.383188e-04,3.418723e-04,0.000000e+00,1.378181e-08,-2.627944e-12,2.489243e-10,0.000000e+00,0.000000e+00,0.000000e+00,1.378181e-08,0.0000,99.7684,0.2316,1.467403e+02
111300,4.085686e-06,2.634464e+01,1.563723e-11,3.421895e-04,0.000000e+00,3.402239e-04,3.399408e-04,0.000000e+00,1.384730e-08,1.891588e-12,2.359042e-10,0.000000e+00,0.000000e+00,0.000000e+00,1.384730e-08,0.0000,99.7681,0.2319,1.464816e+02
111400,4.089357e-06,2.636892e+01,1.565164e-11,3.453949e-04,0.000000e+00,3.417661e-04,3.414688e-04,0.000000e+00,1.391731e-08,-7.187715e-13,2.412100e-10,0.000000e+00,0.000000e+00,0.000000e+00,1.391731e-08,0.0000,99.7673,0.2327,1.466320e+02
111500,4.093028e-06,2.636990e+01,1.565223e-11,3.422500e-04,0.000000e+00,3.429757e-04,3.420906e-04,0.000000e+00,1.397014e-08,8.134706e-13,2.405563e-10,0.000000e+00,0.000000e+00,0.000000e+00,1.397014e-08,0.0000,99.7677,0.2323,1.467106e+02
111600,4.096698e-06,2.636910e+01,1.565175e-11,3.400123e-04,0.000000e+00,3.425826e-04,3.401415e-04,0.000000e+00,1.394402e-08,-5.617168e-12,2.411301e-10,0.000000e+00,0.000000e+00,0.000000e+00,1.394402e-08,0.0000,99.7686,0.2314,1.464950e+02
111700,4.100369e-06,2.638871e+01,1.566339e-11,3.439736e-04,0.000000e+00,3.441551e-04,3.408039e-04,0.000000e+00,1.400051e-08,-4.002262e-12,2.417792e-10,0.000000e+00,0.000000e+00,0.000000e+00,1.400051e-08,0.0000,99.7689,0.2311,1.463481e+02
111800,4.104040e-06,2.637919e+01,1.565774e-11,3.407078e-04,0.000000e+00,3.405263e-04,3.422465e-04,0.000000e+00,1.386014e-08,-9.865051e-12,2.320010e-10,0.000000e+00,0.000000e+00,0.000000e+00,1.386014e-08,0.0000,99.7691,0.2309,1.464916e+02
111900,4.107711e-06,2.638188e+01,1.565933e-11,3.411009e-04,0.000000e+00,3.432176e-04,3.406662e-04,0.000000e+00,1.397513e-08,2.157100e-13,2.460739e-10,0.000000e+00,0.000000e+00,0.000000e+00,1.397513e-08,0.0000,99.7698,0.2302,1.466146e+02
112000,4.111382e-06,2.639684e+01,1.566821e-11,3.429152e-04,0.000000e+00,3.420383e-04,3.404961e-04,0.000000e+00,1.392635e-08,-2.193128e-12,2.490547e-10,0.000000e+00,0.000000e+00,0.000000e+00,1.392635e-08,0.0000,99.7698,0.2302,1.465911e+02
112100,4.115053e-06,2.640809e+01,1.567489e-11,3.419476e-04,0.000000e+00,3.417964e-04,3.401284e-04,0.000000e+00,1.391485e-08,-8.024725e-12,2.325442e-10,0.000000e+00,0.000000e+00,0.000000e+00,1.391485e-08,0.0000,99.7700,0.2300,1.465576e+02
112200,4.118724e-06,2.637752e+01,1.565675e-11,3.379560e-04,0.000000e+00,3.425826e-04,3.428992e-04,0.000000e+00,1.394765e-08,-2.745345e-12,2.471275e-10,0.000000e+00,0.000000e+00,0.000000e+00,1.394765e-08,0.0000,99.7715,0.2285,1.465595e+02
112300,4.122395e-06,2.641100e+01,1.567662e-11,3.455158e-04,0.000000e+00,3.419778e-04,3.401016e-04,0.000000e+00,1.391829e-08,-3.317227e-12,2.361704e-10,0.000000e+00,0.000000e+00,0.000000e+00,1.391829e-08,0.0000,99.7707,0.2293,1.464839e+02
112400,4.126065e-06,2.640739e+01,1.567448e-11,3.409194e-04,0.000000e+00,3.409799e-04,3.415038e-04,0.000000e+00,1.388168e-08,2.630700e-12,2.273810e-10,0.000000e+00,0.000000e+00,0.000000e+00,1.388168e-08,0.0000,99.7709,0.2291,1.465652e+02
112500,4.129736e-06,2.642571e+01,1.568535e-11,3.434898e-04,0.000000e+00,3.394075e-04,3.405273e-04,0.000000e+00,1.383131e-08,-2.989173e-12,2.468083e-10,0.000000e+00,0.000000e+00,0.000000e+00,1.383131e-08,0.0000,99.7700,0.2300,1.468435e+02
112600,4.133407e-06,2.643008e+01,1.568795e-11,3.405868e-04,0.000000e+00,3.439736e-04,3.398800e-04,0.000000e+00,1.400540e-08,2.940695e-12,2.342675e-10,0.000000e+00,0.000000e+00,0.000000e+00,1.400540e-08,0.0000,99.7712,0.2288,1.465932e+02
112700,4.137078e-06,2.642823e+01,1.568684e-11,3.399518e-04,0.000000e+00,3.424012e-04,3.402519e-04,0.000000e+00,1.394708e-08,-1.841933e-12,2.429846e-10,0.000000e+00,0.000000e+00,0.000000e+00,1.394708e-08,0.0000,99.7720,0.2280,1.467162e+02
112800,4.140749e-06,2.644545e+01,1.569707e-11,3.434596e-04,0.000000e+00,3.424314e-04,3.406745e-04,0.000000e+00,1.394277e-08,-4.758521e-12,2.400817e-10,0.000000e+00,0.000000e+00,0.000000e+00,1.394277e-08,0.0000,99.7720,0.2280,1.465912e+02
112900,4.144420e-06,2.645765e+01,1.570431e-11,3.443063e-04,0.000000e+00,3.402542e-04,3.423332e-04,0.000000e+00,1.385586e-08,-2.462536e-12,2.342617e-10,0.000000e+00,0.000000e+00,0.000000e+00,1.385586e-08,0.0000,99.7711,0.2289,1.466363e+02
113000,4.148091e-06,2.646445e+01,1.570835e-11,3.441248e-04,0.000000e+00,3.414940e-04,3.430253e-04,0.000000e+00,1.390854e-08,-1.667531e-12,2.523413e-10,0.000000e+00,0.000000e+00,0.000000e+00,1.390854e-08,0.0000,99.7706,0.2294,1.466791e+02
113100,4.151762e-06,2.647248e+01,1.571311e-11,3.419173e-04,0.000000e+00,3.438829e-04,3.406188e-04,0.000000e+00,1.399856e-08,-2.236643e-12,2.520803e-10,0.000000e+00,0.000000e+00,0.000000e+00,1.399856e-08,0.0000,99.7713,0.2287,1.465339e+02
113200,4.155432e-06,2.646525e+01,1.570882e-11,3.410102e-04,0.000000e+00,3.424616e-04,3.421795e-04,0.000000e+00,1.394109e-08,2.207678e-14,2.546989e-10,0.000000e+00,0.000000e+00,0.000000e+00,1.394109e-08,0.0000,99.7719,0.2281,1.465450e+02
113300,4.159103e-06,2.647009e+01,1.571169e-11,3.407078e-04,0.000000e+00,3.452739e-04,3.399252e-04,0.000000e+00,1.404922e-08,-2.799154e-12,2.291898e-10,0.000000e+00,0.000000e+00,0.000000e+00,1.404922e-08,0.0000,99.7734,0.2266,1.464099e+02
113400,4.162774e-06,2.647946e+01,1.571725e-11,3.432176e-04,0.000000e+00,3.422197e-04,3.417034e-04,0.000000e+00,1.393356e-08,-1.037381e-11,2.710962e-10,0.000000e+00,0.000000e+00,0.000000e+00,1.393356e-08,0.0000,99.7733,0.2267,1.465894e+02
113500,4.166445e-06,2.647587e+01,1.571512e-11,3.409497e-04,0.000000e+00,3.376838e-04,3.415298e-04,0.000000e+00,1.374416e-08,-4.366386e-12,2.437953e-10,0.000000e+00,0.000000e+00,0.000000e+00,1.374416e-08,0.0000,99.7726,0.2274,1.464813e+02
113600,4.170116e-06,2.647721e+01,1.571592e-11,3.419778e-04,0.000000e+00,3.434898e-04,3.417606e-04,0.000000e+00,1.398892e-08,2.968509e-12,2.479266e-10,0.000000e+00,0.000000e+00,0.000000e+00,1.398892e-08,0.0000,99.7733,0.2267,1.466623e+02
113700,4.173787e-06,2.647182e+01,1.571272e-11,3.393772e-04,0.000000e+00,3.404658e-04,3.402496e-04,0.000000e+00,1.385467e-08,-1.140681e-11,2.255624e-10,0.000000e+00,0.000000e+00,0.000000e+00,1.385467e-08,0.0000,99.7737,0.2263,1.464326e+02
113800,4.177458e-06,2.646800e+01,1.571045e-11,3.416149e-04,0.000000e+00,3.433688e-04,3.422323e-04,0.000000e+00,1.398358e-08,-2.588639e-12,2.500239e-10,0.000000e+00,0.000000e+00,0.000000e+00,1.398358e-08,0.0000,99.7744,0.2256,1.466508e+02
113900,4.181129e-06,2.646987e+01,1.571156e-11,3.431572e-04,0.000000e+00,3.390446e-04,3.428549e-04,0.000000e+00,1.379934e-08,6.399329e-12,2.389880e-10,0.000000e+00,0.000000e+00,0.000000e+00,1.379934e-08,0.0000,99.7735,0.2265,1.464781e+02
114000,4.184799e-06,2.647777e+01,1.571625e-11,3.420685e-04,0.000000e+00,3.415242e-04,3.407906e-04,0.000000e+00,1.390917e-08,1.509806e-12,2.568433e-10,0.000000e+00,0.000000e+00,0.000000e+00,1.390917e-08,0.0000,99.7736,0.2264,1.466753e+02
114100,4.188470e-06,2.646421e+01,1.570821e-11,3.396191e-04,0.000000e+00,3.424314e-04,3.418112e-04,0.000000e+00,1.393408e-08,-1.074617e-12,2.322053e-10,0.000000e+00,0.000000e+00,0.000000e+00,1.393408e-08,0.0000,99.7745,0.2255,1.464187e+02
114200,4.192141e-06,2.645289e+01,1.570148e-11,3.417359e-04,0.000000e+00,3.421593e-04,3.435669e-04,0.000000e+00,1.392978e-08,-2.568054e-12,2.383834e-10,0.000000e+00,0.000000e+00,0.000000e+00,1.392978e-08,0.0000,99.7749,0.2251,1.465734e+02
114300,4.195812e-06,2.642883e+01,1.568720e-11,3.392563e-04,0.000000e+00,3.392260e-04,3.431473e-04,0.000000e+00,1.380544e-08,2.499973e-12,2.315809e-10,0.000000e+00,0.000000e+00,0.000000e+00,1.380544e-08,0.0000,99.7751,0.2249,1.464561e+02
114400,4.199483e-06,2.642719e+01,1.568623e-11,3.425524e-04,0.000000e+00,3.423709e-04,3.428176e-04,0.000000e+00,1.392915e-08,-2.657413e-12,2.524778e-10,0.000000e+00,0.000000e+00,0.000000e+00,1.392915e-08,0.0000,99.7752,0.2248,1.463723e+02
114500,4.203154e-06,2.643794e+01,1.569261e-11,3.423105e-04,0.000000e+00,3.414637e-04,3.405723e-04,0.000000e+00,1.390511e-08,-8.804901e-12,2.695741e-10,0.000000e+00,0.000000e+00,0.000000e+00,1.390511e-08,0.0000,99.7752,0.2248,1.466361e+02
114600,4.206825e-06,2.643512e+01,1.569094e-11,3.407380e-04,0.000000e+00,3.396191e-04,3.411934e-04,0.000000e+00,1.382375e-08,-2.164557e-12,2.166817e-10,0.000000e+00,0.000000e+00,0.000000e+00,1.382375e-08,0.0000,99.7751,0.2249,1.465055e+02
114700,4.210496e-06,2.642903e+01,1.568732e-11,3.411311e-04,0.000000e+00,3.419476e-04,3.421156e-04,0.000000e+00,1.392415e-08,5.977316e-13,2.253011e-10,0.000000e+00,0.000000e+00,0.000000e+00,1.392415e-08,0.0000,99.7755,0.2245,1.466263e+02
114800,4.214166e-06,2.641887e+01,1.568129e-11,3.415847e-04,0.000000e+00,3.427943e-04,3.432269e-04,0.000000e+00,1.395236e-08,-9.013966e-12,2.427860e-10,0.000000e+00,0.000000e+00,0.000000e+00,1.395236e-08,0.0000,99.7760,0.2240,1.464920e+02
114900,4.217837e-06,2.642082e+01,1.568245e-11,3.402239e-04,0.000000e+00,3.420685e-04,3.399098e-04,0.000000e+00,1.393373e-08,2.326940e-12,2.410787e-10,0.000000e+00,0.000000e+00,0.000000e+00,1.393373e-08,0.0000,99.7767,0.2233,1.467176e+02
115000,4.221508e-06,2.645111e+01,1.570042e-11,3.454251e-04,0.000000e+00,3.419476e-04,3.405275e-04,0.000000e+00,1.391341e-08,2.753819e-12,2.392693e-10,0.000000e+00,0.000000e+00,0.000000e+00,1.391341e-08,0.0000,99.7760,0.2240,1.463984e+02
115100,4.225179e-06,2.645623e+01,1.570347e-11,3.417359e-04,0.000000e+00,3.391353e-04,3.409071e-04,0.000000e+00,1.381107e-08,2.751206e-13,2.320071e-10,0.000000e+00,0.000000e+00,0.000000e+00,1.381107e-08,0.0000,99.7755,0.2245,1.466493e+02
115200,4.228850e-06,2.647239e+01,1.571306e-11,3.435503e-04,0.000000e+00,3.424616e-04,3.409379e-04,0.000000e+00,1.394571e-08,-6.085134e-12,2.439811e-10,0.000000e+00,0.000000e+00,0.000000e+00,1.394571e-08,0.0000,99.7754,0.2246,1.466349e+02
115300,4.232521e-06,2.647521e+01,1.571473e-11,3.412823e-04,0.000000e+00,3.439434e-04,3.408252e-04,0.000000e+00,1.399241e-08,-3.712466e-12,2.386805e-10,0.000000e+00,0.000000e+00,0.000000e+00,1.399241e-08,0.0000,99.7763,0.2237,1.463588e+02
115400,4.236192e-06,2.648407e+01,1.571999e-11,3.415242e-04,0.000000e+00,3.424919e-04,3.400929e-04,0.000000e+00,1.394764e-08,-4.342395e-12,2.534606e-10,0.000000e+00,0.000000e+00,0.000000e+00,1.394764e-08,0.0000,99.7768,0.2232,1.466568e+02
115500,4.239863e-06,2.649575e+01,1.572692e-11,3.428548e-04,0.000000e+00,3.446086e-04,3.409661e-04,0.000000e+00,1.402751e-08,-1.360220e-12,2.602695e-10,0.000000e+00,0.000000e+00,0.000000e+00,1.402751e-08,0.0000,99.7775,0.2225,1.465152e+02
115600,4.243533e-06,2.650734e+01,1.573380e-11,3.420685e-04,0.000000e+00,3.391958e-04,3.401938e-04,0.000000e+00,1.380410e-08,-2.577875e-12,2.303163e-10,0.000000e+00,0.000000e+00,0.000000e+00,1.380410e-08,0.0000,99.7769,0.2231,1.464420e+02
115700,4.247204e-06,2.652568e+01,1.574469e-11,3.438527e-04,0.000000e+00,3.434898e-04,3.408866e-04,0.000000e+00,1.398207e-08,-4.909317e-12,2.624427e-10,0.000000e+00,0.000000e+00,0.000000e+00,1.398207e-08,0.0000,99.7770,0.2230,1.465283e+02
115800,4.250875e-06,2.653170e+01,1.574826e-11,3.424012e-04,0.000000e+00,3.416149e-04,3.414285e-04,0.000000e+00,1.390989e-08,-1.801989e-12,2.308850e-10,0.000000e+00,0.000000e+00,0.000000e+00,1.390989e-08,0.0000,99.7770,0.2230,1.466049e+02
115900,4.254546e-06,2.655486e+01,1.576201e-11,3.440946e-04,0.000000e+00,3.422500e-04,3.403498e-04,0.000000e+00,1.392917e-08,-5.049777e-12,2.646989e-10,0.000000e+00,0.000000e+00,0.000000e+00,1.392917e-08,0.0000,99.7767,0.2233,1.464669e+02
116000,4.258217e-06,2.658366e+01,1.577910e-11,3.450018e-04,0.000000e+00,3.443970e-04,3.403452e-04,0.000000e+00,1.401428e-08,-6.900313e-12,2.310001e-10,0.000000e+00,0.000000e+00,0.000000e+00,1.401428e-08,0.0000,99.7768,0.2232,1.464214e+02
116100,4.261888e-06,2.658518e+01,1.578001e-11,3.434596e-04,0.000000e+00,3.406473e-04,3.432131e-04,0.000000e+00,1.386768e-08,-8.122094e-13,2.462689e-10,0.000000e+00,0.000000e+00,0.000000e+00,1.386768e-08,0.0000,99.7762,0.2238,1.465504e+02
116200,4.265559e-06,2.661444e+01,1.579738e-11,3.446691e-04,0.000000e+00,3.456368e-04,3.399377e-04,0.000000e+00,1.406436e-08,5.062953e-12,2.480432e-10,0.000000e+00,0.000000e+00,0.000000e+00,1.406436e-08,0.0000,99.7767,0.2233,1.464187e+02
116300,4.269230e-06,2.661113e+01,1.579541e-11,3.428548e-04,0.000000e+00,3.451530e-04,3.433904e-04,0.000000e+00,1.404428e-08,-7.370407e-12,2.385796e-10,0.000000e+00,0.000000e+00,0.000000e+00,1.404428e-08,0.0000,99.7775,0.2225,1.464014e+02
116400,4.272900e-06,2.661525e+01,1.579785e-11,3.432479e-04,0.000000e+00,3.454856e-04,3.425825e-04,0.000000e+00,1.405639e-08,-8.139436e-12,2.375853e-10,0.000000e+00,0.000000e+00,0.000000e+00,1.405639e-08,0.0000,99.7783,0.2217,1.463778e+02
116500,4.276571e-06,2.660631e+01,1.579255e-11,3.411009e-04,0.000000e+00,3.411916e-04,3.425461e-04,0.000000e+00,1.388683e-08,-2.690934e-12,2.406825e-10,0.000000e+00,0.000000e+00,0.000000e+00,1.388683e-08,0.0000,99.7785,0.2215,1.464869e+02
116600,4.280242e-06,2.660456e+01,1.579151e-11,3.418871e-04,0.000000e+00,3.435805e-04,3.421694e-04,0.000000e+00,1.398078e-08,-3.450822e-12,2.534379e-10,0.000000e+00,0.000000e+00,0.000000e+00,1.398078e-08,0.0000,99.7791,0.2209,1.464234e+02
116700,4.283913e-06,2.658196e+01,1.577810e-11,3.385910e-04,0.000000e+00,3.427640e-04,3.422448e-04,0.000000e+00,1.394089e-08,-2.723300e-12,2.573095e-10,0.000000e+00,0.000000e+00,0.000000e+00,1.394089e-08,0.0000,99.7804,0.2196,1.462755e+02
116800,4.287584e-06,2.656481e+01,1.576791e-11,3.406170e-04,0.000000e+00,3.408590e-04,3.433910e-04,0.000000e+00,1.388088e-08,-2.629054e-12,2.371682e-10,0.000000e+00,0.000000e+00,0.000000e+00,1.388088e-08,0.0000,99.7807,0.2193,1.466458e+02
116900,4.291255e-06,2.657167e+01,1.577199e-11,3.431874e-04,0.000000e+00,3.403449e-04,3.420773e-04,0.000000e+00,1.384246e-08,-4.268107e-12,2.681345e-10,0.000000e+00,0.000000e+00,0.000000e+00,1.384246e-08,0.0000,99.7801,0.2199,1.462781e+02
117000,4.294926e-06,2.655192e+01,1.576027e-11,3.411009e-04,0.000000e+00,3.387120e-04,3.442946e-04,0.000000e+00,1.378787e-08,-3.760520e-12,2.475874e-10,0.000000e+00,0.000000e+00,0.000000e+00,1.378787e-08,0.0000,99.7797,0.2203,1.465294e+02
117100,4.298597e-06,2.652657e+01,1.574522e-11,3.389841e-04,0.000000e+00,3.419778e-04,3.430833e-04,0.000000e+00,1.392209e-08,-9.044350e-12,2.251271e-10,0.000000e+00,0.000000e+00,0.000000e+00,1.392209e-08,0.0000,99.7807,0.2193,1.465523e+02
117200,4.302267e-06,2.652377e+01,1.574355e-11,3.439131e-04,0.000000e+00,3.432479e-04,3.443664e-04,0.000000e+00,1.396861e-08,-1.678223e-12,2.558775e-10,0.000000e+00,0.000000e+00,0.000000e+00,1.396861e-08,0.0000,99.7807,0.2193,1.464501e+02
117300,4.305938e-06,2.653282e+01,1.574893e-11,3.445784e-04,0.000000e+00,3.393167e-04,3.431152e-04,0.000000e+00,1.381261e-08,-3.526947e-12,2.249414e-10,0.000000e+00,0.000000e+00,0.000000e+00,1.381261e-08,0.0000,99.7795,0.2205,1.465267e+02
117400,4.309609e-06,2.653039e+01,1.574748e-11,3.423709e-04,0.000000e+00,3.424012e-04,3.427634e-04,0.000000e+00,1.394505e-08,-2.834642e-12,2.491921e-10,0.000000e+00,0.000000e+00,0.000000e+00,1.394505e-08,0.0000,99.7797,0.2203,1.466781e+02
117500,4.313280e-06,2.651766e+01,1.573993e-11,3.394982e-04,0.000000e+00,3.443970e-04,3.415568e-04,0.000000e+00,1.402304e-08,7.257153e-13,2.475598e-10,0.000000e+00,0.000000e+00,0.000000e+00,1.402304e-08,0.0000,99.7812,0.2188,1.466049e+02
117600,4.316951e-06,2.650666e+01,1.573340e-11,3.422197e-04,0.000000e+00,3.426431e-04,3.439984e-04,0.000000e+00,1.394048e-08,3.725708e-12,2.525619e-10,0.000000e+00,0.000000e+00,0.000000e+00,1.394048e-08,0.0000,99.7815,0.2185,1.463694e+02
117700,4.320622e-06,2.651380e+01,1.573764e-11,3.424012e-04,0.000000e+00,3.416149e-04,3.412457e-04,0.000000e+00,1.390058e-08,-2.197240e-12,2.318513e-10,0.000000e+00,0.000000e+00,0.000000e+00,1.390058e-08,0.0000,99.7815,0.2185,1.464088e+02
117800,4.324293e-06,2.652678e+01,1.574535e-11,3.429152e-04,0.000000e+00,3.403449e-04,3.408164e-04,0.000000e+00,1.386208e-08,1.417166e-12,2.208992e-10,0.000000e+00,0.000000e+00,0.000000e+00,1.386208e-08,0.0000,99.7810,0.2190,1.466927e+02
117900,4.327964e-06,2.650160e+01,1.573040e-11,3.391051e-04,0.000000e+00,3.436712e-04,3.431769e-04,0.000000e+00,1.398681e-08,2.777148e-12,2.513770e-10,0.000000e+00,0.000000e+00,0.000000e+00,1.398681e-08,0.0000,99.7824,0.2176,1.464657e+02
118000,4.331634e-06,2.650867e+01,1.573459e-11,3.431572e-04,0.000000e+00,3.419476e-04,3.420141e-04,0.000000e+00,1.392733e-08,-4.660467e-12,2.558612e-10,0.000000e+00,0.000000e+00,0.000000e+00,1.392733e-08,0.0000,99.7823,0.2177,1.466923e+02
118100,4.335305e-06,2.652935e+01,1.574687e-11,3.443365e-04,0.000000e+00,3.404961e-04,3.409931e-04,0.000000e+00,1.385958e-08,4.407706e-13,2.424483e-10,0.000000e+00,0.000000e+00,0.000000e+00,1.385958e-08,0.0000,99.7815,0.2185,1.465179e+02
118200,4.338976e-06,2.651495e+01,1.573832e-11,3.398006e-04,0.000000e+00,3.418871e-04,3.421288e-04,0.000000e+00,1.391743e-08,-1.406198e-12,2.380124e-10,0.000000e+00,0.000000e+00,0.000000e+00,1.391743e-08,0.0000,99.7822,0.2178,1.465379e+02
118300,4.342647e-06,2.653106e+01,1.574788e-11,3.443365e-04,0.000000e+00,3.442155e-04,3.417313e-04,0.000000e+00,1.400667e-08,-1.811668e-12,2.443594e-10,0.000000e+00,0.000000e+00,0.000000e+00,1.400667e-08,0.0000,99.7823,0.2177,1.464257e+02
118400,4.346318e-06,2.654775e+01,1.575779e-11,3.433991e-04,0.000000e+00,3.403751e-04,3.407003e-04,0.000000e+00,1.384686e-08,-4.350700e-12,2.440514e-10,0.000000e+00,0.000000e+00,0.000000e+00,1.384686e-08,0.0000,99.7818,0.2182,1.463444e+02
118500,4.349989e-06,2.657047e+01,1.577128e-11,3.444272e-04,0.000000e+00,3.434293e-04,3.407532e-04,0.000000e+00,1.397805e-08,-4.590862e-12,2.484463e-10,0.000000e+00,0.000000e+00,0.000000e+00,1.397805e-08,0.0000,99.7817,0.2183,1.464881e+02
118600,4.353660e-06,2.659294e+01,1.578461e-11,3.436107e-04,0.000000e+00,3.438527e-04,3.399781e-04,0.000000e+00,1.400633e-08,1.078009e-12,2.567296e-10,0.000000e+00,0.000000e+00,0.000000e+00,1.400633e-08,0.0000,99.7820,0.2180,1.467162e+02
118700,4.357331e-06,2.660861e+01,1.579391e-11,3.434293e-04,0.000000e+00,3.439434e-04,3.408960e-04,0.000000e+00,1.399641e-08,-9.746960e-12,2.518259e-10,0.000000e+00,0.000000e+00,0.000000e+00,1.399641e-08,0.0000,99.7823,0.2177,1.464335e+02
118800,4.361002e-06,2.660963e+01,1.579452e-11,3.395284e-04,0.000000e+00,3.442458e-04,3.393638e-04,0.000000e+00,1.401491e-08,2.151329e-12,2.283754e-10,0.000000e+00,0.000000e+00,0.000000e+00,1.401491e-08,0.0000,99.7837,0.2163,1.465796e+02
118900,4.364672e-06,2.660914e+01,1.579423e-11,3.393167e-04,0.000000e+00,3.407078e-04,3.393952e-04,0.000000e+00,1.386385e-08,-5.713029e-12,2.495586e-10,0.000000e+00,0.000000e+00,0.000000e+00,1.386385e-08,0.0000,99.7842,0.2158,1.464151e+02
119000,4.368343e-06,2.662036e+01,1.580089e-11,3.452134e-04,0.000000e+00,3.444272e-04,3.433999e-04,0.000000e+00,1.401390e-08,3.627075e-12,2.406614e-10,0.000000e+00,0.000000e+00,0.000000e+00,1.401390e-08,0.0000,99.7842,0.2158,1.463907e+02
119100,4.372014e-06,2.663722e+01,1.581090e-11,3.431874e-04,0.000000e+00,3.384096e-04,3.404604e-04,0.000000e+00,1.376511e-08,1.365518e-12,2.582134e-10,0.000000e+00,0.000000e+00,0.000000e+00,1.376511e-08,0.0000,99.7832,0.2168,1.463015e+02
119200,4.375685e-06,2.664942e+01,1.581814e-11,3.430362e-04,0.000000e+00,3.412823e-04,3.410639e-04,0.000000e+00,1.389331e-08,1.303761e-12,2.317567e-10,0.000000e+00,0.000000e+00,0.000000e+00,1.389331e-08,0.0000,99.7829,0.2171,1.465533e+02
119300,4.379356e-06,2.663599e+01,1.581017e-11,3.411614e-04,0.000000e+00,3.443365e-04,3.433321e-04,0.000000e+00,1.400338e-08,-7.077350e-12,2.580023e-10,0.000000e+00,0.000000e+00,0.000000e+00,1.400338e-08,0.0000,99.7839,0.2161,1.462614e+02
119400,4.383027e-06,2.664627e+01,1.581627e-11,3.428850e-04,0.000000e+00,3.433688e-04,3.412235e-04,0.000000e+00,1.396267e-08,-3.942861e-12,2.539807e-10,0.000000e+00,0.000000e+00,0.000000e+00,1.396267e-08,0.0000,99.7842,0.2158,1.462124e+02
119500,4.386698e-06,2.665181e+01,1.581955e-11,3.427943e-04,0.000000e+00,3.431269e-04,3.418989e-04,0.000000e+00,1.395450e-08,2.437987e-12,2.282077e-10,0.000000e+00,0.000000e+00,0.000000e+00,1.395450e-08,0.0000,99.7845,0.2155,1.462573e+02
119600,4.390369e-06,2.664899e+01,1.581788e-11,3.410706e-04,0.000000e+00,3.408892e-04,3.415258e-04,0.000000e+00,1.386100e-08,2.785803e-13,2.523408e-10,0.000000e+00,0.000000e+00,0.000000e+00,1.386100e-08,0.0000,99.7846,0.2154,1.461971e+02
119700,4.394039e-06,2.664701e+01,1.581671e-11,3.445784e-04,0.000000e+00,3.406775e-04,3.448987e-04,0.000000e+00,1.385879e-08,-3.428406e-12,2.495765e-10,0.000000e+00,0.000000e+00,0.000000e+00,1.385879e-08,0.0000,99.7838,0.2162,1.463366e+02
119800,4.397710e-06,2.665956e+01,1.582416e-11,3.427338e-04,0.000000e+00,3.432479e-04,3.407043e-04,0.000000e+00,1.395730e-08,-8.567769e-12,2.467254e-10,0.000000e+00,0.000000e+00,0.000000e+00,1.395730e-08,0.0000,99.7841,0.2159,1.462095e+02
119900,4.401381e-06,2.665496e+01,1.582142e-11,3.433688e-04,0.000000e+00,3.435805e-04,3.441132e-04,0.000000e+00,1.397307e-08,-7.191151e-12,2.519128e-10,0.000000e+00,0.000000e+00,0.000000e+00,1.397307e-08,0.0000,99.7844,0.2156,1.462518e+02
120000,4.405052e-06,2.663361e+01,1.580875e-11,3.409799e-04,0.000000e+00,3.445179e-04,3.444327e-04,0.000000e+00,1.401947e-08,-3.550910e-12,2.349119e-10,0.000000e+00,0.000000e+00,0.000000e+00,1.401947e-08,0.0000,99.7855,0.2145,1.464287e+02
120100,4.408723e-06,2.663755e+01,1.581109e-11,3.434898e-04,0.000000e+00,3.434596e-04,3.428523e-04,0.000000e+00,1.397045e-08,2.580293e-12,2.463453e-10,0.000000e+00,0.000000e+00,0.000000e+00,1.397045e-08,0.0000,99.7856,0.2144,1.463147e+02
120200,4.412394e-06,2.663340e+01,1.580863e-11,3.427943e-04,0.000000e+00,3.426733e-04,3.434652e-04,0.000000e+00,1.393447e-08,-4.046017e-12,2.594498e-10,0.000000e+00,0.000000e+00,0.000000e+00,1.393447e-08,0.0000,99.7858,0.2142,1.462144e+02
120300,4.416065e-06,2.663737e+01,1.581098e-11,3.431269e-04,0.000000e+00,3.416754e-04,3.424852e-04,0.000000e+00,1.390581e-08,-1.155504e-12,2.597802e-10,0.000000e+00,0.000000e+00,0.000000e+00,1.390581e-08,0.0000,99.7856,0.2144,1.464692e+02
120400,4.419736e-06,2.663064e+01,1.580699e-11,3.424919e-04,0.000000e+00,3.424012e-04,3.435800e-04,0.000000e+00,1.393133e-08,9.300362e-13,2.326733e-10,0.000000e+00,0.000000e+00,0.000000e+00,1.393133e-08,0.0000,99.7858,0.2142,1.463911e+02
120500,4.423406e-06,2.659136e+01,1.578367e-11,3.388632e-04,0.000000e+00,3.416452e-04,3.452149e-04,0.000000e+00,1.390910e-08,2.445574e-12,2.547919e-10,0.000000e+00,0.000000e+00,0.000000e+00,1.390910e-08,0.0000,99.7867,0.2133,1.465671e+02
120600,4.427077e-06,2.658611e+01,1.578056e-11,3.410102e-04,0.000000e+00,3.437317e-04,3.418581e-04,0.000000e+00,1.397731e-08,9.760493e-13,2.628705e-10,0.000000e+00,0.000000e+00,0.000000e+00,1.397731e-08,0.0000,99.7875,0.2125,1.462111e+02
120700,4.430748e-06,2.658702e+01,1.578110e-11,3.427640e-04,0.000000e+00,3.423105e-04,3.426171e-04,0.000000e+00,1.393381e-08,-6.838846e-12,2.478761e-10,0.000000e+00,0.000000e+00,0.000000e+00,1.393381e-08,0.0000,99.7876,0.2124,1.465178e+02
120800,4.434419e-06,2.658617e+01,1.578059e-11,3.433991e-04,0.000000e+00,3.388934e-04,3.435367e-04,0.000000e+00,1.379018e-08,-7.864921e-12,2.548350e-10,0.000000e+00,0.000000e+00,0.000000e+00,1.379018e-08,0.0000,99.7866,0.2134,1.464146e+02
120900,4.438090e-06,2.659249e+01,1.578435e-11,3.414033e-04,0.000000e+00,3.424314e-04,3.403806e-04,0.000000e+00,1.393924e-08,2.698965e-12,2.210749e-10,0.000000e+00,0.000000e+00,0.000000e+00,1.393924e-08,0.0000,99.7871,0.2129,1.465252e+02
121000,4.441761e-06,2.660174e+01,1.578983e-11,3.437922e-04,0.000000e+00,3.427640e-04,3.422978e-04,0.000000e+00,1.394045e-08,-4.013969e-12,2.206375e-10,0.000000e+00,0.000000e+00,0.000000e+00,1.394045e-08,0.0000,99.7870,0.2130,1.462671e+02
121100,4.445432e-06,2.659469e+01,1.578565e-11,3.411009e-04,0.000000e+00,3.412823e-04,3.422400e-04,0.000000e+00,1.388536e-08,-4.565843e-12,2.358935e-10,0.000000e+00,0.000000e+00,0.000000e+00,1.388536e-08,0.0000,99.7872,0.2128,1.463765e+02
121200,4.449103e-06,2.659352e+01,1.578495e-11,3.411311e-04,0.000000e+00,3.439434e-04,3.413210e-04,0.000000e+00,1.399136e-08,-7.560055e-12,2.829444e-10,0.000000e+00,0.000000e+00,0.000000e+00,1.399136e-08,0.0000,99.7881,0.2119,1.463289e+02
121300,4.452773e-06,2.660618e+01,1.579247e-11,3.430664e-04,0.000000e+00,3.423709e-04,3.410193e-04,0.000000e+00,1.393299e-08,-2.701902e-12,2.415702e-10,0.000000e+00,0.000000e+00,0.000000e+00,1.393299e-08,0.0000,99.7881,0.2119,1.464415e+02
121400,4.456444e-06,2.661481e+01,1.579759e-11,3.431572e-04,0.000000e+00,3.407985e-04,3.417610e-04,0.000000e+00,1.386313e-08,9.531425e-13,2.351638e-10,0.000000e+00,0.000000e+00,0.000000e+00,1.386313e-08,0.0000,99.7877,0.2123,1.463293e+02
121500,4.460115e-06,2.662240e+01,1.580210e-11,3.438224e-04,0.000000e+00,3.435200e-04,3.425949e-04,0.000000e+00,1.398441e-08,1.275110e-12,2.479915e-10,0.000000e+00,0.000000e+00,0.000000e+00,1.398441e-08,0.0000,99.7878,0.2122,1.465402e+02
121600,4.463786e-06,2.663327e+01,1.580855e-11,3.432781e-04,0.000000e+00,3.405868e-04,3.415213e-04,0.000000e+00,1.386003e-08,-1.927109e-12,2.495584e-10,0.000000e+00,0.000000e+00,0.000000e+00,1.386003e-08,0.0000,99.7873,0.2127,1.464395e+02
121700,4.467457e-06,2.661804e+01,1.579951e-11,3.394679e-04,0.000000e+00,3.439434e-04,3.419299e-04,0.000000e+00,1.399866e-08,-4.113409e-12,2.484721e-10,0.000000e+00,0.000000e+00,0.000000e+00,1.399866e-08,0.0000,99.7886,0.2114,1.464782e+02
121800,4.471128e-06,2.662050e+01,1.580097e-11,3.405566e-04,0.000000e+00,3.452739e-04,3.401591e-04,0.000000e+00,1.404057e-08,-1.642492e-12,2.371228e-10,0.000000e+00,0.000000e+00,0.000000e+00,1.404057e-08,0.0000,99.7900,0.2100,1.462368e+02
121900,4.474799e-06,2.662742e+01,1.580508e-11,3.419173e-04,0.000000e+00,3.408892e-04,3.407979e-04,0.000000e+00,1.386501e-08,-8.107076e-12,2.367618e-10,0.000000e+00,0.000000e+00,0.000000e+00,1.386501e-08,0.0000,99.7899,0.2101,1.462883e+02
122000,4.478470e-06,2.662875e+01,1.580587e-11,3.410706e-04,0.000000e+00,3.376536e-04,3.408561e-04,0.000000e+00,1.373439e-08,3.633181e-12,2.490143e-10,0.000000e+00,0.000000e+00,0.000000e+00,1.373439e-08,0.0000,99.7892,0.2108,1.462993e+02
122100,4.482140e-06,2.662535e+01,1.580385e-11,3.409497e-04,0.000000e+00,3.420988e-04,3.414989e-04,0.000000e+00,1.392405e-08,-4.284684e-12,2.500437e-10,0.000000e+00,0.000000e+00,0.000000e+00,1.392405e-08,0.0000,99.7897,0.2103,1.464941e+02
122200,4.485811e-06,2.664020e+01,1.581266e-11,3.431269e-04,0.000000e+00,3.429757e-04,3.407266e-04,0.000000e+00,1.396108e-08,5.147026e-12,2.639749e-10,0.000000e+00,0.000000e+00,0.000000e+00,1.396108e-08,0.0000,99.7898,0.2102,1.465346e+02
122300,4.489482e-06,2.662900e+01,1.580602e-11,3.409497e-04,0.000000e+00,3.400425e-04,3.427597e-04,0.000000e+00,1.383341e-08,-5.043092e-12,2.354961e-10,0.000000e+00,0.000000e+00,0.000000e+00,1.383341e-08,0.0000,99.7898,0.2102,1.463472e+02
122400,4.493153e-06,2.662237e+01,1.580208e-11,3.388329e-04,0.000000e+00,3.417964e-04,3.399054e-04,0.000000e+00,1.390456e-08,-4.008150e-12,2.375938e-10,0.000000e+00,0.000000e+00,0.000000e+00,1.390456e-08,0.0000,99.7907,0.2093,1.463334e+02
122500,4.496824e-06,2.661762e+01,1.579926e-11,3.411311e-04,0.000000e+00,3.425221e-04,3.418990e-04,0.000000e+00,1.394761e-08,-3.224832e-13,2.473677e-10,0.000000e+00,0.000000e+00,0.000000e+00,1.394761e-08,0.0000,99.7912,0.2088,1.466286e+02
122600,4.500495e-06,2.661382e+01,1.579700e-11,3.415847e-04,0.000000e+00,3.396796e-04,3.422004e-04,0.000000e+00,1.382531e-08,-2.009820e-12,2.598843e-10,0.000000e+00,0.000000e+00,0.000000e+00,1.382531e-08,0.0000,99.7909,0.2091,1.464855e+02
122700,4.504166e-06,2.662111e+01,1.580133e-11,3.420081e-04,0.000000e+00,3.384096e-04,3.408286e-04,0.000000e+00,1.377217e-08,-1.803879e-12,2.462884e-10,0.000000e+00,0.000000e+00,0.000000e+00,1.377217e-08,0.0000,99.7902,0.2098,1.464577e+02
122800,4.507837e-06,2.660832e+01,1.579374e-11,3.424919e-04,0.000000e+00,3.426128e-04,3.445609e-04,0.000000e+00,1.394073e-08,-6.681345e-12,2.332257e-10,0.000000e+00,0.000000e+00,0.000000e+00,1.394073e-08,0.0000,99.7904,0.2096,1.464047e+02
122900,4.511507e-06,2.659935e+01,1.578842e-11,3.404658e-04,0.000000e+00,3.430060e-04,3.419157e-04,0.000000e+00,1.396458e-08,-6.353426e-12,2.289254e-10,0.000000e+00,0.000000e+00,0.000000e+00,1.396458e-08,0.0000,99.7912,0.2088,1.465654e+02
123000,4.515178e-06,2.659289e+01,1.578458e-11,3.404054e-04,0.000000e+00,3.419778e-04,3.414498e-04,0.000000e+00,1.391622e-08,-5.426868e-12,2.526817e-10,0.000000e+00,0.000000e+00,0.000000e+00,1.391622e-08,0.0000,99.7918,0.2082,1.464312e+02
123100,4.518849e-06,2.659684e+01,1.578693e-11,3.419476e-04,0.000000e+00,3.413126e-04,3.413081e-04,0.000000e+00,1.389001e-08,-5.309929e-12,2.590413e-10,0.000000e+00,0.000000e+00,0.000000e+00,1.389001e-08,0.0000,99.7918,0.2082,1.464505e+02
123200,4.522520e-06,2.660587e+01,1.579229e-11,3.431269e-04,0.000000e+00,3.387422e-04,3.416671e-04,0.000000e+00,1.377834e-08,1.737823e-12,2.440572e-10,0.000000e+00,0.000000e+00,0.000000e+00,1.377834e-08,0.0000,99.7909,0.2091,1.463033e+02
123300,4.526191e-06,2.658989e+01,1.578280e-11,3.390748e-04,0.000000e+00,3.438224e-04,3.416583e-04,0.000000e+00,1.398267e-08,-1.855141e-12,2.377048e-10,0.000000e+00,0.000000e+00,0.000000e+00,1.398267e-08,0.0000,99.7922,0.2078,1.462553e+02
123400,4.529862e-06,2.660248e+01,1.579028e-11,3.415242e-04,0.000000e+00,3.398611e-04,3.394887e-04,0.000000e+00,1.382443e-08,-1.946226e-12,2.400092e-10,0.000000e+00,0.000000e+00,0.000000e+00,1.382443e-08,0.0000,99.7920,0.2080,1.463086e+02
123500,4.533533e-06,2.661197e+01,1.579591e-11,3.433084e-04,0.000000e+00,3.422197e-04,3.417737e-04,0.000000e+00,1.391976e-08,-8.666442e-12,2.425283e-10,0.000000e+00,0.000000e+00,0.000000e+00,1.391976e-08,0.0000,99.7919,0.2081,1.463005e+02
123600,4.537204e-06,2.661104e+01,1.579535e-11,3.424314e-04,0.000000e+00,3.409194e-04,3.425830e-04,0.000000e+00,1.388067e-08,-4.315664e-12,2.380992e-10,0.000000e+00,0.000000e+00,0.000000e+00,1.388067e-08,0.0000,99.7917,0.2083,1.465821e+02
123700,4.540874e-06,2.661915e+01,1.580017e-11,3.421895e-04,0.000000e+00,3.427338e-04,3.408771e-04,0.000000e+00,1.395212e-08,-8.285260e-12,2.461497e-10,0.000000e+00,0.000000e+00,0.000000e+00,1.395212e-08,0.0000,99.7920,0.2080,1.465375e+02
123800,4.544545e-06,2.661369e+01,1.579693e-11,3.413126e-04,0.000000e+00,3.424012e-04,3.421965e-04,0.000000e+00,1.393103e-08,1.940650e-12,2.513388e-10,0.000000e+00,0.000000e+00,0.000000e+00,1.393103e-08,0.0000,99.7925,0.2075,1.463696e+02
123900,4.548216e-06,2.663061e+01,1.580697e-11,3.420383e-04,0.000000e+00,3.429757e-04,3.393016e-04,0.000000e+00,1.395038e-08,-8.590866e-12,2.227702e-10,0.000000e+00,0.000000e+00,0.000000e+00,1.395038e-08,0.0000,99.7929,0.2071,1.463000e+02
124000,4.551887e-06,2.662614e+01,1.580432e-11,3.417964e-04,0.000000e+00,3.411916e-04,3.425193e-04,0.000000e+00,1.388481e-08,1.042282e-12,2.474678e-10,0.000000e+00,0.000000e+00,0.000000e+00,1.388481e-08,0.0000,99.7929,0.2071,1.464449e+02
124100,4.555558e-06,2.662601e+01,1.580424e-11,3.407682e-04,0.000000e+00,3.408590e-04,3.407888e-04,0.000000e+00,1.387283e-08,-2.821051e-12,2.510876e-10,0.000000e+00,0.000000e+00,0.000000e+00,1.387283e-08,0.0000,99.7931,0.2069,1.464782e+02
124200,4.559229e-06,2.663222e+01,1.580793e-11,3.426733e-04,0.000000e+00,3.435200e-04,3.416693e-04,0.000000e+00,1.397916e-08,5.726721e-12,2.424368e-10,0.000000e+00,0.000000e+00,0.000000e+00,1.397916e-08,0.0000,99.7935,0.2065,1.464261e+02
124300,4.562900e-06,2.662610e+01,1.580430e-11,3.406473e-04,0.000000e+00,3.393470e-04,3.416370e-04,0.000000e+00,1.381361e-08,-1.064878e-11,2.579097e-10,0.000000e+00,0.000000e+00,0.000000e+00,1.381361e-08,0.0000,99.7933,0.2067,1.465199e+02
124400,4.566571e-06,2.663727e+01,1.581092e-11,3.417964e-04,0.000000e+00,3.422802e-04,3.399908e-04,0.000000e+00,1.392435e-08,1.686131e-12,2.216032e-10,0.000000e+00,0.000000e+00,0.000000e+00,1.392435e-08,0.0000,99.7936,0.2064,1.463405e+02
124500,4.570241e-06,2.664865e+01,1.581768e-11,3.418569e-04,0.000000e+00,3.409799e-04,3.400161e-04,0.000000e+00,1.387247e-08,-2.956974e-13,2.494443e-10,0.000000e+00,0.000000e+00,0.000000e+00,1.387247e-08,0.0000,99.7936,0.2064,1.463645e+02
124600,4.573912e-06,2.665391e+01,1.582080e-11,3.418871e-04,0.000000e+00,3.433991e-04,3.410369e-04,0.000000e+00,1.397849e-08,-5.967093e-12,2.435835e-10,0.000000e+00,0.000000e+00,0.000000e+00,1.397849e-08,0.0000,99.7941,0.2059,1.465245e+02
124700,4.577583e-06,2.665760e+01,1.582299e-11,3.401332e-04,0.000000e+00,3.407682e-04,3.395369e-04,0.000000e+00,1.386663e-08,-4.177817e-12,2.568300e-10,0.000000e+00,0.000000e+00,0.000000e+00,1.386663e-08,0.0000,99.7944,0.2056,1.464249e+02
124800,4.581254e-06,2.664244e+01,1.581399e-11,3.384700e-04,0.000000e+00,3.431874e-04,3.409219e-04,0.000000e+00,1.397362e-08,-2.447734e-12,2.517806e-10,0.000000e+00,0.000000e+00,0.000000e+00,1.397362e-08,0.0000,99.7957,0.2043,1.466014e+02
124900,4.584925e-06,2.665153e+01,1.581939e-11,3.417661e-04,0.000000e+00,3.382886e-04,3.402962e-04,0.000000e+00,1.377412e-08,-1.266872e-12,2.227385e-10,0.000000e+00,0.000000e+00,0.000000e+00,1.377412e-08,0.0000,99.7951,0.2049,1.465871e+02
125000,4.588596e-06,2.665284e+01,1.582017e-11,3.423105e-04,0.000000e+00,3.403751e-04,3.420980e-04,0.000000e+00,1.384989e-08,-9.909632e-13,2.704040e-10,0.000000e+00,0.000000e+00,0.000000e+00,1.384989e-08,0.0000,99.7948,0.2052,1.464077e+02
125100,4.592267e-06,2.664597e+01,1.581609e-11,3.416754e-04,0.000000e+00,3.400727e-04,3.427855e-04,0.000000e+00,1.384011e-08,-8.707289e-12,2.490907e-10,0.000000e+00,0.000000e+00,0.000000e+00,1.384011e-08,0.0000,99.7946,0.2054,1.464601e+02
125200,4.595938e-06,2.664751e+01,1.581700e-11,3.416754e-04,0.000000e+00,3.416452e-04,3.414275e-04,0.000000e+00,1.389891e-08,-4.185742e-12,2.450949e-10,0.000000e+00,0.000000e+00,0.000000e+00,1.389891e-08,0.0000,99.7947,0.2053,1.463559e+02
125300,4.599608e-06,2.665684e+01,1.582254e-11,3.434293e-04,0.000000e+00,3.414033e-04,3.419202e-04,0.000000e+00,1.388214e-08,-1.055987e-12,2.383279e-10,0.000000e+00,0.000000e+00,0.000000e+00,1.388214e-08,0.0000,99.7944,0.2056,1.462108e+02
125400,4.603279e-06,2.666604e+01,1.582800e-11,3.424616e-04,0.000000e+00,3.442155e-04,3.409750e-04,0.000000e+00,1.400481e-08,-7.260301e-12,2.395541e-10,0.000000e+00,0.000000e+00,0.000000e+00,1.400481e-08,0.0000,99.7950,0.2050,1.463923e+02
125500,4.606950e-06,2.664798e+01,1.581728e-11,3.411311e-04,0.000000e+00,3.419778e-04,3.440507e-04,0.000000e+00,1.391938e-08,5.177298e-13,2.456643e-10,0.000000e+00,0.000000e+00,0.000000e+00,1.391938e-08,0.0000,99.7954,0.2046,1.465023e+02
125600,4.610621e-06,2.665329e+01,1.582044e-11,3.431269e-04,0.000000e+00,3.416754e-04,3.422674e-04,0.000000e+00,1.390031e-08,-8.793242e-13,2.322835e-10,0.000000e+00,0.000000e+00,0.000000e+00,1.390031e-08,0.0000,99.7952,0.2048,1.463528e+02
125700,4.614292e-06,2.667977e+01,1.583615e-11,3.444877e-04,0.000000e+00,3.417057e-04,3.402071e-04,0.000000e+00,1.389570e-08,-2.871534e-13,2.328057e-10,0.000000e+00,0.000000e+00,0.000000e+00,1.389570e-08,0.0000,99.7947,0.2053,1.462313e+02
125800,4.617963e-06,2.669362e+01,1.584437e-11,3.434596e-04,0.000000e+00,3.406170e-04,3.412192e-04,0.000000e+00,1.385622e-08,-9.683267e-12,2.524373e-10,0.000000e+00,0.000000e+00,0.000000e+00,1.385622e-08,0.0000,99.7942,0.2058,1.463377e+02
125900,4.621634e-06,2.669715e+01,1.584647e-11,3.414033e-04,0.000000e+00,3.460904e-04,3.408329e-04,0.000000e+00,1.407778e-08,3.243398e-12,2.523531e-10,0.000000e+00,0.000000e+00,0.000000e+00,1.407778e-08,0.0000,99.7955,0.2045,1.463111e+02
126000,4.625305e-06,2.669027e+01,1.584238e-11,3.412521e-04,0.000000e+00,3.435503e-04,3.423649e-04,0.000000e+00,1.397664e-08,2.532059e-12,2.457332e-10,0.000000e+00,0.000000e+00,0.000000e+00,1.397664e-08,0.0000,99.7962,0.2038,1.463616e+02
126100,4.628976e-06,2.668982e+01,1.584212e-11,3.424919e-04,0.000000e+00,3.428245e-04,3.425647e-04,0.000000e+00,1.394839e-08,-7.293844e-13,2.482925e-10,0.000000e+00,0.000000e+00,0.000000e+00,1.394839e-08,0.0000,99.7964,0.2036,1.463812e+02
126200,4.632646e-06,2.668907e+01,1.584167e-11,3.416754e-04,0.000000e+00,3.403449e-04,3.417959e-04,0.000000e+00,1.384225e-08,-6.047981e-15,2.406807e-10,0.000000e+00,0.000000e+00,0.000000e+00,1.384225e-08,0.0000,99.7963,0.2037,1.462663e+02
126300,4.636317e-06,2.668362e+01,1.583844e-11,3.415847e-04,0.000000e+00,3.427640e-04,3.424660e-04,0.000000e+00,1.394467e-08,3.406389e-12,2.396793e-10,0.000000e+00,0.000000e+00,0.000000e+00,1.394467e-08,0.0000,99.7967,0.2033,1.463497e+02
126400,4.639988e-06,2.667876e+01,1.583555e-11,3.410102e-04,0.000000e+00,3.407380e-04,3.417963e-04,0.000000e+00,1.386279e-08,3.605599e-12,2.307661e-10,0.000000e+00,0.000000e+00,0.000000e+00,1.386279e-08,0.0000,99.7968,0.2032,1.463691e+02
126500,4.643659e-06,2.668724e+01,1.584058e-11,3.421593e-04,0.000000e+00,3.433386e-04,3.407884e-04,0.000000e+00,1.398016e-08,3.699468e-13,2.436567e-10,0.000000e+00,0.000000e+00,0.000000e+00,1.398016e-08,0.0000,99.7973,0.2027,1.466168e+02
126600,4.647330e-06,2.668646e+01,1.584012e-11,3.410706e-04,0.000000e+00,3.406775e-04,3.411969e-04,0.000000e+00,1.386399e-08,6.469531e-12,2.491259e-10,0.000000e+00,0.000000e+00,0.000000e+00,1.386399e-08,0.0000,99.7973,0.2027,1.464463e+02
126700,4.651001e-06,2.669028e+01,1.584239e-11,3.415847e-04,0.000000e+00,3.403449e-04,3.409666e-04,0.000000e+00,1.384228e-08,-4.424513e-13,2.457973e-10,0.000000e+00,0.000000e+00,0.000000e+00,1.384228e-08,0.0000,99.7972,0.2028,1.462648e+02
126800,4.654672e-06,2.671230e+01,1.585546e-11,3.448808e-04,0.000000e+00,3.440946e-04,3.413210e-04,0.000000e+00,1.398451e-08,5.258098e-12,2.464040e-10,0.000000e+00,0.000000e+00,0.000000e+00,1.398451e-08,0.0000,99.7972,0.2028,1.460613e+02
126900,4.658343e-06,2.670078e+01,1.584862e-11,3.399215e-04,0.000000e+00,3.401332e-04,3.417839e-04,0.000000e+00,1.383834e-08,-7.126805e-12,2.418539e-10,0.000000e+00,0.000000e+00,0.000000e+00,1.383834e-08,0.0000,99.7974,0.2026,1.463811e+02
127000,4.662013e-06,2.669162e+01,1.584318e-11,3.407380e-04,0.000000e+00,3.428850e-04,3.422188e-04,0.000000e+00,1.395792e-08,-5.400515e-12,2.451106e-10,0.000000e+00,0.000000e+00,0.000000e+00,1.395792e-08,0.0000,99.7981,0.2019,1.465328e+02
127100,4.665684e-06,2.670142e+01,1.584900e-11,3.434293e-04,0.000000e+00,3.422802e-04,3.418452e-04,0.000000e+00,1.391918e-08,-4.628055e-13,2.492019e-10,0.000000e+00,0.000000e+00,0.000000e+00,1.391918e-08,0.0000,99.7980,0.2020,1.462335e+02
127200,4.669355e-06,2.669447e+01,1.584487e-11,3.400727e-04,0.000000e+00,3.399215e-04,3.411966e-04,0.000000e+00,1.382440e-08,-4.897080e-12,2.714585e-10,0.000000e+00,0.000000e+00,0.000000e+00,1.382440e-08,0.0000,99.7981,0.2019,1.462601e+02
127300,4.673026e-06,2.670371e+01,1.585036e-11,3.429757e-04,0.000000e+00,3.423105e-04,3.414807e-04,0.000000e+00,1.393166e-08,-4.080582e-12,2.327030e-10,0.000000e+00,0.000000e+00,0.000000e+00,1.393166e-08,0.0000,99.7981,0.2019,1.464661e+02
127400,4.676697e-06,2.667403e+01,1.583274e-11,3.389539e-04,0.000000e+00,3.419778e-04,3.437532e-04,0.000000e+00,1.390632e-08,-9.442571e-13,2.402274e-10,0.000000e+00,0.000000e+00,0.000000e+00,1.390632e-08,0.0000,99.7990,0.2010,1.462239e+02
127500,4.680368e-06,2.669750e+01,1.584668e-11,3.458182e-04,0.000000e+00,3.421593e-04,3.420225e-04,0.000000e+00,1.391898e-08,3.099966e-12,2.345644e-10,0.000000e+00,0.000000e+00,0.000000e+00,1.391898e-08,0.0000,99.7983,0.2017,1.463403e+02
127600,4.684039e-06,2.668872e+01,1.584147e-11,3.390446e-04,0.000000e+00,3.408287e-04,3.404643e-04,0.000000e+00,1.386437e-08,-5.200127e-12,2.434859e-10,0.000000e+00,0.000000e+00,0.000000e+00,1.386437e-08,0.0000,99.7989,0.2011,1.463183e+02
127700,4.687710e-06,2.668374e+01,1.583851e-11,3.424012e-04,0.000000e+00,3.426431e-04,3.432072e-04,0.000000e+00,1.394897e-08,-6.954496e-12,2.568594e-10,0.000000e+00,0.000000e+00,0.000000e+00,1.394897e-08,0.0000,99.7991,0.2009,1.465495e+02
127800,4.691380e-06,2.669489e+01,1.584513e-11,3.442155e-04,0.000000e+00,3.426128e-04,3.424127e-04,0.000000e+00,1.393593e-08,-1.152962e-12,2.414100e-10,0.000000e+00,0.000000e+00,0.000000e+00,1.393593e-08,0.0000,99.7989,0.2011,1.463023e+02
127900,4.695051e-06,2.668284e+01,1.583797e-11,3.407078e-04,0.000000e+00,3.396494e-04,3.426568e-04,0.000000e+00,1.382255e-08,3.764165e-12,2.329733e-10,0.000000e+00,0.000000e+00,0.000000e+00,1.382255e-08,0.0000,99.7988,0.2012,1.464451e+02
128000,4.698722e-06,2.669366e+01,1.584439e-11,3.409497e-04,0.000000e+00,3.440643e-04,3.391999e-04,0.000000e+00,1.399581e-08,-6.188562e-12,2.402634e-10,0.000000e+00,0.000000e+00,0.000000e+00,1.399581e-08,0.0000,99.7997,0.2003,1.463249e+02
128100,4.702393e-06,2.667585e+01,1.583382e-11,3.404961e-04,0.000000e+00,3.429455e-04,3.433758e-04,0.000000e+00,1.394288e-08,-5.473574e-12,2.539811e-10,0.000000e+00,0.000000e+00,0.000000e+00,1.394288e-08,0.0000,99.8004,0.1996,1.461650e+02
128200,4.706064e-06,2.666479e+01,1.582726e-11,3.416149e-04,0.000000e+00,3.399820e-04,3.434024e-04,0.000000e+00,1.382623e-08,-1.195279e-12,2.451135e-10,0.000000e+00,0.000000e+00,0.000000e+00,1.382623e-08,0.0000,99.8002,0.1998,1.462531e+02
128300,4.709735e-06,2.666392e+01,1.582675e-11,3.417661e-04,0.000000e+00,3.398611e-04,3.419067e-04,0.000000e+00,1.383220e-08,-5.255977e-12,2.658437e-10,0.000000e+00,0.000000e+00,0.000000e+00,1.383220e-08,0.0000,99.7999,0.2001,1.464766e+02
128400,4.713406e-06,2.666594e+01,1.582794e-11,3.411009e-04,0.000000e+00,3.404658e-04,3.407751e-04,0.000000e+00,1.384968e-08,-2.844443e-12,2.269119e-10,0.000000e+00,0.000000e+00,0.000000e+00,1.384968e-08,0.0000,99.7999,0.2001,1.463202e+02
128500,4.717077e-06,2.667721e+01,1.583463e-11,3.424919e-04,0.000000e+00,3.441248e-04,3.406697e-04,0.000000e+00,1.400131e-08,-1.129276e-11,2.448312e-10,0.000000e+00,0.000000e+00,0.000000e+00,1.400131e-08,0.0000,99.8005,0.1995,1.463819e+02
128600,4.720747e-06,2.668014e+01,1.583637e-11,3.424616e-04,0.000000e+00,3.403449e-04,3.419872e-04,0.000000e+00,1.384457e-08,-2.073455e-12,2.592589e-10,0.000000e+00,0.000000e+00,0.000000e+00,1.384457e-08,0.0000,99.8001,0.1999,1.463223e+02
128700,4.724418e-06,2.666451e+01,1.582709e-11,3.399820e-04,0.000000e+00,3.442155e-04,3.425103e-04,0.000000e+00,1.401055e-08,-2.116977e-12,2.509398e-10,0.000000e+00,0.000000e+00,0.000000e+00,1.401055e-08,0.0000,99.8013,0.1987,1.465053e+02
128800,4.728089e-06,2.669901e+01,1.584757e-11,3.456670e-04,0.000000e+00,3.400727e-04,3.400874e-04,0.000000e+00,1.383679e-08,-3.447863e-13,2.377122e-10,0.000000e+00,0.000000e+00,0.000000e+00,1.383679e-08,0.0000,99.8001,0.1999,1.463906e+02
128900,4.731760e-06,2.669945e+01,1.584784e-11,3.413126e-04,0.000000e+00,3.400425e-04,3.412410e-04,0.000000e+00,1.382846e-08,-5.483197e-12,2.614390e-10,0.000000e+00,0.000000e+00,0.000000e+00,1.382846e-08,0.0000,99.8000,0.2000,1.462310e+02
129000,4.735431e-06,2.670702e+01,1.585233e-11,3.409194e-04,0.000000e+00,3.453042e-04,3.396965e-04,0.000000e+00,1.405283e-08,-3.588068e-12,2.506940e-10,0.000000e+00,0.000000e+00,0.000000e+00,1.405283e-08,0.0000,99.8012,0.1988,1.464630e+02
129100,4.739102e-06,2.669538e+01,1.584542e-11,3.403449e-04,0.000000e+00,3.443063e-04,3.422263e-04,0.000000e+00,1.400128e-08,-3.333801e-12,2.506968e-10,0.000000e+00,0.000000e+00,0.000000e+00,1.400128e-08,0.0000,99.8023,0.1977,1.462340e+02
129200,4.742773e-06,2.671058e+01,1.585444e-11,3.424919e-04,0.000000e+00,3.397401e-04,3.400338e-04,0.000000e+00,1.382286e-08,1.295878e-12,2.527584e-10,0.000000e+00,0.000000e+00,0.000000e+00,1.382286e-08,0.0000,99.8018,0.1982,1.463799e+02
129300,4.746444e-06,2.670798e+01,1.585290e-11,3.409497e-04,0.000000e+00,3.417359e-04,3.413701e-04,0.000000e+00,1.390395e-08,8.618031e-13,2.512908e-10,0.000000e+00,0.000000e+00,0.000000e+00,1.390395e-08,0.0000,99.8021,0.1979,1.463764e+02
129400,4.750114e-06,2.669535e+01,1.584540e-11,3.397703e-04,0.000000e+00,3.409194e-04,3.418139e-04,0.000000e+00,1.387434e-08,9.343968e-13,2.540194e-10,0.000000e+00,0.000000e+00,0.000000e+00,1.387434e-08,0.0000,99.8025,0.1975,1.464571e+02
129500,4.753785e-06,2.669191e+01,1.584336e-11,3.421593e-04,0.000000e+00,3.400727e-04,3.427145e-04,0.000000e+00,1.383704e-08,-5.934740e-12,2.531248e-10,0.000000e+00,0.000000e+00,0.000000e+00,1.383704e-08,0.0000,99.8022,0.1978,1.463972e+02
129600,4.757456e-06,2.670262e+01,1.584972e-11,3.432479e-04,0.000000e+00,3.404961e-04,3.415162e-04,0.000000e+00,1.385807e-08,4.113380e-13,2.428961e-10,0.000000e+00,0.000000e+00,0.000000e+00,1.385807e-08,0.0000,99.8017,0.1983,1.464771e+02
129700,4.761127e-06,2.670947e+01,1.585378e-11,3.414033e-04,0.000000e+00,3.416754e-04,3.402963e-04,0.000000e+00,1.390066e-08,2.268497e-12,2.477544e-10,0.000000e+00,0.000000e+00,0.000000e+00,1.390066e-08,0.0000,99.8020,0.1980,1.463675e+02
129800,4.764798e-06,2.672025e+01,1.586018e-11,3.427943e-04,0.000000e+00,3.409799e-04,3.410503e-04,0.000000e+00,1.386803e-08,-3.521406e-12,2.254411e-10,0.000000e+00,0.000000e+00,0.000000e+00,1.386803e-08,0.0000,99.8017,0.1983,1.462736e+02
129900,4.768469e-06,2.671632e+01,1.585785e-11,3.413730e-04,0.000000e+00,3.441853e-04,3.420092e-04,0.000000e+00,1.400056e-08,-1.040517e-12,2.581670e-10,0.000000e+00,0.000000e+00,0.000000e+00,1.400056e-08,0.0000,99.8025,0.1975,1.463206e+02
130000,4.772140e-06,2.671338e+01,1.585610e-11,3.418569e-04,0.000000e+00,3.407682e-04,3.423329e-04,0.000000e+00,1.386062e-08,-4.082298e-12,2.448880e-10,0.000000e+00,0.000000e+00,0.000000e+00,1.386062e-08,0.0000,99.8024,0.1976,1.462969e+02
130100,4.775811e-06,2.672458e+01,1.586275e-11,3.429455e-04,0.000000e+00,3.440643e-04,3.411345e-04,0.000000e+00,1.399218e-08,-3.037448e-12,2.347947e-10,0.000000e+00,0.000000e+00,0.000000e+00,1.399218e-08,0.0000,99.8028,0.1972,1.462532e+02
130200,4.779481e-06,2.672205e+01,1.586125e-11,3.411614e-04,0.000000e+00,3.404658e-04,3.415695e-04,0.000000e+00,1.384608e-08,-3.512790e-12,2.486383e-10,0.000000e+00,0.000000e+00,0.000000e+00,1.384608e-08,0.0000,99.8028,0.1972,1.462464e+02
130300,4.783152e-06,2.671931e+01,1.585962e-11,3.423105e-04,0.000000e+00,3.425826e-04,3.427544e-04,0.000000e+00,1.393850e-08,-3.176842e-12,2.398996e-10,0.000000e+00,0.000000e+00,0.000000e+00,1.393850e-08,0.0000,99.8030,0.1970,1.463780e+02
130400,4.786823e-06,2.672135e+01,1.586083e-11,3.423709e-04,0.000000e+00,3.407380e-04,3.420401e-04,0.000000e+00,1.384951e-08,7.403012e-13,2.374339e-10,0.000000e+00,0.000000e+00,0.000000e+00,1.384951e-08,0.0000,99.8028,0.1972,1.460913e+02
130500,4.790494e-06,2.673464e+01,1.586872e-11,3.430664e-04,0.000000e+00,3.433386e-04,3.409170e-04,0.000000e+00,1.396462e-08,-6.595899e-13,2.416892e-10,0.000000e+00,0.000000e+00,0.000000e+00,1.396462e-08,0.0000,99.8030,0.1970,1.462842e+02
130600,4.794165e-06,2.672422e+01,1.586254e-11,3.419173e-04,0.000000e+00,3.404961e-04,3.436021e-04,0.000000e+00,1.385051e-08,-3.307279e-12,2.538380e-10,0.000000e+00,0.000000e+00,0.000000e+00,1.385051e-08,0.0000,99.8029,0.1971,1.463146e+02
130700,4.797836e-06,2.673059e+01,1.586632e-11,3.423105e-04,0.000000e+00,3.437922e-04,3.412809e-04,0.000000e+00,1.397811e-08,-8.343623e-13,2.198427e-10,0.000000e+00,0.000000e+00,0.000000e+00,1.397811e-08,0.0000,99.8034,0.1966,1.461838e+02
130800,4.801507e-06,2.672594e+01,1.586356e-11,3.410706e-04,0.000000e+00,3.420685e-04,3.418224e-04,0.000000e+00,1.391176e-08,-9.055396e-12,2.446844e-10,0.000000e+00,0.000000e+00,0.000000e+00,1.391176e-08,0.0000,99.8037,0.1963,1.462604e+02
130900,4.805178e-06,2.672586e+01,1.586351e-11,3.421593e-04,0.000000e+00,3.436107e-04,3.421730e-04,0.000000e+00,1.398189e-08,-5.125971e-12,2.527701e-10,0.000000e+00,0.000000e+00,0.000000e+00,1.398189e-08,0.0000,99.8042,0.1958,1.464208e+02
131000,4.808848e-06,2.673829e+01,1.587089e-11,3.442458e-04,0.000000e+00,3.401635e-04,3.422352e-04,0.000000e+00,1.383538e-08,-8.700413e-12,2.568075e-10,0.000000e+00,0.000000e+00,0.000000e+00,1.383538e-08,0.0000,99.8035,0.1965,1.462904e+02
131100,4.812519e-06,2.672049e+01,1.586032e-11,3.385305e-04,0.000000e+00,3.444272e-04,3.414098e-04,0.000000e+00,1.401610e-08,-1.827552e-12,2.276462e-10,0.000000e+00,0.000000e+00,0.000000e+00,1.401610e-08,0.0000,99.8050,0.1950,1.464421e+02
131200,4.816190e-06,2.671408e+01,1.585652e-11,3.417057e-04,0.000000e+00,3.404356e-04,3.427417e-04,0.000000e+00,1.384701e-08,6.107767e-12,2.393449e-10,0.000000e+00,0.000000e+00,0.000000e+00,1.384701e-08,0.0000,99.8048,0.1952,1.463016e+02
131300,4.819861e-06,2.673932e+01,1.587150e-11,3.461206e-04,0.000000e+00,3.421895e-04,3.420399e-04,0.000000e+00,1.391290e-08,2.536842e-12,2.361766e-10,0.000000e+00,0.000000e+00,0.000000e+00,1.391290e-08,0.0000,99.8041,0.1959,1.461780e+02
131400,4.823532e-06,2.672843e+01,1.586503e-11,3.396494e-04,0.000000e+00,3.404054e-04,3.414098e-04,0.000000e+00,1.385208e-08,-5.120363e-12,2.422704e-10,0.000000e+00,0.000000e+00,0.000000e+00,1.385208e-08,0.0000,99.8044,0.1956,1.464267e+02
131500,4.827203e-06,2.672773e+01,1.586462e-11,3.420685e-04,0.000000e+00,3.440039e-04,3.421820e-04,0.000000e+00,1.399908e-08,-2.810782e-13,2.414012e-10,0.000000e+00,0.000000e+00,0.000000e+00,1.399908e-08,0.0000,99.8050,0.1950,1.464368e+02
131600,4.830874e-06,2.671972e+01,1.585986e-11,3.417661e-04,0.000000e+00,3.405566e-04,3.430607e-04,0.000000e+00,1.384510e-08,3.732601e-12,2.366419e-10,0.000000e+00,0.000000e+00,0.000000e+00,1.384510e-08,0.0000,99.8049,0.1951,1.461550e+02
131700,4.834545e-06,2.672176e+01,1.586108e-11,3.415545e-04,0.000000e+00,3.424919e-04,3.412239e-04,0.000000e+00,1.392921e-08,-5.327878e-12,2.716361e-10,0.000000e+00,0.000000e+00,0.000000e+00,1.392921e-08,0.0000,99.8052,0.1948,1.462663e+02
131800,4.838215e-06,2.672693e+01,1.586415e-11,3.416149e-04,0.000000e+00,3.427640e-04,3.407794e-04,0.000000e+00,1.394315e-08,-3.526412e-12,2.342181e-10,0.000000e+00,0.000000e+00,0.000000e+00,1.394315e-08,0.0000,99.8057,0.1943,1.463240e+02
131900,4.841886e-06,2.669879e+01,1.584744e-11,3.386212e-04,0.000000e+00,3.427640e-04,3.431719e-04,0.000000e+00,1.394131e-08,-4.993268e-12,2.317366e-10,0.000000e+00,0.000000e+00,0.000000e+00,1.394131e-08,0.0000,99.8068,0.1932,1.462883e+02
132000,4.845557e-06,2.671113e+01,1.585476e-11,3.425524e-04,0.000000e+00,3.425524e-04,3.405575e-04,0.000000e+00,1.393791e-08,-3.392116e-12,2.512499e-10,0.000000e+00,0.000000e+00,0.000000e+00,1.393791e-08,0.0000,99.8069,0.1931,1.463889e+02
132100,4.849228e-06,2.670950e+01,1.585380e-11,3.415242e-04,0.000000e+00,3.356880e-04,3.417869e-04,0.000000e+00,1.365161e-08,2.059280e-13,2.376464e-10,0.000000e+00,0.000000e+00,0.000000e+00,1.365161e-08,0.0000,99.8057,0.1943,1.462442e+02
132200,4.852899e-06,2.672453e+01,1.586272e-11,3.428850e-04,0.000000e+00,3.412521e-04,3.404556e-04,0.000000e+00,1.388845e-08,1.570797e-12,2.379736e-10,0.000000e+00,0.000000e+00,0.000000e+00,1.388845e-08,0.0000,99.8055,0.1945,1.464730e+02
132300,4.856570e-06,2.672120e+01,1.586074e-11,3.431269e-04,0.000000e+00,3.415847e-04,3.436644e-04,0.000000e+00,1.389033e-08,2.309312e-12,2.405324e-10,0.000000e+00,0.000000e+00,0.000000e+00,1.389033e-08,0.0000,99.8053,0.1947,1.462151e+02
132400,4.860241e-06,2.670668e+01,1.585213e-11,3.401937e-04,0.000000e+00,3.440039e-04,3.425416e-04,0.000000e+00,1.399751e-08,-2.690538e-12,2.581089e-10,0.000000e+00,0.000000e+00,0.000000e+00,1.399751e-08,0.0000,99.8063,0.1937,1.464104e+02
132500,4.863912e-06,2.671861e+01,1.585921e-11,3.430060e-04,0.000000e+00,3.428548e-04,3.410768e-04,0.000000e+00,1.395436e-08,-6.445590e-12,2.312016e-10,0.000000e+00,0.000000e+00,0.000000e+00,1.395436e-08,0.0000,99.8064,0.1936,1.464858e+02
132600,4.867582e-06,2.673895e+01,1.587128e-11,3.443970e-04,0.000000e+00,3.395889e-04,3.411081e-04,0.000000e+00,1.381382e-08,-5.110117e-12,2.612528e-10,0.000000e+00,0.000000e+00,0.000000e+00,1.381382e-08,0.0000,99.8055,0.1945,1.463250e+02
132700,4.871253e-06,2.674702e+01,1.587607e-11,3.439434e-04,0.000000e+00,3.425221e-04,3.426391e-04,0.000000e+00,1.393887e-08,-3.628932e-12,2.382259e-10,0.000000e+00,0.000000e+00,0.000000e+00,1.393887e-08,0.0000,99.8053,0.1947,1.464398e+02
132800,4.874924e-06,2.674754e+01,1.587638e-11,3.425826e-04,0.000000e+00,3.446994e-04,3.424982e-04,0.000000e+00,1.401617e-08,-7.560161e-12,2.470989e-10,0.000000e+00,0.000000e+00,0.000000e+00,1.401617e-08,0.0000,99.8060,0.1940,1.462127e+02
132900,4.878595e-06,2.673820e+01,1.587083e-11,3.410706e-04,0.000000e+00,3.447901e-04,3.425813e-04,0.000000e+00,1.402355e-08,-4.928653e-12,2.536664e-10,0.000000e+00,0.000000e+00,0.000000e+00,1.402355e-08,0.0000,99.8070,0.1930,1.462869e+02
133000,4.882266e-06,2.673564e+01,1.586931e-11,3.405566e-04,0.000000e+00,3.430060e-04,3.409707e-04,0.000000e+00,1.394616e-08,-8.139477e-13,2.463891e-10,0.000000e+00,0.000000e+00,0.000000e+00,1.394616e-08,0.0000,99.8077,0.1923,1.461905e+02
133100,4.885937e-06,2.674416e+01,1.587437e-11,3.424012e-04,0.000000e+00,3.411916e-04,3.410235e-04,0.000000e+00,1.387763e-08,-1.644193e-12,2.388091e-10,0.000000e+00,0.000000e+00,0.000000e+00,1.387763e-08,0.0000,99.8075,0.1925,1.462985e+02
133200,4.889608e-06,2.674011e+01,1.587197e-11,3.410404e-04,0.000000e+00,3.394982e-04,3.416946e-04,0.000000e+00,1.381684e-08,-9.106612e-12,2.284855e-10,0.000000e+00,0.000000e+00,0.000000e+00,1.381684e-08,0.0000,99.8073,0.1927,1.464555e+02
133300,4.893279e-06,2.674218e+01,1.587320e-11,3.430362e-04,0.000000e+00,3.430967e-04,3.427016e-04,0.000000e+00,1.395773e-08,-7.015879e-12,2.428222e-10,0.000000e+00,0.000000e+00,0.000000e+00,1.395773e-08,0.0000,99.8075,0.1925,1.463454e+02
133400,4.896949e-06,2.674330e+01,1.587386e-11,3.423407e-04,0.000000e+00,3.401030e-04,3.421597e-04,0.000000e+00,1.382972e-08,4.922421e-12,2.617120e-10,0.000000e+00,0.000000e+00,0.000000e+00,1.382972e-08,0.0000,99.8071,0.1929,1.462119e+02
133500,4.900620e-06,2.675908e+01,1.588323e-11,3.436107e-04,0.000000e+00,3.459089e-04,3.410590e-04,0.000000e+00,1.407648e-08,4.204830e-12,2.435686e-10,0.000000e+00,0.000000e+00,0.000000e+00,1.407648e-08,0.0000,99.8078,0.1922,1.464431e+02
133600,4.904291e-06,2.676099e+01,1.588436e-11,3.430060e-04,0.000000e+00,3.417057e-04,3.426973e-04,0.000000e+00,1.390014e-08,7.690212e-12,2.474435e-10,0.000000e+00,0.000000e+00,0.000000e+00,1.390014e-08,0.0000,99.8077,0.1923,1.463159e+02
133700,4.907962e-06,2.677447e+01,1.589236e-11,3.435805e-04,0.000000e+00,3.408590e-04,3.414008e-04,0.000000e+00,1.386563e-08,2.536575e-12,2.459979e-10,0.000000e+00,0.000000e+00,0.000000e+00,1.386563e-08,0.0000,99.8072,0.1928,1.463284e+02
133800,4.911633e-06,2.678821e+01,1.590052e-11,3.433386e-04,0.000000e+00,3.440946e-04,3.411167e-04,0.000000e+00,1.399040e-08,-4.176748e-12,2.469257e-10,0.000000e+00,0.000000e+00,0.000000e+00,1.399040e-08,0.0000,99.8075,0.1925,1.461790e+02
133900,4.915304e-06,2.679364e+01,1.590374e-11,3.424616e-04,0.000000e+00,3.420988e-04,3.415834e-04,0.000000e+00,1.391113e-08,6.303458e-14,2.373025e-10,0.000000e+00,0.000000e+00,0.000000e+00,1.391113e-08,0.0000,99.8076,0.1924,1.462265e+02
134000,4.918975e-06,2.680363e+01,1.590967e-11,3.424919e-04,0.000000e+00,3.446691e-04,3.408771e-04,0.000000e+00,1.401753e-08,5.727067e-12,2.607891e-10,0.000000e+00,0.000000e+00,0.000000e+00,1.401753e-08,0.0000,99.8082,0.1918,1.462551e+02
134100,4.922646e-06,2.680314e+01,1.590938e-11,3.425826e-04,0.000000e+00,3.426128e-04,3.426616e-04,0.000000e+00,1.393929e-08,7.058427e-14,2.345680e-10,0.000000e+00,0.000000e+00,0.000000e+00,1.393929e-08,0.0000,99.8084,0.1916,1.463797e+02
134200,4.926317e-06,2.679807e+01,1.590637e-11,3.409497e-04,0.000000e+00,3.446994e-04,3.417691e-04,0.000000e+00,1.402383e-08,5.150822e-12,2.498959e-10,0.000000e+00,0.000000e+00,0.000000e+00,1.402383e-08,0.0000,99.8094,0.1906,1.463752e+02
134300,4.929987e-06,2.682170e+01,1.592039e-11,3.452739e-04,0.000000e+00,3.400425e-04,3.414542e-04,0.000000e+00,1.382617e-08,7.438945e-12,2.482511e-10,0.000000e+00,0.000000e+00,0.000000e+00,1.382617e-08,0.0000,99.8083,0.1917,1.461955e+02
134400,4.933658e-06,2.680923e+01,1.591300e-11,3.423105e-04,0.000000e+00,3.417057e-04,3.443255e-04,0.000000e+00,1.390549e-08,-5.472717e-12,2.287690e-10,0.000000e+00,0.000000e+00,0.000000e+00,1.390549e-08,0.0000,99.8084,0.1916,1.464376e+02
134500,4.937329e-06,2.678209e+01,1.589689e-11,3.391958e-04,0.000000e+00,3.437015e-04,3.435843e-04,0.000000e+00,1.398210e-08,-3.256725e-12,2.591634e-10,0.000000e+00,0.000000e+00,0.000000e+00,1.398210e-08,0.0000,99.8095,0.1905,1.463447e+02
134600,4.941000e-06,2.677105e+01,1.589033e-11,3.403751e-04,0.000000e+00,3.430362e-04,3.421601e-04,0.000000e+00,1.395037e-08,-1.787596e-12,2.453474e-10,0.000000e+00,0.000000e+00,0.000000e+00,1.395037e-08,0.0000,99.8102,0.1898,1.462466e+02
134700,4.944671e-06,2.677826e+01,1.589461e-11,3.443365e-04,0.000000e+00,3.415545e-04,3.431720e-04,0.000000e+00,1.388681e-08,2.194225e-13,2.524126e-10,0.000000e+00,0.000000e+00,0.000000e+00,1.388681e-08,0.0000,99.8098,0.1902,1.461758e+02
134800,4.948342e-06,2.678865e+01,1.590078e-11,3.441248e-04,0.000000e+00,3.408590e-04,3.424439e-04,0.000000e+00,1.386536e-08,8.625529e-13,2.498032e-10,0.000000e+00,0.000000e+00,0.000000e+00,1.386536e-08,0.0000,99.8092,0.1908,1.463177e+02
134900,4.952013e-06,2.677585e+01,1.589318e-11,3.404054e-04,0.000000e+00,3.407682e-04,3.424754e-04,0.000000e+00,1.386575e-08,-1.524905e-12,2.331952e-10,0.000000e+00,0.000000e+00,0.000000e+00,1.386575e-08,0.0000,99.8094,0.1906,1.464113e+02
135000,4.955684e-06,2.675284e+01,1.587952e-11,3.407380e-04,0.000000e+00,3.436410e-04,3.444590e-04,0.000000e+00,1.398007e-08,2.215740e-12,2.401496e-10,0.000000e+00,0.000000e+00,0.000000e+00,1.398007e-08,0.0000,99.8102,0.1898,1.463556e+02
135100,4.959354e-06,2.675521e+01,1.588093e-11,3.417661e-04,0.000000e+00,3.435805e-04,3.413831e-04,0.000000e+00,1.397043e-08,9.859395e-13,2.604107e-10,0.000000e+00,0.000000e+00,0.000000e+00,1.397043e-08,0.0000,99.8108,0.1892,1.462034e+02
135200,4.963025e-06,2.676273e+01,1.588539e-11,3.447296e-04,0.000000e+00,3.393470e-04,3.435137e-04,0.000000e+00,1.379937e-08,-1.581331e-12,2.565970e-10,0.000000e+00,0.000000e+00,0.000000e+00,1.379937e-08,0.0000,99.8097,0.1903,1.462150e+02
135300,4.966696e-06,2.676640e+01,1.588757e-11,3.434596e-04,0.000000e+00,3.425221e-04,3.428657e-04,0.000000e+00,1.393200e-08,-1.894145e-12,2.388871e-10,0.000000e+00,0.000000e+00,0.000000e+00,1.393200e-08,0.0000,99.8096,0.1904,1.462966e+02
135400,4.970367e-06,2.675141e+01,1.587867e-11,3.403751e-04,0.000000e+00,3.433991e-04,3.427988e-04,0.000000e+00,1.397712e-08,1.264372e-12,2.365706e-10,0.000000e+00,0.000000e+00,0.000000e+00,1.397712e-08,0.0000,99.8105,0.1895,1.464936e+02
135500,4.974038e-06,2.675934e+01,1.588338e-11,3.436107e-04,0.000000e+00,3.436107e-04,3.423287e-04,0.000000e+00,1.397538e-08,-9.136049e-12,2.412128e-10,0.000000e+00,0.000000e+00,0.000000e+00,1.397538e-08,0.0000,99.8106,0.1894,1.462821e+02
135600,4.977709e-06,2.676100e+01,1.588437e-11,3.425524e-04,0.000000e+00,3.413126e-04,3.422839e-04,0.000000e+00,1.387736e-08,-5.544921e-12,2.562111e-10,0.000000e+00,0.000000e+00,0.000000e+00,1.387736e-08,0.0000,99.8105,0.1895,1.461832e+02
135700,4.981380e-06,2.678113e+01,1.589632e-11,3.462416e-04,0.000000e+00,3.423105e-04,3.429857e-04,0.000000e+00,1.392686e-08,2.912704e-12,2.294204e-10,0.000000e+00,0.000000e+00,0.000000e+00,1.392686e-08,0.0000,99.8097,0.1903,1.463776e+02
135800,4.985051e-06,2.677533e+01,1.589287e-11,3.409497e-04,0.000000e+00,3.437922e-04,3.418890e-04,0.000000e+00,1.399068e-08,-2.640966e-12,2.397967e-10,0.000000e+00,0.000000e+00,0.000000e+00,1.399068e-08,0.0000,99.8105,0.1895,1.464463e+02
135900,4.988721e-06,2.678846e+01,1.590066e-11,3.446691e-04,0.000000e+00,3.421895e-04,3.425458e-04,0.000000e+00,1.391628e-08,-2.694270e-12,2.424961e-10,0.000000e+00,0.000000e+00,0.000000e+00,1.391628e-08,0.0000,99.8101,0.1899,1.462559e+02
136000,4.992392e-06,2.679312e+01,1.590343e-11,3.433084e-04,0.000000e+00,3.450925e-04,3.425549e-04,0.000000e+00,1.403055e-08,-8.645954e-12,2.603429e-10,0.000000e+00,0.000000e+00,0.000000e+00,1.403055e-08,0.0000,99.8107,0.1893,1.461765e+02
136100,4.996063e-06,2.679558e+01,1.590489e-11,3.430060e-04,0.000000e+00,3.427036e-04,3.426081e-04,0.000000e+00,1.394333e-08,-1.412942e-12,2.329947e-10,0.000000e+00,0.000000e+00,0.000000e+00,1.394333e-08,0.0000,99.8107,0.1893,1.463909e+02
136200,4.999734e-06,2.679899e+01,1.590692e-11,3.425826e-04,0.000000e+00,3.431269e-04,3.420310e-04,0.000000e+00,1.395920e-08,-2.509301e-12,2.430569e-10,0.000000e+00,0.000000e+00,0.000000e+00,1.395920e-08,0.0000,99.8110,0.1890,1.463485e+02
136300,5.003405e-06,2.678725e+01,1.589995e-11,3.415847e-04,0.000000e+00,3.436712e-04,3.434823e-04,0.000000e+00,1.398005e-08,-1.618390e-12,2.446297e-10,0.000000e+00,0.000000e+00,0.000000e+00,1.398005e-08,0.0000,99.8116,0.1884,1.463247e+02
136400,5.007076e-06,2.678493e+01,1.589857e-11,3.423709e-04,0.000000e+00,3.424314e-04,3.427461e-04,0.000000e+00,1.393004e-08,-7.833909e-12,2.474556e-10,0.000000e+00,0.000000e+00,0.000000e+00,1.393004e-08,0.0000,99.8118,0.1882,1.463299e+02
136500,5.010747e-06,2.679997e+01,1.590750e-11,3.408590e-04,0.000000e+00,3.432781e-04,3.384273e-04,0.000000e+00,1.396204e-08,-9.417569e-14,2.571991e-10,0.000000e+00,0.000000e+00,0.000000e+00,1.396204e-08,0.0000,99.8124,0.1876,1.462800e+02
136600,5.014418e-06,2.678869e+01,1.590080e-11,3.420081e-04,0.000000e+00,3.422500e-04,3.438329e-04,0.000000e+00,1.392252e-08,-3.427724e-12,2.369886e-10,0.000000e+00,0.000000e+00,0.000000e+00,1.392252e-08,0.0000,99.8126,0.1874,1.463288e+02
136700,5.018088e-06,2.680239e+01,1.590893e-11,3.440643e-04,0.000000e+00,3.398913e-04,3.418490e-04,0.000000e+00,1.382734e-08,-3.872639e-13,2.562286e-10,0.000000e+00,0.000000e+00,0.000000e+00,1.382734e-08,0.0000,99.8118,0.1882,1.463427e+02
136800,5.021759e-06,2.680390e+01,1.590983e-11,3.416452e-04,0.000000e+00,3.435805e-04,3.414008e-04,0.000000e+00,1.397115e-08,-3.249842e-12,2.312065e-10,0.000000e+00,0.000000e+00,0.000000e+00,1.397115e-08,0.0000,99.8124,0.1876,1.462260e+02
136900,5.025430e-06,2.680522e+01,1.591062e-11,3.429152e-04,0.000000e+00,3.400727e-04,3.427011e-04,0.000000e+00,1.383165e-08,-4.433053e-12,2.330635e-10,0.000000e+00,0.000000e+00,0.000000e+00,1.383165e-08,0.0000,99.8119,0.1881,1.462930e+02
137000,5.029101e-06,2.679958e+01,1.590726e-11,3.420988e-04,0.000000e+00,3.449413e-04,3.430118e-04,0.000000e+00,1.402704e-08,1.923978e-12,2.502471e-10,0.000000e+00,0.000000e+00,0.000000e+00,1.402704e-08,0.0000,99.8127,0.1873,1.462305e+02
137100,5.032772e-06,2.679722e+01,1.590587e-11,3.422802e-04,0.000000e+00,3.417359e-04,3.426612e-04,0.000000e+00,1.389764e-08,1.631662e-12,2.503702e-10,0.000000e+00,0.000000e+00,0.000000e+00,1.389764e-08,0.0000,99.8127,0.1873,1.462398e+02
137200,5.036443e-06,2.678803e+01,1.590041e-11,3.403146e-04,0.000000e+00,3.431269e-04,3.418002e-04,0.000000e+00,1.395285e-08,-2.511331e-12,2.539497e-10,0.000000e+00,0.000000e+00,0.000000e+00,1.395285e-08,0.0000,99.8135,0.1865,1.462106e+02
137300,5.040114e-06,2.677278e+01,1.589136e-11,3.417964e-04,0.000000e+00,3.419778e-04,3.442634e-04,0.000000e+00,1.391298e-08,-1.238333e-12,2.512248e-10,0.000000e+00,0.000000e+00,0.000000e+00,1.391298e-08,0.0000,99.8137,0.1863,1.463650e+02
137400,5.043785e-06,2.675557e+01,1.588114e-11,3.403449e-04,0.000000e+00,3.405263e-04,3.431272e-04,0.000000e+00,1.385196e-08,-3.406209e-12,2.384153e-10,0.000000e+00,0.000000e+00,0.000000e+00,1.385196e-08,0.0000,99.8138,0.1862,1.463179e+02
137500,5.047455e-06,2.675205e+01,1.587905e-11,3.403751e-04,0.000000e+00,3.420383e-04,3.409441e-04,0.000000e+00,1.390787e-08,-5.077875e-12,2.604086e-10,0.000000e+00,0.000000e+00,0.000000e+00,1.390787e-08,0.0000,99.8143,0.1857,1.462007e+02
137600,5.051126e-06,2.674044e+01,1.587216e-11,3.420081e-04,0.000000e+00,3.418569e-04,3.438861e-04,0.000000e+00,1.390770e-08,-1.791140e-12,2.520337e-10,0.000000e+00,0.000000e+00,0.000000e+00,1.390770e-08,0.0000,99.8144,0.1856,1.463613e+02
137700,5.054797e-06,2.673603e+01,1.586955e-11,3.412218e-04,0.000000e+00,3.393470e-04,3.419335e-04,0.000000e+00,1.380854e-08,1.810677e-12,2.556114e-10,0.000000e+00,0.000000e+00,0.000000e+00,1.380854e-08,0.0000,99.8142,0.1858,1.464199e+02
137800,5.058468e-06,2.671813e+01,1.585892e-11,3.381374e-04,0.000000e+00,3.412521e-04,3.410324e-04,0.000000e+00,1.387682e-08,-1.091671e-11,2.283221e-10,0.000000e+00,0.000000e+00,0.000000e+00,1.387682e-08,0.0000,99.8150,0.1850,1.462216e+02
137900,5.062139e-06,2.670218e+01,1.584945e-11,3.419778e-04,0.000000e+00,3.419476e-04,3.445570e-04,0.000000e+00,1.391340e-08,-6.077965e-12,2.473380e-10,0.000000e+00,0.000000e+00,0.000000e+00,1.391340e-08,0.0000,99.8151,0.1849,1.463919e+02
138000,5.065810e-06,2.670053e+01,1.584847e-11,3.424919e-04,0.000000e+00,3.404658e-04,3.427588e-04,0.000000e+00,1.384470e-08,-6.153543e-12,2.234814e-10,0.000000e+00,0.000000e+00,0.000000e+00,1.384470e-08,0.0000,99.8148,0.1852,1.462212e+02
138100,5.069481e-06,2.670053e+01,1.584847e-11,3.426128e-04,0.000000e+00,3.387120e-04,3.426124e-04,0.000000e+00,1.377939e-08,-3.849535e-12,2.449314e-10,0.000000e+00,0.000000e+00,0.000000e+00,1.377939e-08,0.0000,99.8141,0.1859,1.463526e+02
138200,5.073152e-06,2.669388e+01,1.584453e-11,3.407380e-04,0.000000e+00,3.417964e-04,3.418135e-04,0.000000e+00,1.391039e-08,-6.087993e-12,2.370247e-10,0.000000e+00,0.000000e+00,0.000000e+00,1.391039e-08,0.0000,99.8145,0.1855,1.464604e+02
138300,5.076822e-06,2.669716e+01,1.584647e-11,3.419173e-04,0.000000e+00,3.419778e-04,3.413874e-04,0.000000e+00,1.391265e-08,-2.265804e-12,2.476656e-10,0.000000e+00,0.000000e+00,0.000000e+00,1.391265e-08,0.0000,99.8146,0.1854,1.463594e+02
138400,5.080493e-06,2.670580e+01,1.585160e-11,3.434596e-04,0.000000e+00,3.442458e-04,3.420620e-04,0.000000e+00,1.400042e-08,-1.005281e-11,2.546605e-10,0.000000e+00,0.000000e+00,0.000000e+00,1.400042e-08,0.0000,99.8149,0.1851,1.462656e+02
138500,5.084164e-06,2.670397e+01,1.585052e-11,3.420988e-04,0.000000e+00,3.378955e-04,3.423949e-04,0.000000e+00,1.374963e-08,4.035914e-13,2.279046e-10,0.000000e+00,0.000000e+00,0.000000e+00,1.374963e-08,0.0000,99.8142,0.1858,1.464198e+02
138600,5.087835e-06,2.670267e+01,1.584975e-11,3.387724e-04,0.000000e+00,3.446691e-04,3.389819e-04,0.000000e+00,1.403041e-08,-4.642212e-12,2.383807e-10,0.000000e+00,0.000000e+00,0.000000e+00,1.403041e-08,0.0000,99.8156,0.1844,1.465288e+02
138700,5.091506e-06,2.673352e+01,1.586806e-11,3.432781e-04,0.000000e+00,3.429455e-04,3.382895e-04,0.000000e+00,1.394900e-08,-6.616893e-12,2.306800e-10,0.000000e+00,0.000000e+00,0.000000e+00,1.394900e-08,0.0000,99.8156,0.1844,1.462930e+02
138800,5.095177e-06,2.672082e+01,1.586052e-11,3.414637e-04,0.000000e+00,3.412823e-04,3.435179e-04,0.000000e+00,1.387189e-08,-5.217581e-12,2.297403e-10,0.000000e+00,0.000000e+00,0.000000e+00,1.387189e-08,0.0000,99.8157,0.1843,1.460923e+02
138900,5.098848e-06,2.671890e+01,1.585938e-11,3.411916e-04,0.000000e+00,3.408287e-04,3.415028e-04,0.000000e+00,1.387742e-08,2.684913e-12,2.572772e-10,0.000000e+00,0.000000e+00,0.000000e+00,1.387742e-08,0.0000,99.8158,0.1842,1.465968e+02
139000,5.102519e-06,2.674868e+01,1.587705e-11,3.445784e-04,0.000000e+00,3.413730e-04,3.397630e-04,0.000000e+00,1.388654e-08,-7.267414e-12,2.490580e-10,0.000000e+00,0.000000e+00,0.000000e+00,1.388654e-08,0.0000,99.8152,0.1848,1.463259e+02
139100,5.106189e-06,2.675378e+01,1.588008e-11,3.416149e-04,0.000000e+00,3.431572e-04,3.407894e-04,0.000000e+00,1.395292e-08,-5.301665e-12,2.420030e-10,0.000000e+00,0.000000e+00,0.000000e+00,1.395292e-08,0.0000,99.8157,0.1843,1.461841e+02
139200,5.109860e-06,2.677899e+01,1.589505e-11,3.448203e-04,0.000000e+00,3.412218e-04,3.407439e-04,0.000000e+00,1.389046e-08,-3.446427e-12,2.446050e-10,0.000000e+00,0.000000e+00,0.000000e+00,1.389046e-08,0.0000,99.8151,0.1849,1.465345e+02
139300,5.113531e-06,2.678237e+01,1.589705e-11,3.414637e-04,0.000000e+00,3.444272e-04,3.409170e-04,0.000000e+00,1.400845e-08,-8.671696e-12,2.334751e-10,0.000000e+00,0.000000e+00,0.000000e+00,1.400845e-08,0.0000,99.8158,0.1842,1.462798e+02
139400,5.117202e-06,2.677973e+01,1.589548e-11,3.392865e-04,0.000000e+00,3.423407e-04,3.397142e-04,0.000000e+00,1.393654e-08,3.575014e-13,2.408297e-10,0.000000e+00,0.000000e+00,0.000000e+00,1.393654e-08,0.0000,99.8166,0.1834,1.465478e+02
139500,5.120873e-06,2.678187e+01,1.589676e-11,3.413126e-04,0.000000e+00,3.427943e-04,3.409663e-04,0.000000e+00,1.394231e-08,-1.623446e-12,2.613166e-10,0.000000e+00,0.000000e+00,0.000000e+00,1.394231e-08,0.0000,99.8171,0.1829,1.462785e+02
139600,5.124544e-06,2.676502e+01,1.588676e-11,3.374117e-04,0.000000e+00,3.420383e-04,3.401358e-04,0.000000e+00,1.390715e-08,2.564757e-12,2.512146e-10,0.000000e+00,0.000000e+00,0.000000e+00,1.390715e-08,0.0000,99.8182,0.1818,1.461889e+02
139700,5.128215e-06,2.675995e+01,1.588375e-11,3.407985e-04,0.000000e+00,3.391353e-04,3.416182e-04,0.000000e+00,1.379845e-08,1.616243e-12,2.375714e-10,0.000000e+00,0.000000e+00,0.000000e+00,1.379845e-08,0.0000,99.8180,0.1820,1.463923e+02
139800,5.131886e-06,2.675895e+01,1.588315e-11,3.415545e-04,0.000000e+00,3.396191e-04,3.417160e-04,0.000000e+00,1.381155e-08,-7.906073e-12,2.431783e-10,0.000000e+00,0.000000e+00,0.000000e+00,1.381155e-08,0.0000,99.8177,0.1823,1.462377e+02
139900,5.135556e-06,2.674694e+01,1.587602e-11,3.413126e-04,0.000000e+00,3.388934e-04,3.432559e-04,0.000000e+00,1.378190e-08,-5.993276e-12,2.401932e-10,0.000000e+00,0.000000e+00,0.000000e+00,1.378190e-08,0.0000,99.8173,0.1827,1.462398e+02
140000,5.139227e-06,2.676320e+01,1.588567e-11,3.433688e-04,0.000000e+00,3.415847e-04,3.407394e-04,0.000000e+00,1.389172e-08,3.162249e-12,2.541756e-10,0.000000e+00,0.000000e+00,0.000000e+00,1.389172e-08,0.0000,99.8171,0.1829,1.462523e+02
140100,5.142898e-06,2.675966e+01,1.588357e-11,3.405263e-04,0.000000e+00,3.418871e-04,3.410989e-04,0.000000e+00,1.391695e-08,1.809897e-12,2.444125e-10,0.000000e+00,0.000000e+00,0.000000e+00,1.391695e-08,0.0000,99.8175,0.1825,1.465241e+02
140200,5.146569e-06,2.678236e+01,1.589705e-11,3.445482e-04,0.000000e+00,3.409194e-04,3.408770e-04,0.000000e+00,1.386911e-08,-3.947971e-12,2.392489e-10,0.000000e+00,0.000000e+00,0.000000e+00,1.386911e-08,0.0000,99.8169,0.1831,1.463462e+02
140300,5.150240e-06,2.679059e+01,1.590193e-11,3.426733e-04,0.000000e+00,3.408892e-04,3.413434e-04,0.000000e+00,1.387043e-08,-5.989681e-12,2.459130e-10,0.000000e+00,0.000000e+00,0.000000e+00,1.387043e-08,0.0000,99.8166,0.1834,1.463936e+02
140400,5.153911e-06,2.676350e+01,1.588585e-11,3.406473e-04,0.000000e+00,3.433084e-04,3.450267e-04,0.000000e+00,1.396283e-08,-7.004678e-13,2.364375e-10,0.000000e+00,0.000000e+00,0.000000e+00,1.396283e-08,0.0000,99.8173,0.1827,1.462794e+02
140500,5.157582e-06,2.676047e+01,1.588405e-11,3.424012e-04,0.000000e+00,3.436712e-04,3.428920e-04,0.000000e+00,1.398106e-08,-1.240688e-12,2.570751e-10,0.000000e+00,0.000000e+00,0.000000e+00,1.398106e-08,0.0000,99.8177,0.1823,1.463524e+02
140600,5.161253e-06,2.677489e+01,1.589261e-11,3.455763e-04,0.000000e+00,3.437922e-04,3.432436e-04,0.000000e+00,1.397825e-08,-6.527984e-12,2.391704e-10,0.000000e+00,0.000000e+00,0.000000e+00,1.397825e-08,0.0000,99.8175,0.1825,1.461857e+02
140700,5.164923e-06,2.679025e+01,1.590173e-11,3.451530e-04,0.000000e+00,3.400727e-04,3.426703e-04,0.000000e+00,1.384353e-08,-8.060540e-12,2.333569e-10,0.000000e+00,0.000000e+00,0.000000e+00,1.384353e-08,0.0000,99.8165,0.1835,1.465290e+02
140800,5.168594e-06,2.678469e+01,1.589843e-11,3.404054e-04,0.000000e+00,3.441551e-04,3.413037e-04,0.000000e+00,1.400866e-08,-7.066211e-12,2.531901e-10,0.000000e+00,0.000000e+00,0.000000e+00,1.400866e-08,0.0000,99.8175,0.1825,1.465089e+02
140900,5.172265e-06,2.678196e+01,1.589681e-11,3.435200e-04,0.000000e+00,3.449715e-04,3.439620e-04,0.000000e+00,1.402705e-08,1.344941e-12,2.442730e-10,0.000000e+00,0.000000e+00,0.000000e+00,1.402705e-08,0.0000,99.8179,0.1821,1.462094e+02
141000,5.175936e-06,2.679457e+01,1.590429e-11,3.440039e-04,0.000000e+00,3.426128e-04,3.419644e-04,0.000000e+00,1.393860e-08,-6.549499e-13,2.506532e-10,0.000000e+00,0.000000e+00,0.000000e+00,1.393860e-08,0.0000,99.8177,0.1823,1.463651e+02
141100,5.179607e-06,2.679617e+01,1.590524e-11,3.428850e-04,0.000000e+00,3.414940e-04,3.426257e-04,0.000000e+00,1.388480e-08,-9.460372e-12,2.365116e-10,0.000000e+00,0.000000e+00,0.000000e+00,1.388480e-08,0.0000,99.8176,0.1824,1.461846e+02
141200,5.183278e-06,2.682297e+01,1.592115e-11,3.462718e-04,0.000000e+00,3.438829e-04,3.419390e-04,0.000000e+00,1.398778e-08,-2.704411e-12,2.350869e-10,0.000000e+00,0.000000e+00,0.000000e+00,1.398778e-08,0.0000,99.8172,0.1828,1.463035e+02
141300,5.186949e-06,2.681630e+01,1.591719e-11,3.414940e-04,0.000000e+00,3.442458e-04,3.425724e-04,0.000000e+00,1.399981e-08,-7.199050e-12,2.409854e-10,0.000000e+00,0.000000e+00,0.000000e+00,1.399981e-08,0.0000,99.8179,0.1821,1.462551e+02
141400,5.190620e-06,2.681618e+01,1.591712e-11,3.418871e-04,0.000000e+00,3.438829e-04,3.419067e-04,0.000000e+00,1.399120e-08,8.795975e-13,2.505502e-10,0.000000e+00,0.000000e+00,0.000000e+00,1.399120e-08,0.0000,99.8185,0.1815,1.463757e+02
141500,5.194291e-06,2.678979e+01,1.590145e-11,3.391353e-04,0.000000e+00,3.443667e-04,3.434024e-04,0.000000e+00,1.400921e-08,-1.068625e-12,2.459437e-10,0.000000e+00,0.000000e+00,0.000000e+00,1.400921e-08,0.0000,99.8197,0.1803,1.463485e+02
141600,5.197961e-06,2.679677e+01,1.590560e-11,3.419173e-04,0.000000e+00,3.424314e-04,3.407882e-04,0.000000e+00,1.392720e-08,-1.314573e-12,2.400337e-10,0.000000e+00,0.000000e+00,0.000000e+00,1.392720e-08,0.0000,99.8200,0.1800,1.462754e+02
141700,5.201632e-06,2.678898e+01,1.590097e-11,3.400425e-04,0.000000e+00,3.393772e-04,3.413031e-04,0.000000e+00,1.380673e-08,-4.428863e-12,2.459194e-10,0.000000e+00,0.000000e+00,0.000000e+00,1.380673e-08,0.0000,99.8200,0.1800,1.463497e+02
141800,5.205303e-06,2.680897e+01,1.591284e-11,3.438527e-04,0.000000e+00,3.398611e-04,3.406196e-04,0.000000e+00,1.382276e-08,-3.061625e-12,2.524568e-10,0.000000e+00,0.000000e+00,0.000000e+00,1.382276e-08,0.0000,99.8192,0.1808,1.462739e+02
141900,5.208974e-06,2.679092e+01,1.590213e-11,3.399518e-04,0.000000e+00,3.423105e-04,3.428703e-04,0.000000e+00,1.391112e-08,-2.224604e-12,2.454710e-10,0.000000e+00,0.000000e+00,0.000000e+00,1.391112e-08,0.0000,99.8199,0.1801,1.460382e+02
142000,5.212645e-06,2.680750e+01,1.591197e-11,3.443970e-04,0.000000e+00,3.405263e-04,3.417159e-04,0.000000e+00,1.385255e-08,4.569722e-12,2.402372e-10,0.000000e+00,0.000000e+00,0.000000e+00,1.385255e-08,0.0000,99.8192,0.1808,1.463307e+02
142100,5.216316e-06,2.677184e+01,1.589080e-11,3.376536e-04,0.000000e+00,3.436107e-04,3.434205e-04,0.000000e+00,1.398005e-08,1.444917e-12,2.491809e-10,0.000000e+00,0.000000e+00,0.000000e+00,1.398005e-08,0.0000,99.8206,0.1794,1.463791e+02
142200,5.219987e-06,2.676013e+01,1.588385e-11,3.405868e-04,0.000000e+00,3.426431e-04,3.424792e-04,0.000000e+00,1.393454e-08,-9.873952e-13,2.546634e-10,0.000000e+00,0.000000e+00,0.000000e+00,1.393454e-08,0.0000,99.8211,0.1789,1.462478e+02
142300,5.223658e-06,2.678387e+01,1.589794e-11,3.456066e-04,0.000000e+00,3.397099e-04,3.417691e-04,0.000000e+00,1.380910e-08,-1.766604e-13,2.309550e-10,0.000000e+00,0.000000e+00,0.000000e+00,1.380910e-08,0.0000,99.8200,0.1800,1.461134e+02
142400,5.227328e-06,2.676337e+01,1.588577e-11,3.386817e-04,0.000000e+00,3.390748e-04,3.419954e-04,0.000000e+00,1.379807e-08,1.858985e-12,2.463769e-10,0.000000e+00,0.000000e+00,0.000000e+00,1.379807e-08,0.0000,99.8202,0.1798,1.464281e+02
142500,5.230999e-06,2.673839e+01,1.587095e-11,3.397401e-04,0.000000e+00,3.430967e-04,3.437796e-04,0.000000e+00,1.396674e-08,2.622750e-12,2.414943e-10,0.000000e+00,0.000000e+00,0.000000e+00,1.396674e-08,0.0000,99.8211,0.1789,1.465384e+02
142600,5.234670e-06,2.672035e+01,1.586024e-11,3.404054e-04,0.000000e+00,3.431572e-04,3.433225e-04,0.000000e+00,1.395919e-08,-6.676173e-12,2.490530e-10,0.000000e+00,0.000000e+00,0.000000e+00,1.395919e-08,0.0000,99.8218,0.1782,1.463313e+02
142700,5.238341e-06,2.673768e+01,1.587053e-11,3.446691e-04,0.000000e+00,3.368674e-04,3.418667e-04,0.000000e+00,1.370408e-08,6.939246e-12,2.373939e-10,0.000000e+00,0.000000e+00,0.000000e+00,1.370408e-08,0.0000,99.8203,0.1797,1.463344e+02
142800,5.242012e-06,2.672270e+01,1.586163e-11,3.393470e-04,0.000000e+00,3.411916e-04,3.417694e-04,0.000000e+00,1.387732e-08,-7.113203e-12,2.587370e-10,0.000000e+00,0.000000e+00,0.000000e+00,1.387732e-08,0.0000,99.8208,0.1792,1.462886e+02
142900,5.245683e-06,2.671579e+01,1.585753e-11,3.426128e-04,0.000000e+00,3.431874e-04,3.437308e-04,0.000000e+00,1.396728e-08,-4.048336e-12,2.529432e-10,0.000000e+00,0.000000e+00,0.000000e+00,1.396728e-08,0.0000,99.8210,0.1790,1.464724e+02
143000,5.249354e-06,2.670809e+01,1.585296e-11,3.417359e-04,0.000000e+00,3.422197e-04,3.429807e-04,0.000000e+00,1.392289e-08,-5.600498e-12,2.230494e-10,0.000000e+00,0.000000e+00,0.000000e+00,1.392289e-08,0.0000,99.8213,0.1787,1.463665e+02
143100,5.253025e-06,2.670930e+01,1.585368e-11,3.424314e-04,0.000000e+00,3.417964e-04,3.422351e-04,0.000000e+00,1.391674e-08,4.299639e-12,2.422529e-10,0.000000e+00,0.000000e+00,0.000000e+00,1.391674e-08,0.0000,99.8213,0.1787,1.465894e+02
143200,5.256695e-06,2.670979e+01,1.585397e-11,3.434898e-04,0.000000e+00,3.404961e-04,3.434112e-04,0.000000e+00,1.384916e-08,9.783056e-13,2.410871e-10,0.000000e+00,0.000000e+00,0.000000e+00,1.384916e-08,0.0000,99.8208,0.1792,1.462892e+02
143300,5.260366e-06,2.671492e+01,1.585701e-11,3.419778e-04,0.000000e+00,3.430664e-04,3.411481e-04,0.000000e+00,1.395608e-08,-7.893474e-12,2.518488e-10,0.000000e+00,0.000000e+00,0.000000e+00,1.395608e-08,0.0000,99.8211,0.1789,1.463408e+02
143400,5.264037e-06,2.672750e+01,1.586448e-11,3.430060e-04,0.000000e+00,3.432176e-04,3.409716e-04,0.000000e+00,1.395726e-08,-4.966665e-12,2.571639e-10,0.000000e+00,0.000000e+00,0.000000e+00,1.395726e-08,0.0000,99.8213,0.1787,1.462425e+02
143500,5.267708e-06,2.673325e+01,1.586790e-11,3.430362e-04,0.000000e+00,3.410404e-04,3.421064e-04,0.000000e+00,1.387104e-08,-4.697316e-12,2.423631e-10,0.000000e+00,0.000000e+00,0.000000e+00,1.387104e-08,0.0000,99.8210,0.1790,1.462893e+02
143600,5.271379e-06,2.673952e+01,1.587162e-11,3.415847e-04,0.000000e+00,3.436410e-04,3.405708e-04,0.000000e+00,1.397799e-08,-3.111816e-12,2.534392e-10,0.000000e+00,0.000000e+00,0.000000e+00,1.397799e-08,0.0000,99.8216,0.1784,1.463159e+02
143700,5.275050e-06,2.674892e+01,1.587720e-11,3.419173e-04,0.000000e+00,3.440946e-04,3.403977e-04,0.000000e+00,1.400038e-08,-1.694266e-12,2.355601e-10,0.000000e+00,0.000000e+00,0.000000e+00,1.400038e-08,0.0000,99.8221,0.1779,1.463904e+02
143800,5.278721e-06,2.674676e+01,1.587592e-11,3.410706e-04,0.000000e+00,3.414335e-04,3.414193e-04,0.000000e+00,1.389329e-08,-8.184253e-12,2.386450e-10,0.000000e+00,0.000000e+00,0.000000e+00,1.389329e-08,0.0000,99.8223,0.1777,1.464147e+02
143900,5.282392e-06,2.676022e+01,1.588390e-11,3.429152e-04,0.000000e+00,3.430967e-04,3.407394e-04,0.000000e+00,1.396428e-08,-4.307263e-12,2.523847e-10,0.000000e+00,0.000000e+00,0.000000e+00,1.396428e-08,0.0000,99.8225,0.1775,1.464840e+02
144000,5.286062e-06,2.675921e+01,1.588330e-11,3.416149e-04,0.000000e+00,3.404658e-04,3.417780e-04,0.000000e+00,1.385160e-08,-5.191224e-12,2.522807e-10,0.000000e+00,0.000000e+00,0.000000e+00,1.385160e-08,0.0000,99.8224,0.1776,1.463632e+02
144100,5.289733e-06,2.678699e+01,1.589979e-11,3.436107e-04,0.000000e+00,3.416149e-04,3.391195e-04,0.000000e+00,1.389803e-08,-1.619113e-12,2.622682e-10,0.000000e+00,0.000000e+00,0.000000e+00,1.389803e-08,0.0000,99.8221,0.1779,1.463541e+02
144200,5.293404e-06,2.679602e+01,1.590515e-11,3.413428e-04,0.000000e+00,3.411614e-04,3.398828e-04,0.000000e+00,1.387353e-08,2.385188e-12,2.468077e-10,0.000000e+00,0.000000e+00,0.000000e+00,1.387353e-08,0.0000,99.8222,0.1778,1.462322e+02
144300,5.297075e-06,2.679585e+01,1.590505e-11,3.424919e-04,0.000000e+00,3.422500e-04,3.425193e-04,0.000000e+00,1.392401e-08,-7.555261e-12,2.537547e-10,0.000000e+00,0.000000e+00,0.000000e+00,1.392401e-08,0.0000,99.8223,0.1777,1.463564e+02
144400,5.300746e-06,2.678706e+01,1.589984e-11,3.400425e-04,0.000000e+00,3.427036e-04,3.414629e-04,0.000000e+00,1.393874e-08,-7.433207e-12,2.381294e-10,0.000000e+00,0.000000e+00,0.000000e+00,1.393874e-08,0.0000,99.8230,0.1770,1.462849e+02
144500,5.304417e-06,2.677856e+01,1.589479e-11,3.383491e-04,0.000000e+00,3.417359e-04,3.397231e-04,0.000000e+00,1.389623e-08,1.319564e-13,2.394436e-10,0.000000e+00,0.000000e+00,0.000000e+00,1.389623e-08,0.0000,99.8238,0.1762,1.462227e+02
144600,5.308088e-06,2.679726e+01,1.590589e-11,3.443667e-04,0.000000e+00,3.416754e-04,3.413430e-04,0.000000e+00,1.389901e-08,-5.640228e-12,2.465275e-10,0.000000e+00,0.000000e+00,0.000000e+00,1.389901e-08,0.0000,99.8233,0.1767,1.463233e+02
144700,5.311759e-06,2.681310e+01,1.591529e-11,3.442458e-04,0.000000e+00,3.394377e-04,3.416848e-04,0.000000e+00,1.378920e-08,7.964139e-13,2.491215e-10,0.000000e+00,0.000000e+00,0.000000e+00,1.378920e-08,0.0000,99.8225,0.1775,1.459312e+02
144800,5.315429e-06,2.681068e+01,1.591385e-11,3.423407e-04,0.000000e+00,3.411311e-04,3.427328e-04,0.000000e+00,1.387975e-08,-1.405564e-12,2.485120e-10,0.000000e+00,0.000000e+00,0.000000e+00,1.387975e-08,0.0000,99.8224,0.1776,1.463841e+02
144900,5.319100e-06,2.680779e+01,1.591214e-11,3.408892e-04,0.000000e+00,3.471185e-04,3.413563e-04,0.000000e+00,1.411754e-08,-4.206914e-12,2.482065e-10,0.000000e+00,0.000000e+00,0.000000e+00,1.411754e-08,0.0000,99.8238,0.1762,1.462803e+02
145000,5.322771e-06,2.679986e+01,1.590743e-11,3.435805e-04,0.000000e+00,3.414637e-04,3.448627e-04,0.000000e+00,1.388572e-08,3.107925e-12,2.522111e-10,0.000000e+00,0.000000e+00,0.000000e+00,1.388572e-08,0.0000,99.8235,0.1765,1.462310e+02
145100,5.326442e-06,2.679682e+01,1.590563e-11,3.427338e-04,0.000000e+00,3.407985e-04,3.432248e-04,0.000000e+00,1.385780e-08,-5.171230e-12,2.368581e-10,0.000000e+00,0.000000e+00,0.000000e+00,1.385780e-08,0.0000,99.8232,0.1768,1.462203e+02
145200,5.330113e-06,2.679721e+01,1.590586e-11,3.416149e-04,0.000000e+00,3.420988e-04,3.415517e-04,0.000000e+00,1.391312e-08,-4.358649e-12,2.560706e-10,0.000000e+00,0.000000e+00,0.000000e+00,1.391312e-08,0.0000,99.8234,0.1766,1.462690e+02
145300,5.333784e-06,2.678040e+01,1.589588e-11,3.401030e-04,0.000000e+00,3.421895e-04,3.428212e-04,0.000000e+00,1.391942e-08,8.316264e-13,2.342461e-10,0.000000e+00,0.000000e+00,0.000000e+00,1.391942e-08,0.0000,99.8240,0.1760,1.463128e+02
145400,5.337455e-06,2.677496e+01,1.589265e-11,3.428245e-04,0.000000e+00,3.450018e-04,3.437044e-04,0.000000e+00,1.402800e-08,3.082262e-12,2.270828e-10,0.000000e+00,0.000000e+00,0.000000e+00,1.402800e-08,0.0000,99.8245,0.1755,1.461920e+02
145500,5.341126e-06,2.676744e+01,1.588819e-11,3.426128e-04,0.000000e+00,3.382886e-04,3.438284e-04,0.000000e+00,1.375371e-08,-1.061112e-11,2.474461e-10,0.000000e+00,0.000000e+00,0.000000e+00,1.375371e-08,0.0000,99.8238,0.1762,1.461706e+02
145600,5.344796e-06,2.676343e+01,1.588581e-11,3.434293e-04,0.000000e+00,3.447598e-04,3.440776e-04,0.000000e+00,1.402664e-08,-7.616707e-12,2.575219e-10,0.000000e+00,0.000000e+00,0.000000e+00,1.402664e-08,0.0000,99.8242,0.1758,1.463782e+02
145700,5.348467e-06,2.674400e+01,1.587427e-11,3.400727e-04,0.000000e+00,3.426733e-04,3.432159e-04,0.000000e+00,1.394268e-08,-3.839920e-12,2.459216e-10,0.000000e+00,0.000000e+00,0.000000e+00,1.394268e-08,0.0000,99.8248,0.1752,1.463892e+02
145800,5.352138e-06,2.673845e+01,1.587098e-11,3.415242e-04,0.000000e+00,3.405566e-04,3.424216e-04,0.000000e+00,1.385516e-08,6.720896e-12,2.477903e-10,0.000000e+00,0.000000e+00,0.000000e+00,1.385516e-08,0.0000,99.8248,0.1752,1.463611e+02
145900,5.355809e-06,2.673037e+01,1.586618e-11,3.425221e-04,0.000000e+00,3.430664e-04,3.438284e-04,0.000000e+00,1.395051e-08,-7.788493e-12,2.449357e-10,0.000000e+00,0.000000e+00,0.000000e+00,1.395051e-08,0.0000,99.8250,0.1750,1.462215e+02
146000,5.359480e-06,2.672393e+01,1.586236e-11,3.425524e-04,0.000000e+00,3.417359e-04,3.435932e-04,0.000000e+00,1.389936e-08,-4.510276e-12,2.574755e-10,0.000000e+00,0.000000e+00,0.000000e+00,1.389936e-08,0.0000,99.8249,0.1751,1.462866e+02
146100,5.363151e-06,2.673690e+01,1.587006e-11,3.422197e-04,0.000000e+00,3.402239e-04,3.401225e-04,0.000000e+00,1.384632e-08,4.184993e-12,2.355970e-10,0.000000e+00,0.000000e+00,0.000000e+00,1.384632e-08,0.0000,99.8247,0.1753,1.464629e+02
146200,5.366822e-06,2.673911e+01,1.587137e-11,3.428548e-04,0.000000e+00,3.432781e-04,3.424974e-04,0.000000e+00,1.396962e-08,-1.702842e-12,2.134207e-10,0.000000e+00,0.000000e+00,0.000000e+00,1.396962e-08,0.0000,99.8249,0.1751,1.464461e+02
146300,5.370493e-06,2.672853e+01,1.586510e-11,3.407380e-04,0.000000e+00,3.414033e-04,3.424481e-04,0.000000e+00,1.388329e-08,-2.189962e-12,2.447317e-10,0.000000e+00,0.000000e+00,0.000000e+00,1.388329e-08,0.0000,99.8251,0.1749,1.462293e+02
146400,5.374163e-06,2.674252e+01,1.587340e-11,3.428548e-04,0.000000e+00,3.425221e-04,3.405931e-04,0.000000e+00,1.393121e-08,-6.317089e-12,2.523135e-10,0.000000e+00,0.000000e+00,0.000000e+00,1.393121e-08,0.0000,99.8252,0.1748,1.462820e+02
146500,5.377834e-06,2.676278e+01,1.588542e-11,3.440946e-04,0.000000e+00,3.440643e-04,3.408193e-04,0.000000e+00,1.400097e-08,-2.739146e-12,2.390330e-10,0.000000e+00,0.000000e+00,0.000000e+00,1.400097e-08,0.0000,99.8253,0.1747,1.464327e+02
146600,5.381505e-06,2.678250e+01,1.589713e-11,3.428850e-04,0.000000e+00,3.401030e-04,3.396967e-04,0.000000e+00,1.384218e-08,-9.076494e-12,2.375105e-10,0.000000e+00,0.000000e+00,0.000000e+00,1.384218e-08,0.0000,99.8249,0.1751,1.464697e+02
146700,5.385176e-06,2.677185e+01,1.589081e-11,3.401635e-04,0.000000e+00,3.431874e-04,3.418845e-04,0.000000e+00,1.396851e-08,-2.125084e-12,2.532979e-10,0.000000e+00,0.000000e+00,0.000000e+00,1.396851e-08,0.0000,99.8256,0.1744,1.464919e+02
146800,5.388847e-06,2.676834e+01,1.588873e-11,3.422802e-04,0.000000e+00,3.451530e-04,3.428476e-04,0.000000e+00,1.404236e-08,5.093745e-12,2.668547e-10,0.000000e+00,0.000000e+00,0.000000e+00,1.404236e-08,0.0000,99.8263,0.1737,1.463776e+02
146900,5.392518e-06,2.677856e+01,1.589479e-11,3.408287e-04,0.000000e+00,3.393772e-04,3.391773e-04,0.000000e+00,1.380483e-08,1.800376e-12,2.384088e-10,0.000000e+00,0.000000e+00,0.000000e+00,1.380483e-08,0.0000,99.8261,0.1739,1.463161e+02
147000,5.396189e-06,2.675929e+01,1.588335e-11,3.383793e-04,0.000000e+00,3.417661e-04,3.414939e-04,0.000000e+00,1.390310e-08,-3.663402e-12,2.534799e-10,0.000000e+00,0.000000e+00,0.000000e+00,1.390310e-08,0.0000,99.8269,0.1731,1.463345e+02
147100,5.399860e-06,2.676566e+01,1.588713e-11,3.418266e-04,0.000000e+00,3.405868e-04,3.407971e-04,0.000000e+00,1.385389e-08,-6.347658e-12,2.239968e-10,0.000000e+00,0.000000e+00,0.000000e+00,1.385389e-08,0.0000,99.8268,0.1732,1.463124e+02
147200,5.403530e-06,2.675107e+01,1.587847e-11,3.398006e-04,0.000000e+00,3.394679e-04,3.421596e-04,0.000000e+00,1.379568e-08,-1.793184e-12,2.462574e-10,0.000000e+00,0.000000e+00,0.000000e+00,1.379568e-08,0.0000,99.8269,0.1731,1.460422e+02
147300,5.407201e-06,2.676592e+01,1.588729e-11,3.434596e-04,0.000000e+00,3.403449e-04,3.410592e-04,0.000000e+00,1.384076e-08,-1.056805e-12,2.412281e-10,0.000000e+00,0.000000e+00,0.000000e+00,1.384076e-08,0.0000,99.8263,0.1737,1.462381e+02
147400,5.410872e-06,2.678404e+01,1.589804e-11,3.445179e-04,0.000000e+00,3.408590e-04,3.415873e-04,0.000000e+00,1.386435e-08,-4.431708e-13,2.226937e-10,0.000000e+00,0.000000e+00,0.000000e+00,1.386435e-08,0.0000,99.8257,0.1743,1.462988e+02
147500,5.414543e-06,2.678164e+01,1.589662e-11,3.420383e-04,0.000000e+00,3.433386e-04,3.424259e-04,0.000000e+00,1.397133e-08,7.371581e-13,2.599145e-10,0.000000e+00,0.000000e+00,0.000000e+00,1.397133e-08,0.0000,99.8261,0.1739,1.464279e+02
147600,5.418214e-06,2.676498e+01,1.588673e-11,3.374721e-04,0.000000e+00,3.442155e-04,3.401669e-04,0.000000e+00,1.400101e-08,4.575481e-12,2.387610e-10,0.000000e+00,0.000000e+00,0.000000e+00,1.400101e-08,0.0000,99.8276,0.1724,1.463070e+02
147700,5.421885e-06,2.675358e+01,1.587996e-11,3.409194e-04,0.000000e+00,3.417057e-04,3.427633e-04,0.000000e+00,1.389672e-08,-7.434919e-12,2.241580e-10,0.000000e+00,0.000000e+00,0.000000e+00,1.389672e-08,0.0000,99.8279,0.1721,1.462551e+02
147800,5.425556e-06,2.674710e+01,1.587612e-11,3.417964e-04,0.000000e+00,3.403449e-04,3.428431e-04,0.000000e+00,1.384569e-08,-4.943763e-12,2.553831e-10,0.000000e+00,0.000000e+00,0.000000e+00,1.384569e-08,0.0000,99.8277,0.1723,1.463540e+02
147900,5.429227e-06,2.674246e+01,1.587336e-11,3.433084e-04,0.000000e+00,3.388632e-04,3.440592e-04,0.000000e+00,1.378234e-08,-5.068392e-12,2.409980e-10,0.000000e+00,0.000000e+00,0.000000e+00,1.378234e-08,0.0000,99.8269,0.1731,1.462788e+02
148000,5.432897e-06,2.677415e+01,1.589217e-11,3.451227e-04,0.000000e+00,3.419778e-04,3.399985e-04,0.000000e+00,1.391065e-08,-8.807464e-12,2.512697e-10,0.000000e+00,0.000000e+00,0.000000e+00,1.391065e-08,0.0000,99.8264,0.1736,1.463237e+02
148100,5.436568e-06,2.679031e+01,1.590177e-11,3.440946e-04,0.000000e+00,3.420081e-04,3.414806e-04,0.000000e+00,1.391426e-08,-4.460098e-12,2.744702e-10,0.000000e+00,0.000000e+00,0.000000e+00,1.391426e-08,0.0000,99.8261,0.1739,1.463733e+02
148200,5.440239e-06,2.679180e+01,1.590265e-11,3.430967e-04,0.000000e+00,3.438527e-04,3.428564e-04,0.000000e+00,1.399572e-08,2.209088e-12,2.187503e-10,0.000000e+00,0.000000e+00,0.000000e+00,1.399572e-08,0.0000,99.8264,0.1736,1.464977e+02
148300,5.443910e-06,2.676923e+01,1.588925e-11,3.405566e-04,0.000000e+00,3.425221e-04,3.442065e-04,0.000000e+00,1.392666e-08,-1.000465e-11,2.395128e-10,0.000000e+00,0.000000e+00,0.000000e+00,1.392666e-08,0.0000,99.8269,0.1731,1.461955e+02
148400,5.447581e-06,2.678328e+01,1.589759e-11,3.444272e-04,0.000000e+00,3.448506e-04,3.421552e-04,0.000000e+00,1.402224e-08,2.916476e-12,2.450879e-10,0.000000e+00,0.000000e+00,0.000000e+00,1.402224e-08,0.0000,99.8271,0.1729,1.462142e+02
148500,5.451252e-06,2.678164e+01,1.589662e-11,3.414637e-04,0.000000e+00,3.413126e-04,3.417291e-04,0.000000e+00,1.387476e-08,-8.078388e-12,2.355559e-10,0.000000e+00,0.000000e+00,0.000000e+00,1.387476e-08,0.0000,99.8272,0.1728,1.461203e+02
148600,5.454923e-06,2.679165e+01,1.590256e-11,3.439736e-04,0.000000e+00,3.435805e-04,3.423551e-04,0.000000e+00,1.397877e-08,-3.694697e-12,2.459997e-10,0.000000e+00,0.000000e+00,0.000000e+00,1.397877e-08,0.0000,99.8272,0.1728,1.463767e+02
148700,5.458594e-06,2.680598e+01,1.591106e-11,3.458485e-04,0.000000e+00,3.434898e-04,3.435311e-04,0.000000e+00,1.396944e-08,-4.040810e-12,2.388222e-10,0.000000e+00,0.000000e+00,0.000000e+00,1.396944e-08,0.0000,99.8269,0.1731,1.462628e+02
148800,5.462265e-06,2.679048e+01,1.590186e-11,3.388632e-04,0.000000e+00,3.431572e-04,3.413696e-04,0.000000e+00,1.395770e-08,-4.363015e-12,2.579424e-10,0.000000e+00,0.000000e+00,0.000000e+00,1.395770e-08,0.0000,99.8279,0.1721,1.462991e+02
148900,5.465935e-06,2.679202e+01,1.590278e-11,3.404961e-04,0.000000e+00,3.436107e-04,3.402468e-04,0.000000e+00,1.397580e-08,-2.474422e-12,2.458564e-10,0.000000e+00,0.000000e+00,0.000000e+00,1.397580e-08,0.0000,99.8286,0.1714,1.462882e+02
149000,5.469606e-06,2.680057e+01,1.590785e-11,3.420685e-04,0.000000e+00,3.426733e-04,3.406862e-04,0.000000e+00,1.393397e-08,-1.994923e-12,2.482959e-10,0.000000e+00,0.000000e+00,0.000000e+00,1.393397e-08,0.0000,99.8288,0.1712,1.462118e+02
149100,5.473277e-06,2.680871e+01,1.591269e-11,3.441551e-04,0.000000e+00,3.408590e-04,3.428387e-04,0.000000e+00,1.386267e-08,-5.307639e-12,2.574198e-10,0.000000e+00,0.000000e+00,0.000000e+00,1.386267e-08,0.0000,99.8283,0.1717,1.462635e+02
149200,5.476948e-06,2.681811e+01,1.591826e-11,3.428850e-04,0.000000e+00,3.404961e-04,3.413652e-04,0.000000e+00,1.385733e-08,1.492727e-12,2.524673e-10,0.000000e+00,0.000000e+00,0.000000e+00,1.385733e-08,0.0000,99.8279,0.1721,1.464597e+02
149300,5.480619e-06,2.679902e+01,1.590693e-11,3.396191e-04,0.000000e+00,3.426431e-04,3.427055e-04,0.000000e+00,1.394049e-08,-5.852094e-13,2.324717e-10,0.000000e+00,0.000000e+00,0.000000e+00,1.394049e-08,0.0000,99.8287,0.1713,1.463744e+02
149400,5.484290e-06,2.678960e+01,1.590134e-11,3.405868e-04,0.000000e+00,3.436712e-04,3.421108e-04,0.000000e+00,1.397795e-08,-7.034143e-12,2.525269e-10,0.000000e+00,0.000000e+00,0.000000e+00,1.397795e-08,0.0000,99.8294,0.1706,1.462872e+02
149500,5.487961e-06,2.677097e+01,1.589029e-11,3.381676e-04,0.000000e+00,3.426431e-04,3.411788e-04,0.000000e+00,1.393582e-08,-2.292263e-12,2.697415e-10,0.000000e+00,0.000000e+00,0.000000e+00,1.393582e-08,0.0000,99.8304,0.1696,1.462809e+02
149600,5.491632e-06,2.676059e+01,1.588412e-11,3.418871e-04,0.000000e+00,3.369883e-04,3.435666e-04,0.000000e+00,1.370642e-08,1.627573e-12,2.365434e-10,0.000000e+00,0.000000e+00,0.000000e+00,1.370642e-08,0.0000,99.8296,0.1704,1.462696e+02
149700,5.495302e-06,2.674936e+01,1.587746e-11,3.414940e-04,0.000000e+00,3.415545e-04,3.433091e-04,0.000000e+00,1.389047e-08,-5.280405e-12,2.634597e-10,0.000000e+00,0.000000e+00,0.000000e+00,1.389047e-08,0.0000,99.8297,0.1703,1.462505e+02
149800,5.498973e-06,2.673815e+01,1.587080e-11,3.409194e-04,0.000000e+00,3.388632e-04,3.427325e-04,0.000000e+00,1.378704e-08,1.274793e-12,2.384841e-10,0.000000e+00,0.000000e+00,0.000000e+00,1.378704e-08,0.0000,99.8294,0.1706,1.463789e+02
149900,5.502644e-06,2.673398e+01,1.586833e-11,3.396796e-04,0.000000e+00,3.411311e-04,3.403533e-04,0.000000e+00,1.386704e-08,-4.519621e-12,2.264753e-10,0.000000e+00,0.000000e+00,0.000000e+00,1.386704e-08,0.0000,99.8298,0.1702,1.461186e+02
150000,5.506315e-06,2.672466e+01,1.586280e-11,3.394679e-04,0.000000e+00,3.433386e-04,3.409746e-04,0.000000e+00,1.395827e-08,1.053173e-12,2.415363e-10,0.000000e+00,0.000000e+00,0.000000e+00,1.395827e-08,0.0000,99.8307,0.1693,1.461553e+02
150100,5.509986e-06,2.674349e+01,1.587398e-11,3.447296e-04,0.000000e+00,3.391655e-04,3.416848e-04,0.000000e+00,1.379071e-08,2.995886e-12,2.636947e-10,0.000000e+00,0.000000e+00,0.000000e+00,1.379071e-08,0.0000,99.8297,0.1703,1.461923e+02
150200,5.513657e-06,2.675327e+01,1.587978e-11,3.437619e-04,0.000000e+00,3.416452e-04,3.421818e-04,0.000000e+00,1.389818e-08,-2.170893e-12,2.195095e-10,0.000000e+00,0.000000e+00,0.000000e+00,1.389818e-08,0.0000,99.8294,0.1706,1.463357e+02
150300,5.517328e-06,2.674144e+01,1.587276e-11,3.417964e-04,0.000000e+00,3.409194e-04,3.437086e-04,0.000000e+00,1.386691e-08,-3.431974e-12,2.344410e-10,0.000000e+00,0.000000e+00,0.000000e+00,1.386691e-08,0.0000,99.8293,0.1707,1.462952e+02
150400,5.520999e-06,2.671378e+01,1.585634e-11,3.392865e-04,0.000000e+00,3.442155e-04,3.437585e-04,0.000000e+00,1.400114e-08,-7.476065e-12,2.463211e-10,0.000000e+00,0.000000e+00,0.000000e+00,1.400114e-08,0.0000,99.8304,0.1696,1.463040e+02
150500,5.524669e-06,2.670397e+01,1.585052e-11,3.419173e-04,0.000000e+00,3.408892e-04,3.435044e-04,0.000000e+00,1.385323e-08,-4.512523e-12,2.274066e-10,0.000000e+00,0.000000e+00,0.000000e+00,1.385323e-08,0.0000,99.8303,0.1697,1.460322e+02
150600,5.528340e-06,2.672702e+01,1.586420e-11,3.446086e-04,0.000000e+00,3.425826e-04,3.408814e-04,0.000000e+00,1.392299e-08,-5.499081e-12,2.508837e-10,0.000000e+00,0.000000e+00,0.000000e+00,1.392299e-08,0.0000,99.8300,0.1700,1.460559e+02
150700,5.532011e-06,2.672404e+01,1.586243e-11,3.425826e-04,0.000000e+00,3.406775e-04,3.430650e-04,0.000000e+00,1.386364e-08,-7.469212e-12,2.337401e-10,0.000000e+00,0.000000e+00,0.000000e+00,1.386364e-08,0.0000,99.8298,0.1702,1.464338e+02
150800,5.535682e-06,2.672535e+01,1.586321e-11,3.405566e-04,0.000000e+00,3.448808e-04,3.403444e-04,0.000000e+00,1.401982e-08,-6.528374e-12,2.340837e-10,0.000000e+00,0.000000e+00,0.000000e+00,1.401982e-08,0.0000,99.8308,0.1692,1.461340e+02
150900,5.539353e-06,2.671618e+01,1.585776e-11,3.401937e-04,0.000000e+00,3.414033e-04,3.416759e-04,0.000000e+00,1.388416e-08,-1.383888e-12,2.544713e-10,0.000000e+00,0.000000e+00,0.000000e+00,1.388416e-08,0.0000,99.8311,0.1689,1.462467e+02
151000,5.543024e-06,2.669800e+01,1.584697e-11,3.388329e-04,0.000000e+00,3.420383e-04,3.417735e-04,0.000000e+00,1.390876e-08,-4.112891e-12,2.494899e-10,0.000000e+00,0.000000e+00,0.000000e+00,1.390876e-08,0.0000,99.8319,0.1681,1.462209e+02
151100,5.546695e-06,2.671788e+01,1.585877e-11,3.427338e-04,0.000000e+00,3.375024e-04,3.395189e-04,0.000000e+00,1.372491e-08,2.113990e-12,2.447501e-10,0.000000e+00,0.000000e+00,0.000000e+00,1.372491e-08,0.0000,99.8309,0.1691,1.462346e+02
151200,5.550366e-06,2.672245e+01,1.586148e-11,3.409194e-04,0.000000e+00,3.423709e-04,3.401802e-04,0.000000e+00,1.392490e-08,-2.537616e-12,2.471731e-10,0.000000e+00,0.000000e+00,0.000000e+00,1.392490e-08,0.0000,99.8313,0.1687,1.462730e+02
151300,5.554036e-06,2.672579e+01,1.586347e-11,3.423709e-04,0.000000e+00,3.415242e-04,3.418312e-04,0.000000e+00,1.389731e-08,-9.301403e-12,2.282319e-10,0.000000e+00,0.000000e+00,0.000000e+00,1.389731e-08,0.0000,99.8313,0.1687,1.464224e+02
151400,5.557707e-06,2.674440e+01,1.587452e-11,3.424314e-04,0.000000e+00,3.408892e-04,3.394213e-04,0.000000e+00,1.387078e-08,-3.822447e-13,2.487909e-10,0.000000e+00,0.000000e+00,0.000000e+00,1.387078e-08,0.0000,99.8311,0.1689,1.464029e+02
151500,5.561378e-06,2.673888e+01,1.587124e-11,3.402542e-04,0.000000e+00,3.416149e-04,3.411477e-04,0.000000e+00,1.389478e-08,4.186336e-13,2.243434e-10,0.000000e+00,0.000000e+00,0.000000e+00,1.389478e-08,0.0000,99.8315,0.1685,1.462929e+02
151600,5.565049e-06,2.674358e+01,1.587403e-11,3.441853e-04,0.000000e+00,3.400425e-04,3.434245e-04,0.000000e+00,1.382323e-08,-1.585660e-12,2.484084e-10,0.000000e+00,0.000000e+00,0.000000e+00,1.382323e-08,0.0000,99.8308,0.1692,1.461362e+02
151700,5.568720e-06,2.674087e+01,1.587242e-11,3.406473e-04,0.000000e+00,3.440946e-04,3.410856e-04,0.000000e+00,1.399157e-08,-4.783250e-12,2.332018e-10,0.000000e+00,0.000000e+00,0.000000e+00,1.399157e-08,0.0000,99.8316,0.1684,1.462096e+02
151800,5.572391e-06,2.676831e+01,1.588871e-11,3.443063e-04,0.000000e+00,3.420988e-04,3.398695e-04,0.000000e+00,1.391938e-08,-2.137202e-12,2.574351e-10,0.000000e+00,0.000000e+00,0.000000e+00,1.391938e-08,0.0000,99.8313,0.1687,1.463907e+02
151900,5.576062e-06,2.679485e+01,1.590446e-11,3.465440e-04,0.000000e+00,3.430362e-04,3.422529e-04,0.000000e+00,1.394995e-08,-2.619136e-12,2.600556e-10,0.000000e+00,0.000000e+00,0.000000e+00,1.394995e-08,0.0000,99.8307,0.1693,1.462374e+02
152000,5.579733e-06,2.680417e+01,1.590999e-11,3.404356e-04,0.000000e+00,3.430362e-04,3.389286e-04,0.000000e+00,1.396319e-08,2.099776e-12,2.350487e-10,0.000000e+00,0.000000e+00,0.000000e+00,1.396319e-08,0.0000,99.8313,0.1687,1.465085e+02
152100,5.583403e-06,2.679176e+01,1.590262e-11,3.415242e-04,0.000000e+00,3.447901e-04,3.435310e-04,0.000000e+00,1.403354e-08,-1.300383e-12,2.422563e-10,0.000000e+00,0.000000e+00,0.000000e+00,1.403354e-08,0.0000,99.8321,0.1679,1.464934e+02
152200,5.587074e-06,2.679049e+01,1.590187e-11,3.400425e-04,0.000000e+00,3.429152e-04,3.402469e-04,0.000000e+00,1.393716e-08,-1.110743e-11,2.618083e-10,0.000000e+00,0.000000e+00,0.000000e+00,1.393716e-08,0.0000,99.8327,0.1673,1.460744e+02
152300,5.590745e-06,2.679866e+01,1.590672e-11,3.424012e-04,0.000000e+00,3.396191e-04,3.410812e-04,0.000000e+00,1.381266e-08,-2.793557e-12,2.339824e-10,0.000000e+00,0.000000e+00,0.000000e+00,1.381266e-08,0.0000,99.8323,0.1677,1.462763e+02
152400,5.594416e-06,2.681371e+01,1.591566e-11,3.446389e-04,0.000000e+00,3.407985e-04,3.422040e-04,0.000000e+00,1.385903e-08,-4.241522e-12,2.478997e-10,0.000000e+00,0.000000e+00,0.000000e+00,1.385903e-08,0.0000,99.8317,0.1683,1.462330e+02
152500,5.598087e-06,2.681441e+01,1.591607e-11,3.432176e-04,0.000000e+00,3.441551e-04,3.431050e-04,0.000000e+00,1.399854e-08,1.108826e-11,2.613561e-10,0.000000e+00,0.000000e+00,0.000000e+00,1.399854e-08,0.0000,99.8320,0.1680,1.462904e+02
152600,5.601758e-06,2.681085e+01,1.591396e-11,3.420988e-04,0.000000e+00,3.394982e-04,3.426745e-04,0.000000e+00,1.380873e-08,1.625172e-12,2.451952e-10,0.000000e+00,0.000000e+00,0.000000e+00,1.380873e-08,0.0000,99.8316,0.1684,1.462946e+02
152700,5.605429e-06,2.684144e+01,1.593211e-11,3.459694e-04,0.000000e+00,3.461811e-04,3.410235e-04,0.000000e+00,1.407710e-08,-8.007401e-13,2.236488e-10,0.000000e+00,0.000000e+00,0.000000e+00,1.407710e-08,0.0000,99.8317,0.1683,1.462196e+02
152800,5.609100e-06,2.683290e+01,1.592704e-11,3.424919e-04,0.000000e+00,3.416754e-04,3.438728e-04,0.000000e+00,1.389916e-08,-5.747450e-12,2.476745e-10,0.000000e+00,0.000000e+00,0.000000e+00,1.389916e-08,0.0000,99.8317,0.1683,1.463337e+02
152900,5.612770e-06,2.680713e+01,1.591175e-11,3.408287e-04,0.000000e+00,3.445784e-04,3.449960e-04,0.000000e+00,1.401607e-08,-2.273234e-12,2.444976e-10,0.000000e+00,0.000000e+00,0.000000e+00,1.401607e-08,0.0000,99.8325,0.1675,1.463131e+02
153000,5.616441e-06,2.681188e+01,1.591457e-11,3.432479e-04,0.000000e+00,3.461509e-04,3.424793e-04,0.000000e+00,1.407165e-08,-4.513437e-12,2.405764e-10,0.000000e+00,0.000000e+00,0.000000e+00,1.407165e-08,0.0000,99.8332,0.1668,1.461397e+02
153100,5.620112e-06,2.679572e+01,1.590498e-11,3.406170e-04,0.000000e+00,3.385910e-04,3.432294e-04,0.000000e+00,1.377579e-08,3.205988e-13,2.606610e-10,0.000000e+00,0.000000e+00,0.000000e+00,1.377579e-08,0.0000,99.8329,0.1671,1.463690e+02
153200,5.623783e-06,2.677014e+01,1.588979e-11,3.402239e-04,0.000000e+00,3.434898e-04,3.443610e-04,0.000000e+00,1.397272e-08,-1.377240e-12,2.441828e-10,0.000000e+00,0.000000e+00,0.000000e+00,1.397272e-08,0.0000,99.8337,0.1663,1.463283e+02
153300,5.627454e-06,2.674477e+01,1.587474e-11,3.385910e-04,0.000000e+00,3.427943e-04,3.426923e-04,0.000000e+00,1.395054e-08,9.219308e-14,2.609697e-10,0.000000e+00,0.000000e+00,0.000000e+00,1.395054e-08,0.0000,99.8346,0.1654,1.464542e+02
153400,5.631125e-06,2.673718e+01,1.587023e-11,3.425826e-04,0.000000e+00,3.391353e-04,3.438107e-04,0.000000e+00,1.378469e-08,-6.386876e-12,2.360107e-10,0.000000e+00,0.000000e+00,0.000000e+00,1.378469e-08,0.0000,99.8340,0.1660,1.461023e+02
153500,5.634796e-06,2.673667e+01,1.586993e-11,3.427036e-04,0.000000e+00,3.395284e-04,3.427856e-04,0.000000e+00,1.380994e-08,-8.809936e-12,2.518392e-10,0.000000e+00,0.000000e+00,0.000000e+00,1.380994e-08,0.0000,99.8335,0.1665,1.462779e+02
153600,5.638467e-06,2.671814e+01,1.585893e-11,3.408892e-04,0.000000e+00,3.411009e-04,3.438861e-04,0.000000e+00,1.388315e-08,-3.939784e-12,2.475254e-10,0.000000e+00,0.000000e+00,0.000000e+00,1.388315e-08,0.0000,99.8337,0.1663,1.464827e+02
153700,5.642137e-06,2.672205e+01,1.586125e-11,3.431874e-04,0.000000e+00,3.413730e-04,3.425546e-04,0.000000e+00,1.388346e-08,-5.881869e-12,2.424084e-10,0.000000e+00,0.000000e+00,0.000000e+00,1.388346e-08,0.0000,99.8334,0.1666,1.462602e+02
153800,5.645808e-06,2.671762e+01,1.585862e-11,3.410706e-04,0.000000e+00,3.416149e-04,3.417868e-04,0.000000e+00,1.389647e-08,-5.754434e-12,2.415134e-10,0.000000e+00,0.000000e+00,0.000000e+00,1.389647e-08,0.0000,99.8337,0.1663,1.463205e+02
153900,5.649479e-06,2.671557e+01,1.585740e-11,3.411311e-04,0.000000e+00,3.420685e-04,3.414628e-04,0.000000e+00,1.391247e-08,1.968777e-12,2.537978e-10,0.000000e+00,0.000000e+00,0.000000e+00,1.391247e-08,0.0000,99.8339,0.1661,1.462814e+02
154000,5.653150e-06,2.671354e+01,1.585619e-11,3.407078e-04,0.000000e+00,3.442760e-04,3.410368e-04,0.000000e+00,1.400219e-08,1.539435e-12,2.496655e-10,0.000000e+00,0.000000e+00,0.000000e+00,1.400219e-08,0.0000,99.8348,0.1652,1.462732e+02
154100,5.656821e-06,2.670982e+01,1.585399e-11,3.417057e-04,0.000000e+00,3.411009e-04,3.423061e-04,0.000000e+00,1.387407e-08,-6.534800e-12,2.598827e-10,0.000000e+00,0.000000e+00,0.000000e+00,1.387407e-08,0.0000,99.8347,0.1653,1.462996e+02
154200,5.660492e-06,2.673141e+01,1.586681e-11,3.433386e-04,0.000000e+00,3.420383e-04,3.398473e-04,0.000000e+00,1.392199e-08,-4.472345e-12,2.407321e-10,0.000000e+00,0.000000e+00,0.000000e+00,1.392199e-08,0.0000,99.8346,0.1654,1.465001e+02
154300,5.664163e-06,2.672485e+01,1.586291e-11,3.424919e-04,0.000000e+00,3.399518e-04,3.435532e-04,0.000000e+00,1.383009e-08,2.291987e-12,2.253264e-10,0.000000e+00,0.000000e+00,0.000000e+00,1.383009e-08,0.0000,99.8342,0.1658,1.463513e+02
154400,5.667834e-06,2.673146e+01,1.586683e-11,3.425221e-04,0.000000e+00,3.409194e-04,3.414541e-04,0.000000e+00,1.386330e-08,-6.573337e-12,2.478261e-10,0.000000e+00,0.000000e+00,0.000000e+00,1.386330e-08,0.0000,99.8340,0.1660,1.462243e+02
154500,5.671504e-06,2.674143e+01,1.587275e-11,3.435200e-04,0.000000e+00,3.439736e-04,3.419067e-04,0.000000e+00,1.398891e-08,5.002335e-12,2.542126e-10,0.000000e+00,0.000000e+00,0.000000e+00,1.398891e-08,0.0000,99.8342,0.1658,1.462553e+02
154600,5.675175e-06,2.675648e+01,1.588168e-11,3.432781e-04,0.000000e+00,3.425826e-04,3.408459e-04,0.000000e+00,1.393308e-08,-6.903995e-12,2.335059e-10,0.000000e+00,0.000000e+00,0.000000e+00,1.393308e-08,0.0000,99.8342,0.1658,1.462692e+02
154700,5.678846e-06,2.675653e+01,1.588171e-11,3.413428e-04,0.000000e+00,3.418266e-04,3.413341e-04,0.000000e+00,1.390876e-08,5.406456e-12,2.370064e-10,0.000000e+00,0.000000e+00,0.000000e+00,1.390876e-08,0.0000,99.8344,0.1656,1.464044e+02
154800,5.682517e-06,2.674651e+01,1.587577e-11,3.395284e-04,0.000000e+00,3.449715e-04,3.411477e-04,0.000000e+00,1.403066e-08,-3.573636e-12,2.381468e-10,0.000000e+00,0.000000e+00,0.000000e+00,1.403066e-08,0.0000,99.8356,0.1644,1.462830e+02
154900,5.686188e-06,2.675295e+01,1.587959e-11,3.419173e-04,0.000000e+00,3.392260e-04,3.408770e-04,0.000000e+00,1.379707e-08,-4.389046e-12,2.512166e-10,0.000000e+00,0.000000e+00,0.000000e+00,1.379707e-08,0.0000,99.8351,0.1649,1.462784e+02
155000,5.689859e-06,2.672717e+01,1.586429e-11,3.386212e-04,0.000000e+00,3.430060e-04,3.427899e-04,0.000000e+00,1.394962e-08,-9.351519e-12,2.422041e-10,0.000000e+00,0.000000e+00,0.000000e+00,1.394962e-08,0.0000,99.8361,0.1639,1.462539e+02
155100,5.693530e-06,2.673430e+01,1.586852e-11,3.418266e-04,0.000000e+00,3.400425e-04,3.406730e-04,0.000000e+00,1.383730e-08,-1.817306e-13,2.460150e-10,0.000000e+00,0.000000e+00,0.000000e+00,1.383730e-08,0.0000,99.8359,0.1641,1.464242e+02
155200,5.697201e-06,2.673182e+01,1.586704e-11,3.419173e-04,0.000000e+00,3.401635e-04,3.423194e-04,0.000000e+00,1.383113e-08,-6.401878e-12,2.136055e-10,0.000000e+00,0.000000e+00,0.000000e+00,1.383113e-08,0.0000,99.8356,0.1644,1.461948e+02
155300,5.700871e-06,2.672211e+01,1.586129e-11,3.409194e-04,0.000000e+00,3.406170e-04,3.424881e-04,0.000000e+00,1.385513e-08,2.364504e-12,2.143939e-10,0.000000e+00,0.000000e+00,0.000000e+00,1.385513e-08,0.0000,99.8357,0.1643,1.463065e+02
155400,5.704542e-06,2.674096e+01,1.587247e-11,3.430362e-04,0.000000e+00,3.412218e-04,3.399894e-04,0.000000e+00,1.387920e-08,-1.780944e-12,2.508439e-10,0.000000e+00,0.000000e+00,0.000000e+00,1.387920e-08,0.0000,99.8354,0.1646,1.462977e+02
155500,5.708213e-06,2.675390e+01,1.588015e-11,3.425221e-04,0.000000e+00,3.419476e-04,3.404287e-04,0.000000e+00,1.390824e-08,-2.227953e-12,2.372697e-10,0.000000e+00,0.000000e+00,0.000000e+00,1.390824e-08,0.0000,99.8354,0.1646,1.462836e+02
155600,5.711884e-06,2.675511e+01,1.588087e-11,3.424919e-04,0.000000e+00,3.423105e-04,3.422972e-04,0.000000e+00,1.393095e-08,-8.935895e-13,2.424479e-10,0.000000e+00,0.000000e+00,0.000000e+00,1.393095e-08,0.0000,99.8355,0.1645,1.464500e+02
155700,5.715555e-06,2.676626e+01,1.588749e-11,3.435503e-04,0.000000e+00,3.436410e-04,3.417469e-04,0.000000e+00,1.398143e-08,7.583375e-12,2.429988e-10,0.000000e+00,0.000000e+00,0.000000e+00,1.398143e-08,0.0000,99.8356,0.1644,1.463832e+02
155800,5.719226e-06,2.675997e+01,1.588375e-11,3.413730e-04,0.000000e+00,3.421290e-04,3.423904e-04,0.000000e+00,1.392079e-08,-7.590683e-12,2.456078e-10,0.000000e+00,0.000000e+00,0.000000e+00,1.392079e-08,0.0000,99.8359,0.1641,1.464037e+02
155900,5.722897e-06,2.675530e+01,1.588098e-11,3.418266e-04,0.000000e+00,3.433084e-04,3.425813e-04,0.000000e+00,1.396991e-08,-2.987880e-12,2.490996e-10,0.000000e+00,0.000000e+00,0.000000e+00,1.396991e-08,0.0000,99.8363,0.1637,1.464157e+02
156000,5.726568e-06,2.679264e+01,1.590315e-11,3.459694e-04,0.000000e+00,3.416149e-04,3.399317e-04,0.000000e+00,1.388909e-08,-5.809120e-12,2.353402e-10,0.000000e+00,0.000000e+00,0.000000e+00,1.388909e-08,0.0000,99.8356,0.1644,1.461695e+02
156100,5.730239e-06,2.677954e+01,1.589537e-11,3.418871e-04,0.000000e+00,3.417359e-04,3.440060e-04,0.000000e+00,1.390484e-08,-4.024939e-12,2.460896e-10,0.000000e+00,0.000000e+00,0.000000e+00,1.390484e-08,0.0000,99.8356,0.1644,1.463920e+02
156200,5.733909e-06,2.679461e+01,1.590431e-11,3.440946e-04,0.000000e+00,3.440643e-04,3.416581e-04,0.000000e+00,1.400358e-08,-1.999537e-12,2.374351e-10,0.000000e+00,0.000000e+00,0.000000e+00,1.400358e-08,0.0000,99.8357,0.1643,1.464907e+02
156300,5.737580e-06,2.680023e+01,1.590765e-11,3.437922e-04,0.000000e+00,3.446691e-04,3.428831e-04,0.000000e+00,1.401491e-08,-6.311951e-12,2.468106e-10,0.000000e+00,0.000000e+00,0.000000e+00,1.401491e-08,0.0000,99.8360,0.1640,1.462061e+02
156400,5.741251e-06,2.679708e+01,1.590579e-11,3.420685e-04,0.000000e+00,3.418266e-04,3.425768e-04,0.000000e+00,1.391233e-08,-3.530885e-12,2.599337e-10,0.000000e+00,0.000000e+00,0.000000e+00,1.391233e-08,0.0000,99.8361,0.1639,1.464801e+02
156500,5.744922e-06,2.681008e+01,1.591350e-11,3.443365e-04,0.000000e+00,3.444877e-04,3.422351e-04,0.000000e+00,1.400255e-08,-7.089360e-12,2.242837e-10,0.000000e+00,0.000000e+00,0.000000e+00,1.400255e-08,0.0000,99.8362,0.1638,1.460964e+02
156600,5.748593e-06,2.679829e+01,1.590650e-11,3.407682e-04,0.000000e+00,3.438829e-04,3.426745e-04,0.000000e+00,1.398610e-08,2.041446e-12,2.797893e-10,0.000000e+00,0.000000e+00,0.000000e+00,1.398610e-08,0.0000,99.8369,0.1631,1.462662e+02
156700,5.752264e-06,2.678995e+01,1.590155e-11,3.419778e-04,0.000000e+00,3.417057e-04,3.433269e-04,0.000000e+00,1.389287e-08,-5.008484e-14,2.457897e-10,0.000000e+00,0.000000e+00,0.000000e+00,1.389287e-08,0.0000,99.8370,0.1630,1.461636e+02
156800,5.755935e-06,2.678470e+01,1.589843e-11,3.426733e-04,0.000000e+00,3.422802e-04,3.435222e-04,0.000000e+00,1.392089e-08,-6.717388e-13,2.482353e-10,0.000000e+00,0.000000e+00,0.000000e+00,1.392089e-08,0.0000,99.8370,0.1630,1.462668e+02
156900,5.759606e-06,2.678085e+01,1.589615e-11,3.417057e-04,0.000000e+00,3.427338e-04,3.423287e-04,0.000000e+00,1.394091e-08,-6.587608e-12,2.524885e-10,0.000000e+00,0.000000e+00,0.000000e+00,1.394091e-08,0.0000,99.8373,0.1627,1.463122e+02
157000,5.763276e-06,2.678249e+01,1.589712e-11,3.414940e-04,0.000000e+00,3.418266e-04,3.412276e-04,0.000000e+00,1.389805e-08,-5.774993e-13,2.533016e-10,0.000000e+00,0.000000e+00,0.000000e+00,1.389805e-08,0.0000,99.8375,0.1625,1.461735e+02
157100,5.766947e-06,2.675308e+01,1.587966e-11,3.393470e-04,0.000000e+00,3.424012e-04,3.441036e-04,0.000000e+00,1.392708e-08,-4.722046e-12,2.443659e-10,0.000000e+00,0.000000e+00,0.000000e+00,1.392708e-08,0.0000,99.8382,0.1618,1.462986e+02
157200,5.770618e-06,2.674217e+01,1.587319e-11,3.410404e-04,0.000000e+00,3.406170e-04,3.428032e-04,0.000000e+00,1.385153e-08,1.371614e-12,2.487920e-10,0.000000e+00,0.000000e+00,0.000000e+00,1.385153e-08,0.0000,99.8382,0.1618,1.462320e+02
157300,5.774289e-06,2.673522e+01,1.586906e-11,3.405868e-04,0.000000e+00,3.404961e-04,3.417114e-04,0.000000e+00,1.384484e-08,3.447740e-13,2.455148e-10,0.000000e+00,0.000000e+00,0.000000e+00,1.384484e-08,0.0000,99.8383,0.1617,1.461989e+02
157400,5.777960e-06,2.674077e+01,1.587236e-11,3.429152e-04,0.000000e+00,3.403146e-04,3.420176e-04,0.000000e+00,1.385157e-08,-3.230384e-12,2.437186e-10,0.000000e+00,0.000000e+00,0.000000e+00,1.385157e-08,0.0000,99.8379,0.1621,1.464917e+02
157500,5.781631e-06,2.672794e+01,1.586474e-11,3.407682e-04,0.000000e+00,3.406170e-04,3.428433e-04,0.000000e+00,1.384604e-08,-1.085971e-12,2.317275e-10,0.000000e+00,0.000000e+00,0.000000e+00,1.384604e-08,0.0000,99.8380,0.1620,1.461220e+02
157600,5.785302e-06,2.671898e+01,1.585943e-11,3.404054e-04,0.000000e+00,3.430060e-04,3.418534e-04,0.000000e+00,1.395697e-08,-2.638096e-12,2.712399e-10,0.000000e+00,0.000000e+00,0.000000e+00,1.395697e-08,0.0000,99.8386,0.1614,1.464017e+02
157700,5.788973e-06,2.671980e+01,1.585991e-11,3.423407e-04,0.000000e+00,3.419173e-04,3.422084e-04,0.000000e+00,1.390268e-08,2.507776e-13,2.298471e-10,0.000000e+00,0.000000e+00,0.000000e+00,1.390268e-08,0.0000,99.8386,0.1614,1.461938e+02
157800,5.792643e-06,2.670819e+01,1.585302e-11,3.424616e-04,0.000000e+00,3.394982e-04,3.443388e-04,0.000000e+00,1.380299e-08,-4.905692e-12,2.234432e-10,0.000000e+00,0.000000e+00,0.000000e+00,1.380299e-08,0.0000,99.8381,0.1619,1.461697e+02
157900,5.796314e-06,2.669070e+01,1.584264e-11,3.402542e-04,0.000000e+00,3.415545e-04,3.430828e-04,0.000000e+00,1.389900e-08,8.902879e-13,2.419412e-10,0.000000e+00,0.000000e+00,0.000000e+00,1.389900e-08,0.0000,99.8385,0.1615,1.464273e+02
158000,5.799985e-06,2.670220e+01,1.584947e-11,3.448808e-04,0.000000e+00,3.434293e-04,3.430206e-04,0.000000e+00,1.396303e-08,-4.449279e-12,2.528872e-10,0.000000e+00,0.000000e+00,0.000000e+00,1.396303e-08,0.0000,99.8383,0.1617,1.461761e+02
158100,5.803656e-06,2.671571e+01,1.585748e-11,3.439131e-04,0.000000e+00,3.413126e-04,3.417291e-04,0.000000e+00,1.388999e-08,3.564635e-14,2.358332e-10,0.000000e+00,0.000000e+00,0.000000e+00,1.388999e-08,0.0000,99.8379,0.1621,1.464488e+02
158200,5.807327e-06,2.670481e+01,1.585101e-11,3.398913e-04,0.000000e+00,3.430362e-04,3.416537e-04,0.000000e+00,1.396121e-08,2.844866e-12,2.695951e-10,0.000000e+00,0.000000e+00,0.000000e+00,1.396121e-08,0.0000,99.8386,0.1614,1.464633e+02
158300,5.810998e-06,2.669266e+01,1.584380e-11,3.402844e-04,0.000000e+00,3.446086e-04,3.422484e-04,0.000000e+00,1.402205e-08,-1.507391e-12,2.323051e-10,0.000000e+00,0.000000e+00,0.000000e+00,1.402205e-08,0.0000,99.8396,0.1604,1.464061e+02
158400,5.814669e-06,2.672005e+01,1.586006e-11,3.449110e-04,0.000000e+00,3.394982e-04,3.404820e-04,0.000000e+00,1.381276e-08,-3.633408e-12,2.540313e-10,0.000000e+00,0.000000e+00,0.000000e+00,1.381276e-08,0.0000,99.8386,0.1614,1.463753e+02
158500,5.818340e-06,2.672676e+01,1.586404e-11,3.422802e-04,0.000000e+00,3.409799e-04,3.411965e-04,0.000000e+00,1.386561e-08,9.147197e-13,2.492751e-10,0.000000e+00,0.000000e+00,0.000000e+00,1.386561e-08,0.0000,99.8385,0.1615,1.462169e+02
158600,5.822010e-06,2.670013e+01,1.584824e-11,3.382584e-04,0.000000e+00,3.439434e-04,3.425635e-04,0.000000e+00,1.399547e-08,-7.087203e-12,2.221731e-10,0.000000e+00,0.000000e+00,0.000000e+00,1.399547e-08,0.0000,99.8397,0.1603,1.464098e+02
158700,5.825681e-06,2.671983e+01,1.585993e-11,3.434596e-04,0.000000e+00,3.420988e-04,3.402737e-04,0.000000e+00,1.391532e-08,-8.667789e-12,2.558489e-10,0.000000e+00,0.000000e+00,0.000000e+00,1.391532e-08,0.0000,99.8395,0.1605,1.463119e+02
158800,5.829352e-06,2.671640e+01,1.585790e-11,3.418266e-04,0.000000e+00,3.401635e-04,3.423816e-04,0.000000e+00,1.382834e-08,2.666504e-12,2.185042e-10,0.000000e+00,0.000000e+00,0.000000e+00,1.382834e-08,0.0000,99.8393,0.1607,1.461308e+02
158900,5.833023e-06,2.672159e+01,1.586097e-11,3.405263e-04,0.000000e+00,3.417964e-04,3.396875e-04,0.000000e+00,1.391164e-08,-4.849417e-12,2.566130e-10,0.000000e+00,0.000000e+00,0.000000e+00,1.391164e-08,0.0000,99.8397,0.1603,1.464851e+02
159000,5.836694e-06,2.672793e+01,1.586474e-11,3.426128e-04,0.000000e+00,3.421290e-04,3.415871e-04,0.000000e+00,1.391680e-08,8.079846e-13,2.542556e-10,0.000000e+00,0.000000e+00,0.000000e+00,1.391680e-08,0.0000,99.8397,0.1603,1.463120e+02
159100,5.840365e-06,2.671817e+01,1.585895e-11,3.399820e-04,0.000000e+00,3.387120e-04,3.415605e-04,0.000000e+00,1.378148e-08,-6.147401e-12,2.388408e-10,0.000000e+00,0.000000e+00,0.000000e+00,1.378148e-08,0.0000,99.8395,0.1605,1.463887e+02
159200,5.844036e-06,2.672292e+01,1.586177e-11,3.417964e-04,0.000000e+00,3.438527e-04,3.410279e-04,0.000000e+00,1.398321e-08,1.338239e-12,2.445812e-10,0.000000e+00,0.000000e+00,0.000000e+00,1.398321e-08,0.0000,99.8400,0.1600,1.462289e+02
159300,5.847707e-06,2.673114e+01,1.586665e-11,3.420685e-04,0.000000e+00,3.438527e-04,3.407394e-04,0.000000e+00,1.398535e-08,-9.320921e-12,2.292547e-10,0.000000e+00,0.000000e+00,0.000000e+00,1.398535e-08,0.0000,99.8405,0.1595,1.462798e+02
159400,5.851377e-06,2.673761e+01,1.587048e-11,3.433386e-04,0.000000e+00,3.373814e-04,3.422928e-04,0.000000e+00,1.372645e-08,-3.061752e-12,2.439330e-10,0.000000e+00,0.000000e+00,0.000000e+00,1.372645e-08,0.0000,99.8394,0.1606,1.463648e+02
159500,5.855048e-06,2.675201e+01,1.587903e-11,3.430060e-04,0.000000e+00,3.446691e-04,3.406773e-04,0.000000e+00,1.402360e-08,-3.295992e-12,2.435845e-10,0.000000e+00,0.000000e+00,0.000000e+00,1.402360e-08,0.0000,99.8399,0.1601,1.463864e+02
159600,5.858719e-06,2.676158e+01,1.588471e-11,3.428850e-04,0.000000e+00,3.404961e-04,3.413386e-04,0.000000e+00,1.385013e-08,-6.086049e-12,2.472260e-10,0.000000e+00,0.000000e+00,0.000000e+00,1.385013e-08,0.0000,99.8395,0.1605,1.463098e+02
159700,5.862390e-06,2.676037e+01,1.588399e-11,3.421290e-04,0.000000e+00,3.445179e-04,3.423238e-04,0.000000e+00,1.401156e-08,-1.802743e-12,2.533091e-10,0.000000e+00,0.000000e+00,0.000000e+00,1.401156e-08,0.0000,99.8401,0.1599,1.462682e+02
159800,5.866061e-06,2.675817e+01,1.588269e-11,3.447901e-04,0.000000e+00,3.417964e-04,3.451465e-04,0.000000e+00,1.390828e-08,3.854222e-12,2.481768e-10,0.000000e+00,0.000000e+00,0.000000e+00,1.390828e-08,0.0000,99.8396,0.1604,1.464219e+02
159900,5.869732e-06,2.676456e+01,1.588648e-11,3.423407e-04,0.000000e+00,3.425826e-04,3.413075e-04,0.000000e+00,1.393555e-08,3.324308e-13,2.556543e-10,0.000000e+00,0.000000e+00,0.000000e+00,1.393555e-08,0.0000,99.8398,0.1602,1.463245e+02
160000,5.873403e-06,2.676460e+01,1.588650e-11,3.417359e-04,0.000000e+00,3.445482e-04,3.417291e-04,0.000000e+00,1.401208e-08,-5.155698e-12,2.320551e-10,0.000000e+00,0.000000e+00,0.000000e+00,1.401208e-08,0.0000,99.8404,0.1596,1.462530e+02
160100,5.877074e-06,2.677847e+01,1.589474e-11,3.420988e-04,0.000000e+00,3.415545e-04,3.398562e-04,0.000000e+00,1.389242e-08,1.901081e-12,2.315124e-10,0.000000e+00,0.000000e+00,0.000000e+00,1.389242e-08,0.0000,99.8404,0.1596,1.462888e+02
160200,5.880744e-06,2.676701e+01,1.588793e-11,3.409497e-04,0.000000e+00,3.437015e-04,3.428032e-04,0.000000e+00,1.398130e-08,2.540918e-12,2.635680e-10,0.000000e+00,0.000000e+00,0.000000e+00,1.398130e-08,0.0000,99.8410,0.1590,1.463315e+02
160300,5.884415e-06,2.678670e+01,1.589962e-11,3.466045e-04,0.000000e+00,3.414637e-04,3.434209e-04,0.000000e+00,1.388425e-08,2.070537e-12,2.393374e-10,0.000000e+00,0.000000e+00,0.000000e+00,1.388425e-08,0.0000,99.8401,0.1599,1.461953e+02
160400,5.888086e-06,2.678431e+01,1.589820e-11,3.418266e-04,0.000000e+00,3.401332e-04,3.422129e-04,0.000000e+00,1.382957e-08,-5.046333e-12,2.529187e-10,0.000000e+00,0.000000e+00,0.000000e+00,1.382957e-08,0.0000,99.8399,0.1601,1.461868e+02
160500,5.891757e-06,2.677439e+01,1.589231e-11,3.417057e-04,0.000000e+00,3.437922e-04,3.433091e-04,0.000000e+00,1.398404e-08,-1.896515e-12,2.424177e-10,0.000000e+00,0.000000e+00,0.000000e+00,1.398404e-08,0.0000,99.8404,0.1596,1.463112e+02
160600,5.895428e-06,2.676841e+01,1.588877e-11,3.422802e-04,0.000000e+00,3.468161e-04,3.432470e-04,0.000000e+00,1.409595e-08,-5.574387e-12,2.390890e-10,0.000000e+00,0.000000e+00,0.000000e+00,1.409595e-08,0.0000,99.8414,0.1586,1.460831e+02
160700,5.899099e-06,2.675941e+01,1.588342e-11,3.422802e-04,0.000000e+00,3.388632e-04,3.437352e-04,0.000000e+00,1.377540e-08,9.567427e-12,2.700139e-10,0.000000e+00,0.000000e+00,0.000000e+00,1.377540e-08,0.0000,99.8408,0.1592,1.461333e+02
160800,5.902770e-06,2.673811e+01,1.587078e-11,3.395889e-04,0.000000e+00,3.423105e-04,3.430340e-04,0.000000e+00,1.392784e-08,-5.678027e-12,2.513614e-10,0.000000e+00,0.000000e+00,0.000000e+00,1.392784e-08,0.0000,99.8414,0.1586,1.463938e+02
160900,5.906441e-06,2.672588e+01,1.586352e-11,3.412218e-04,0.000000e+00,3.426431e-04,3.431982e-04,0.000000e+00,1.393164e-08,-1.039652e-12,2.307029e-10,0.000000e+00,0.000000e+00,0.000000e+00,1.393164e-08,0.0000,99.8418,0.1582,1.461848e+02
161000,5.910111e-06,2.672162e+01,1.586099e-11,3.423709e-04,0.000000e+00,3.411916e-04,3.430606e-04,0.000000e+00,1.388275e-08,-5.322777e-12,2.406025e-10,0.000000e+00,0.000000e+00,0.000000e+00,1.388275e-08,0.0000,99.8417,0.1583,1.464040e+02
161100,5.913782e-06,2.670908e+01,1.585355e-11,3.407985e-04,0.000000e+00,3.405868e-04,3.428255e-04,0.000000e+00,1.386112e-08,-2.815803e-12,2.525846e-10,0.000000e+00,0.000000e+00,0.000000e+00,1.386112e-08,0.0000,99.8417,0.1583,1.464628e+02
161200,5.917453e-06,2.670775e+01,1.585276e-11,3.416149e-04,0.000000e+00,3.427338e-04,3.418312e-04,0.000000e+00,1.394463e-08,2.115541e-12,2.323288e-10,0.000000e+00,0.000000e+00,0.000000e+00,1.394463e-08,0.0000,99.8421,0.1579,1.463797e+02
161300,5.921124e-06,2.668054e+01,1.583661e-11,3.384700e-04,0.000000e+00,3.411916e-04,3.428697e-04,0.000000e+00,1.388273e-08,-1.520415e-12,2.424301e-10,0.000000e+00,0.000000e+00,0.000000e+00,1.388273e-08,0.0000,99.8427,0.1573,1.463968e+02
161400,5.924795e-06,2.669312e+01,1.584407e-11,3.448506e-04,0.000000e+00,3.415242e-04,3.428165e-04,0.000000e+00,1.389368e-08,2.946465e-12,2.416283e-10,0.000000e+00,0.000000e+00,0.000000e+00,1.389368e-08,0.0000,99.8421,0.1579,1.463418e+02
161500,5.928466e-06,2.669981e+01,1.584805e-11,3.413428e-04,0.000000e+00,3.397099e-04,3.402601e-04,0.000000e+00,1.382549e-08,-2.372801e-12,2.590548e-10,0.000000e+00,0.000000e+00,0.000000e+00,1.382549e-08,0.0000,99.8419,0.1581,1.464633e+02
161600,5.932137e-06,2.670398e+01,1.585052e-11,3.418266e-04,0.000000e+00,3.427640e-04,3.411522e-04,0.000000e+00,1.394203e-08,-6.190278e-12,2.417885e-10,0.000000e+00,0.000000e+00,0.000000e+00,1.394203e-08,0.0000,99.8422,0.1578,1.463104e+02
161700,5.935808e-06,2.669467e+01,1.584500e-11,3.410404e-04,0.000000e+00,3.405566e-04,3.425457e-04,0.000000e+00,1.385500e-08,-5.403051e-12,2.519935e-10,0.000000e+00,0.000000e+00,0.000000e+00,1.385500e-08,0.0000,99.8422,0.1578,1.463513e+02
161800,5.939478e-06,2.670567e+01,1.585153e-11,3.434898e-04,0.000000e+00,3.428548e-04,3.417114e-04,0.000000e+00,1.394836e-08,6.467812e-13,2.339731e-10,0.000000e+00,0.000000e+00,0.000000e+00,1.394836e-08,0.0000,99.8422,0.1578,1.463533e+02
161900,5.943149e-06,2.671203e+01,1.585530e-11,3.417359e-04,0.000000e+00,3.403146e-04,3.407083e-04,0.000000e+00,1.383999e-08,-3.798084e-12,2.374263e-10,0.000000e+00,0.000000e+00,0.000000e+00,1.383999e-08,0.0000,99.8420,0.1580,1.462495e+02
162000,5.946820e-06,2.671470e+01,1.585689e-11,3.433688e-04,0.000000e+00,3.429757e-04,3.429363e-04,0.000000e+00,1.395312e-08,8.038326e-12,2.353795e-10,0.000000e+00,0.000000e+00,0.000000e+00,1.395312e-08,0.0000,99.8421,0.1579,1.463470e+02
162100,5.950491e-06,2.671538e+01,1.585729e-11,3.436712e-04,0.000000e+00,3.440039e-04,3.435621e-04,0.000000e+00,1.399100e-08,-2.523151e-12,2.611486e-10,0.000000e+00,0.000000e+00,0.000000e+00,1.399100e-08,0.0000,99.8422,0.1578,1.462674e+02
162200,5.954162e-06,2.670791e+01,1.585285e-11,3.418266e-04,0.000000e+00,3.411916e-04,3.430340e-04,0.000000e+00,1.387429e-08,-4.559320e-12,2.474886e-10,0.000000e+00,0.000000e+00,0.000000e+00,1.387429e-08,0.0000,99.8422,0.1578,1.462170e+02
162300,5.957833e-06,2.670249e+01,1.584964e-11,3.406170e-04,0.000000e+00,3.427640e-04,3.414939e-04,0.000000e+00,1.394239e-08,-4.552980e-12,2.417871e-10,0.000000e+00,0.000000e+00,0.000000e+00,1.394239e-08,0.0000,99.8427,0.1573,1.463082e+02
162400,5.961504e-06,2.669104e+01,1.584284e-11,3.402239e-04,0.000000e+00,3.440341e-04,3.420753e-04,0.000000e+00,1.398827e-08,-6.450679e-12,2.329707e-10,0.000000e+00,0.000000e+00,0.000000e+00,1.398827e-08,0.0000,99.8435,0.1565,1.461846e+02
162500,5.965175e-06,2.669587e+01,1.584571e-11,3.416452e-04,0.000000e+00,3.407682e-04,3.408637e-04,0.000000e+00,1.385728e-08,-5.906954e-12,2.439991e-10,0.000000e+00,0.000000e+00,0.000000e+00,1.385728e-08,0.0000,99.8435,0.1565,1.462276e+02
162600,5.968845e-06,2.671367e+01,1.585628e-11,3.433386e-04,0.000000e+00,3.415545e-04,3.404598e-04,0.000000e+00,1.389008e-08,1.681759e-12,2.448479e-10,0.000000e+00,0.000000e+00,0.000000e+00,1.389008e-08,0.0000,99.8432,0.1568,1.462416e+02
162700,5.972516e-06,2.670704e+01,1.585234e-11,3.411311e-04,0.000000e+00,3.402542e-04,3.422040e-04,0.000000e+00,1.384320e-08,4.763457e-14,2.528869e-10,0.000000e+00,0.000000e+00,0.000000e+00,1.384320e-08,0.0000,99.8432,0.1568,1.463596e+02
162800,5.976187e-06,2.672505e+01,1.586303e-11,3.433991e-04,0.000000e+00,3.415847e-04,3.404864e-04,0.000000e+00,1.390291e-08,9.901207e-13,2.542069e-10,0.000000e+00,0.000000e+00,0.000000e+00,1.390291e-08,0.0000,99.8429,0.1571,1.464868e+02
162900,5.979858e-06,2.673589e+01,1.586946e-11,3.436410e-04,0.000000e+00,3.430664e-04,3.418889e-04,0.000000e+00,1.395759e-08,-8.154131e-12,2.267390e-10,0.000000e+00,0.000000e+00,0.000000e+00,1.395759e-08,0.0000,99.8429,0.1571,1.463696e+02
163000,5.983529e-06,2.676536e+01,1.588695e-11,3.452739e-04,0.000000e+00,3.420685e-04,3.405086e-04,0.000000e+00,1.391101e-08,-5.047519e-12,2.432175e-10,0.000000e+00,0.000000e+00,0.000000e+00,1.391101e-08,0.0000,99.8424,0.1576,1.462430e+02
163100,5.987200e-06,2.677914e+01,1.589513e-11,3.442458e-04,0.000000e+00,3.421593e-04,3.420176e-04,0.000000e+00,1.391596e-08,2.321519e-12,2.569867e-10,0.000000e+00,0.000000e+00,0.000000e+00,1.391596e-08,0.0000,99.8421,0.1579,1.462686e+02
163200,5.990871e-06,2.679132e+01,1.590236e-11,3.434898e-04,0.000000e+00,3.430060e-04,3.415205e-04,0.000000e+00,1.394913e-08,-1.732772e-12,2.355138e-10,0.000000e+00,0.000000e+00,0.000000e+00,1.394913e-08,0.0000,99.8422,0.1578,1.462451e+02
163300,5.994542e-06,2.677520e+01,1.589280e-11,3.411916e-04,0.000000e+00,3.480862e-04,3.437973e-04,0.000000e+00,1.415288e-08,8.410049e-13,2.368567e-10,0.000000e+00,0.000000e+00,0.000000e+00,1.415288e-08,0.0000,99.8435,0.1565,1.461929e+02
163400,5.998213e-06,2.676939e+01,1.588935e-11,3.408287e-04,0.000000e+00,3.441551e-04,3.417691e-04,0.000000e+00,1.399356e-08,4.039828e-12,2.337637e-10,0.000000e+00,0.000000e+00,0.000000e+00,1.399356e-08,0.0000,99.8442,0.1558,1.462024e+02
163440,5.999681e-06,2.677630e+01,1.589345e-11,3.440492e-04,0.000000e+00,3.440492e-04,3.412542e-04,0.000000e+00,1.398540e-08,1.202079e-11,2.044018e-10,0.000000e+00,0.000000e+00,0.000000e+00,1.398540e-08,0.0000,99.8443,0.1557,1.461110e+02
